date,rule_id,feed_code,run_seq,units_checked,units_failed,minutes_late
2026-04-01,R-001,POS,1,2210226,0,
2026-04-01,R-002,POS,1,4,0,0
2026-04-01,R-003,POS,1,2210226,0,
2026-04-01,R-004,POS,1,16789072,0,
2026-04-01,R-005,POS,1,2210226,0,
2026-04-01,R-006,POS,1,2210226,0,
2026-04-01,R-007,ECOM,1,140064,0,
2026-04-01,R-008,ECOM,1,140064,0,
2026-04-01,R-009,ECOM,1,140064,0,
2026-04-01,R-010,GL,1,91773,0,
2026-04-01,R-011,GL,1,91773,0,
2026-04-01,R-012,GL,1,1,0,0
2026-04-01,R-013,LOY,1,1841474,0,
2026-04-01,R-014,LOY,1,1841474,3491,
2026-04-01,R-015,LOY,1,1841474,0,
2026-04-01,R-016,ECOM,1,987073,0,
2026-04-01,R-017,EDI,1,3,0,0
2026-04-01,R-018,EDI,1,8394,0,
2026-04-01,R-019,EDI,1,8394,0,
2026-04-01,R-020,EDI,1,8394,0,
2026-04-01,R-022,EDI,1,1505354,0,
2026-04-01,R-023,ECOM,1,1,0,0
2026-04-01,R-024,GL,1,91773,0,
2026-04-01,R-025,GL,1,91773,0,
2026-04-01,R-026,GL,1,40934184,0,
2026-04-01,R-027,LOG,1,30538,0,
2026-04-01,R-028,LOG,1,2,0,0
2026-04-01,R-029,LOG,1,30538,0,
2026-04-01,R-030,LOG,1,30538,0,
2026-04-01,R-031,LOG,1,30538,0,
2026-04-01,R-032,LOY,1,1,0,0
2026-04-01,R-033,LOY,1,1841474,0,
2026-04-01,R-034,LOY,1,1841474,0,
2026-04-01,R-035,PRD,1,83780,0,
2026-04-01,R-036,PRD,1,1,0,0
2026-04-01,R-037,PRD,1,83780,0,
2026-04-01,R-038,PRD,1,83780,0,
2026-04-01,R-039,PRD,1,83780,0,
2026-04-01,R-040,STO,1,641,0,
2026-04-01,R-041,STO,1,1,0,0
2026-04-01,R-042,STO,1,641,0,
2026-04-01,R-043,STO,1,641,0,
2026-04-01,R-044,STO,1,641,0,
2026-04-01,R-045,ECOM,1,140064,0,
2026-04-01,R-046,ECOM,1,140064,0,
2026-04-01,R-047,EDI,1,8394,0,
2026-04-01,R-048,POS,1,2210226,0,
2026-04-02,R-001,POS,1,2287932,0,
2026-04-02,R-002,POS,1,4,0,0
2026-04-02,R-003,POS,1,2287932,0,
2026-04-02,R-004,POS,1,17552622,0,
2026-04-02,R-005,POS,1,2287932,0,
2026-04-02,R-006,POS,1,2287932,0,
2026-04-02,R-007,ECOM,1,141370,0,
2026-04-02,R-008,ECOM,1,141370,0,
2026-04-02,R-009,ECOM,1,141370,0,
2026-04-02,R-010,GL,1,92019,0,
2026-04-02,R-011,GL,1,92019,0,
2026-04-02,R-012,GL,1,1,0,0
2026-04-02,R-013,LOY,1,1841861,0,
2026-04-02,R-014,LOY,1,1841861,3693,
2026-04-02,R-015,LOY,1,1841861,0,
2026-04-02,R-016,ECOM,1,1005178,0,
2026-04-02,R-017,EDI,1,3,0,0
2026-04-02,R-018,EDI,1,8645,0,
2026-04-02,R-019,EDI,1,8645,0,
2026-04-02,R-020,EDI,1,8645,0,
2026-04-02,R-022,EDI,1,1545223,0,
2026-04-02,R-023,ECOM,1,1,0,0
2026-04-02,R-024,GL,1,92019,0,
2026-04-02,R-025,GL,1,92019,0,
2026-04-02,R-026,GL,1,41095820,0,
2026-04-02,R-027,LOG,1,30984,0,
2026-04-02,R-028,LOG,1,2,0,0
2026-04-02,R-029,LOG,1,30984,0,
2026-04-02,R-030,LOG,1,30984,0,
2026-04-02,R-031,LOG,1,30984,0,
2026-04-02,R-032,LOY,1,1,0,0
2026-04-02,R-033,LOY,1,1841861,0,
2026-04-02,R-034,LOY,1,1841861,0,
2026-04-02,R-035,PRD,1,83791,0,
2026-04-02,R-036,PRD,1,1,0,0
2026-04-02,R-037,PRD,1,83791,0,
2026-04-02,R-038,PRD,1,83791,0,
2026-04-02,R-039,PRD,1,83791,0,
2026-04-02,R-040,STO,1,641,0,
2026-04-02,R-041,STO,1,1,0,0
2026-04-02,R-042,STO,1,641,0,
2026-04-02,R-043,STO,1,641,0,
2026-04-02,R-044,STO,1,641,0,
2026-04-02,R-045,ECOM,1,141370,0,
2026-04-02,R-046,ECOM,1,141370,0,
2026-04-02,R-047,EDI,1,8645,0,
2026-04-02,R-048,POS,1,2287932,0,
2026-04-03,R-001,POS,1,2519658,0,
2026-04-03,R-002,POS,1,4,0,0
2026-04-03,R-003,POS,1,2519658,0,
2026-04-03,R-004,POS,1,19192559,0,
2026-04-03,R-005,POS,1,2519658,0,
2026-04-03,R-006,POS,1,2519658,0,
2026-04-03,R-007,ECOM,1,144522,0,
2026-04-03,R-008,ECOM,1,144522,0,
2026-04-03,R-009,ECOM,1,144522,0,
2026-04-03,R-010,GL,1,95856,0,
2026-04-03,R-011,GL,1,95856,0,
2026-04-03,R-012,GL,1,1,0,0
2026-04-03,R-013,LOY,1,1842151,0,
2026-04-03,R-014,LOY,1,1842151,3476,
2026-04-03,R-015,LOY,1,1842151,0,
2026-04-03,R-016,ECOM,1,1017753,0,
2026-04-03,R-017,EDI,1,3,0,0
2026-04-03,R-018,EDI,1,8711,0,
2026-04-03,R-019,EDI,1,8711,0,
2026-04-03,R-020,EDI,1,8711,0,
2026-04-03,R-022,EDI,1,1550991,0,
2026-04-03,R-023,ECOM,1,1,0,0
2026-04-03,R-024,GL,1,95856,0,
2026-04-03,R-025,GL,1,95856,0,
2026-04-03,R-026,GL,1,42582475,0,
2026-04-03,R-027,LOG,1,30859,0,
2026-04-03,R-028,LOG,1,2,0,0
2026-04-03,R-029,LOG,1,30859,0,
2026-04-03,R-030,LOG,1,30859,0,
2026-04-03,R-031,LOG,1,30859,0,
2026-04-03,R-032,LOY,1,1,0,0
2026-04-03,R-033,LOY,1,1842151,0,
2026-04-03,R-034,LOY,1,1842151,0,
2026-04-03,R-035,PRD,1,83801,0,
2026-04-03,R-036,PRD,1,1,0,0
2026-04-03,R-037,PRD,1,83801,0,
2026-04-03,R-038,PRD,1,83801,0,
2026-04-03,R-039,PRD,1,83801,0,
2026-04-03,R-040,STO,1,641,0,
2026-04-03,R-041,STO,1,1,0,0
2026-04-03,R-042,STO,1,641,0,
2026-04-03,R-043,STO,1,641,0,
2026-04-03,R-044,STO,1,641,0,
2026-04-03,R-045,ECOM,1,144522,0,
2026-04-03,R-046,ECOM,1,144522,0,
2026-04-03,R-047,EDI,1,8711,0,
2026-04-03,R-048,POS,1,2519658,0,
2026-04-04,R-001,POS,1,2808997,0,
2026-04-04,R-002,POS,1,4,0,0
2026-04-04,R-003,POS,1,2808997,0,
2026-04-04,R-004,POS,1,21531354,0,
2026-04-04,R-005,POS,1,2808997,0,
2026-04-04,R-006,POS,1,2808997,0,
2026-04-04,R-007,ECOM,1,132502,0,
2026-04-04,R-008,ECOM,1,132502,0,
2026-04-04,R-009,ECOM,1,132502,0,
2026-04-04,R-013,LOY,1,1842550,0,
2026-04-04,R-014,LOY,1,1842550,3873,
2026-04-04,R-015,LOY,1,1842550,0,
2026-04-04,R-016,ECOM,1,943082,0,
2026-04-04,R-017,EDI,1,3,0,9
2026-04-04,R-018,EDI,1,7945,0,
2026-04-04,R-019,EDI,1,7945,0,
2026-04-04,R-020,EDI,1,7945,0,
2026-04-04,R-022,EDI,1,1412448,0,
2026-04-04,R-023,ECOM,1,1,0,0
2026-04-04,R-027,LOG,1,28305,0,
2026-04-04,R-028,LOG,1,2,0,0
2026-04-04,R-029,LOG,1,28305,0,
2026-04-04,R-030,LOG,1,28305,0,
2026-04-04,R-031,LOG,1,28305,0,
2026-04-04,R-032,LOY,1,1,0,0
2026-04-04,R-033,LOY,1,1842550,0,
2026-04-04,R-034,LOY,1,1842550,0,
2026-04-04,R-035,PRD,1,83802,0,
2026-04-04,R-036,PRD,1,1,0,0
2026-04-04,R-037,PRD,1,83802,0,
2026-04-04,R-038,PRD,1,83802,0,
2026-04-04,R-039,PRD,1,83802,0,
2026-04-04,R-040,STO,1,641,0,
2026-04-04,R-041,STO,1,1,0,0
2026-04-04,R-042,STO,1,641,0,
2026-04-04,R-043,STO,1,641,0,
2026-04-04,R-044,STO,1,641,0,
2026-04-04,R-045,ECOM,1,132502,0,
2026-04-04,R-046,ECOM,1,132502,0,
2026-04-04,R-047,EDI,1,7945,0,
2026-04-04,R-048,POS,1,2808997,0,
2026-04-05,R-001,POS,1,2433636,0,
2026-04-05,R-002,POS,1,4,0,0
2026-04-05,R-003,POS,1,2433636,0,
2026-04-05,R-004,POS,1,18492181,0,
2026-04-05,R-005,POS,1,2433636,0,
2026-04-05,R-006,POS,1,2433636,0,
2026-04-05,R-007,ECOM,1,145916,0,
2026-04-05,R-008,ECOM,1,145916,0,
2026-04-05,R-009,ECOM,1,145916,0,
2026-04-05,R-013,LOY,1,1842852,0,
2026-04-05,R-014,LOY,1,1842852,3454,
2026-04-05,R-015,LOY,1,1842852,0,
2026-04-05,R-016,ECOM,1,1035316,0,
2026-04-05,R-023,ECOM,1,1,0,0
2026-04-05,R-027,LOG,1,21595,0,
2026-04-05,R-028,LOG,1,2,0,0
2026-04-05,R-029,LOG,1,21595,0,
2026-04-05,R-030,LOG,1,21595,0,
2026-04-05,R-031,LOG,1,21595,0,
2026-04-05,R-032,LOY,1,1,0,0
2026-04-05,R-033,LOY,1,1842852,0,
2026-04-05,R-034,LOY,1,1842852,0,
2026-04-05,R-035,PRD,1,83805,0,
2026-04-05,R-036,PRD,1,1,0,0
2026-04-05,R-037,PRD,1,83805,0,
2026-04-05,R-038,PRD,1,83805,0,
2026-04-05,R-039,PRD,1,83805,0,
2026-04-05,R-040,STO,1,641,0,
2026-04-05,R-041,STO,1,1,0,0
2026-04-05,R-042,STO,1,641,0,
2026-04-05,R-043,STO,1,641,0,
2026-04-05,R-044,STO,1,641,0,
2026-04-05,R-045,ECOM,1,145916,0,
2026-04-05,R-046,ECOM,1,145916,0,
2026-04-05,R-048,POS,1,2433636,0,
2026-04-06,R-001,POS,1,2262400,0,
2026-04-06,R-002,POS,1,4,0,0
2026-04-06,R-003,POS,1,2262400,0,
2026-04-06,R-004,POS,1,17283153,0,
2026-04-06,R-005,POS,1,2262400,0,
2026-04-06,R-006,POS,1,2262400,0,
2026-04-06,R-007,ECOM,1,156077,0,
2026-04-06,R-008,ECOM,1,156077,0,
2026-04-06,R-009,ECOM,1,156077,0,
2026-04-06,R-010,GL,1,91117,0,
2026-04-06,R-011,GL,1,91117,0,
2026-04-06,R-012,GL,1,1,0,0
2026-04-06,R-013,LOY,1,1843163,0,
2026-04-06,R-014,LOY,1,1843163,3990,
2026-04-06,R-015,LOY,1,1843163,0,
2026-04-06,R-016,ECOM,1,1103828,0,
2026-04-06,R-017,EDI,1,3,0,0
2026-04-06,R-018,EDI,1,9911,0,
2026-04-06,R-019,EDI,1,9911,0,
2026-04-06,R-020,EDI,1,9911,0,
2026-04-06,R-022,EDI,1,1775178,0,
2026-04-06,R-023,ECOM,1,1,0,0
2026-04-06,R-024,GL,1,91117,0,
2026-04-06,R-025,GL,1,91117,0,
2026-04-06,R-026,GL,1,40684792,0,
2026-04-06,R-027,LOG,1,31097,0,
2026-04-06,R-028,LOG,1,2,0,0
2026-04-06,R-029,LOG,1,31097,0,
2026-04-06,R-030,LOG,1,31097,0,
2026-04-06,R-031,LOG,1,31097,0,
2026-04-06,R-032,LOY,1,1,0,0
2026-04-06,R-033,LOY,1,1843163,0,
2026-04-06,R-034,LOY,1,1843163,0,
2026-04-06,R-035,PRD,1,83807,0,
2026-04-06,R-036,PRD,1,1,0,0
2026-04-06,R-037,PRD,1,83807,0,
2026-04-06,R-038,PRD,1,83807,0,
2026-04-06,R-039,PRD,1,83807,0,
2026-04-06,R-040,STO,1,641,0,
2026-04-06,R-041,STO,1,1,0,0
2026-04-06,R-042,STO,1,641,0,
2026-04-06,R-043,STO,1,641,0,
2026-04-06,R-044,STO,1,641,0,
2026-04-06,R-045,ECOM,1,156077,0,
2026-04-06,R-046,ECOM,1,156077,0,
2026-04-06,R-047,EDI,1,9911,0,
2026-04-06,R-048,POS,1,2262400,0,
2026-04-07,R-001,POS,1,2124770,0,
2026-04-07,R-002,POS,1,4,0,0
2026-04-07,R-003,POS,1,2124770,0,
2026-04-07,R-004,POS,1,16328420,0,
2026-04-07,R-005,POS,1,2124770,0,
2026-04-07,R-006,POS,1,2124770,0,
2026-04-07,R-007,ECOM,1,141529,0,
2026-04-07,R-008,ECOM,1,141529,0,
2026-04-07,R-009,ECOM,1,141529,0,
2026-04-07,R-010,GL,1,90543,0,
2026-04-07,R-011,GL,1,90543,0,
2026-04-07,R-012,GL,1,1,0,0
2026-04-07,R-013,LOY,1,1843539,0,
2026-04-07,R-014,LOY,1,1843539,3910,
2026-04-07,R-015,LOY,1,1843539,0,
2026-04-07,R-016,ECOM,1,1005860,0,
2026-04-07,R-017,EDI,1,3,0,0
2026-04-07,R-018,EDI,1,8628,0,
2026-04-07,R-019,EDI,1,8628,0,
2026-04-07,R-020,EDI,1,8628,0,
2026-04-07,R-022,EDI,1,1532637,0,
2026-04-07,R-023,ECOM,1,1,0,0
2026-04-07,R-024,GL,1,90543,0,
2026-04-07,R-025,GL,1,90543,0,
2026-04-07,R-026,GL,1,40416901,0,
2026-04-07,R-027,LOG,1,31274,0,
2026-04-07,R-028,LOG,1,2,0,0
2026-04-07,R-029,LOG,1,31274,0,
2026-04-07,R-030,LOG,1,31274,0,
2026-04-07,R-031,LOG,1,31274,0,
2026-04-07,R-032,LOY,1,1,0,0
2026-04-07,R-033,LOY,1,1843539,0,
2026-04-07,R-034,LOY,1,1843539,0,
2026-04-07,R-035,PRD,1,83815,0,
2026-04-07,R-036,PRD,1,1,0,0
2026-04-07,R-037,PRD,1,83815,0,
2026-04-07,R-038,PRD,1,83815,0,
2026-04-07,R-039,PRD,1,83815,0,
2026-04-07,R-040,STO,1,641,0,
2026-04-07,R-041,STO,1,1,0,0
2026-04-07,R-042,STO,1,641,0,
2026-04-07,R-043,STO,1,641,0,
2026-04-07,R-044,STO,1,641,0,
2026-04-07,R-045,ECOM,1,141529,0,
2026-04-07,R-046,ECOM,1,141529,0,
2026-04-07,R-047,EDI,1,8628,0,
2026-04-07,R-048,POS,1,2124770,0,
2026-04-08,R-001,POS,1,2233349,0,
2026-04-08,R-002,POS,1,4,0,0
2026-04-08,R-003,POS,1,2233349,0,
2026-04-08,R-004,POS,1,17019716,0,
2026-04-08,R-005,POS,1,2233349,0,
2026-04-08,R-006,POS,1,2233349,0,
2026-04-08,R-007,ECOM,1,136259,0,
2026-04-08,R-008,ECOM,1,136259,0,
2026-04-08,R-009,ECOM,1,136259,0,
2026-04-08,R-010,GL,1,89069,0,
2026-04-08,R-011,GL,1,89069,0,
2026-04-08,R-012,GL,1,1,0,0
2026-04-08,R-013,LOY,1,1843913,0,
2026-04-08,R-014,LOY,1,1843913,3581,
2026-04-08,R-015,LOY,1,1843913,0,
2026-04-08,R-016,ECOM,1,970338,0,
2026-04-08,R-017,EDI,1,3,0,0
2026-04-08,R-018,EDI,1,8373,0,
2026-04-08,R-019,EDI,1,8373,0,
2026-04-08,R-020,EDI,1,8373,0,
2026-04-08,R-022,EDI,1,1489387,0,
2026-04-08,R-023,ECOM,1,1,0,0
2026-04-08,R-024,GL,1,89069,0,
2026-04-08,R-025,GL,1,89069,0,
2026-04-08,R-026,GL,1,39630646,0,
2026-04-08,R-027,LOG,1,30166,0,
2026-04-08,R-028,LOG,1,2,0,0
2026-04-08,R-029,LOG,1,30166,0,
2026-04-08,R-030,LOG,1,30166,0,
2026-04-08,R-031,LOG,1,30166,0,
2026-04-08,R-032,LOY,1,1,0,0
2026-04-08,R-033,LOY,1,1843913,0,
2026-04-08,R-034,LOY,1,1843913,0,
2026-04-08,R-035,PRD,1,83824,0,
2026-04-08,R-036,PRD,1,1,0,0
2026-04-08,R-037,PRD,1,83824,0,
2026-04-08,R-038,PRD,1,83824,0,
2026-04-08,R-039,PRD,1,83824,0,
2026-04-08,R-040,STO,1,641,0,
2026-04-08,R-041,STO,1,1,0,0
2026-04-08,R-042,STO,1,641,0,
2026-04-08,R-043,STO,1,641,0,
2026-04-08,R-044,STO,1,641,0,
2026-04-08,R-045,ECOM,1,136259,0,
2026-04-08,R-046,ECOM,1,136259,0,
2026-04-08,R-047,EDI,1,8373,0,
2026-04-08,R-048,POS,1,2233349,0,
2026-04-09,R-001,POS,1,2338040,0,
2026-04-09,R-002,POS,1,4,0,0
2026-04-09,R-003,POS,1,2338040,0,
2026-04-09,R-004,POS,1,17946312,0,
2026-04-09,R-005,POS,1,2338040,0,
2026-04-09,R-006,POS,1,2338040,0,
2026-04-09,R-007,ECOM,1,139266,0,
2026-04-09,R-008,ECOM,1,139266,0,
2026-04-09,R-009,ECOM,1,139266,0,
2026-04-09,R-010,GL,1,90851,0,
2026-04-09,R-011,GL,1,90851,0,
2026-04-09,R-012,GL,1,1,0,10
2026-04-09,R-013,LOY,1,1844282,0,
2026-04-09,R-014,LOY,1,1844282,3793,
2026-04-09,R-015,LOY,1,1844282,0,
2026-04-09,R-016,ECOM,1,982592,0,
2026-04-09,R-017,EDI,1,3,0,0
2026-04-09,R-018,EDI,1,8636,0,
2026-04-09,R-019,EDI,1,8636,0,
2026-04-09,R-020,EDI,1,8636,0,
2026-04-09,R-022,EDI,1,1545868,0,
2026-04-09,R-023,ECOM,1,1,0,0
2026-04-09,R-024,GL,1,90851,0,
2026-04-09,R-025,GL,1,90851,0,
2026-04-09,R-026,GL,1,40210302,0,
2026-04-09,R-027,LOG,1,29828,0,
2026-04-09,R-028,LOG,1,2,0,0
2026-04-09,R-029,LOG,1,29828,0,
2026-04-09,R-030,LOG,1,29828,0,
2026-04-09,R-031,LOG,1,29828,0,
2026-04-09,R-032,LOY,1,1,0,0
2026-04-09,R-033,LOY,1,1844282,0,
2026-04-09,R-034,LOY,1,1844282,0,
2026-04-09,R-035,PRD,1,83825,0,
2026-04-09,R-036,PRD,1,1,0,0
2026-04-09,R-037,PRD,1,83825,0,
2026-04-09,R-038,PRD,1,83825,0,
2026-04-09,R-039,PRD,1,83825,0,
2026-04-09,R-040,STO,1,641,0,
2026-04-09,R-041,STO,1,1,0,0
2026-04-09,R-042,STO,1,641,0,
2026-04-09,R-043,STO,1,641,0,
2026-04-09,R-044,STO,1,641,0,
2026-04-09,R-045,ECOM,1,139266,0,
2026-04-09,R-046,ECOM,1,139266,0,
2026-04-09,R-047,EDI,1,8636,0,
2026-04-09,R-048,POS,1,2338040,0,
2026-04-10,R-001,POS,1,2565397,0,
2026-04-10,R-002,POS,1,4,0,0
2026-04-10,R-003,POS,1,2565397,0,
2026-04-10,R-004,POS,1,19676781,0,
2026-04-10,R-005,POS,1,2565397,0,
2026-04-10,R-006,POS,1,2565397,0,
2026-04-10,R-007,ECOM,1,141713,0,
2026-04-10,R-008,ECOM,1,141713,0,
2026-04-10,R-009,ECOM,1,141713,0,
2026-04-10,R-010,GL,1,95311,0,
2026-04-10,R-011,GL,1,95311,0,
2026-04-10,R-012,GL,1,1,0,0
2026-04-10,R-013,LOY,1,1844615,0,
2026-04-10,R-014,LOY,1,1844615,3735,
2026-04-10,R-015,LOY,1,1844615,0,
2026-04-10,R-016,ECOM,1,1003943,0,
2026-04-10,R-017,EDI,1,3,0,0
2026-04-10,R-018,EDI,1,8933,0,
2026-04-10,R-019,EDI,1,8933,0,
2026-04-10,R-020,EDI,1,8933,0,
2026-04-10,R-022,EDI,1,1591560,0,
2026-04-10,R-023,ECOM,1,1,0,0
2026-04-10,R-024,GL,1,95311,0,
2026-04-10,R-025,GL,1,95311,0,
2026-04-10,R-026,GL,1,42228502,0,
2026-04-10,R-027,LOG,1,30799,0,
2026-04-10,R-028,LOG,1,2,0,0
2026-04-10,R-029,LOG,1,30799,0,
2026-04-10,R-030,LOG,1,30799,0,
2026-04-10,R-031,LOG,1,30799,0,
2026-04-10,R-032,LOY,1,1,0,0
2026-04-10,R-033,LOY,1,1844615,0,
2026-04-10,R-034,LOY,1,1844615,0,
2026-04-10,R-035,PRD,1,83828,0,
2026-04-10,R-036,PRD,1,1,0,0
2026-04-10,R-037,PRD,1,83828,0,
2026-04-10,R-038,PRD,1,83828,0,
2026-04-10,R-039,PRD,1,83828,0,
2026-04-10,R-040,STO,1,641,0,
2026-04-10,R-041,STO,1,1,0,0
2026-04-10,R-042,STO,1,641,0,
2026-04-10,R-043,STO,1,641,0,
2026-04-10,R-044,STO,1,641,0,
2026-04-10,R-045,ECOM,1,141713,0,
2026-04-10,R-046,ECOM,1,141713,0,
2026-04-10,R-047,EDI,1,8933,0,
2026-04-10,R-048,POS,1,2565397,0,
2026-04-11,R-001,POS,1,2836811,0,
2026-04-11,R-002,POS,1,4,0,0
2026-04-11,R-003,POS,1,2836811,0,
2026-04-11,R-004,POS,1,21767198,0,
2026-04-11,R-005,POS,1,2836811,0,
2026-04-11,R-006,POS,1,2836811,0,
2026-04-11,R-007,ECOM,1,132272,0,
2026-04-11,R-008,ECOM,1,132272,0,
2026-04-11,R-009,ECOM,1,132272,0,
2026-04-11,R-013,LOY,1,1845010,0,
2026-04-11,R-014,LOY,1,1845010,3394,
2026-04-11,R-015,LOY,1,1845010,0,
2026-04-11,R-016,ECOM,1,938446,0,
2026-04-11,R-017,EDI,1,3,0,0
2026-04-11,R-018,EDI,1,7757,0,
2026-04-11,R-019,EDI,1,7757,0,
2026-04-11,R-020,EDI,1,7757,0,
2026-04-11,R-022,EDI,1,1377407,0,
2026-04-11,R-023,ECOM,1,1,0,0
2026-04-11,R-027,LOG,1,28051,0,
2026-04-11,R-028,LOG,1,2,0,0
2026-04-11,R-029,LOG,1,28051,0,
2026-04-11,R-030,LOG,1,28051,0,
2026-04-11,R-031,LOG,1,28051,0,
2026-04-11,R-032,LOY,1,1,0,0
2026-04-11,R-033,LOY,1,1845010,0,
2026-04-11,R-034,LOY,1,1845010,0,
2026-04-11,R-035,PRD,1,83839,0,
2026-04-11,R-036,PRD,1,1,0,0
2026-04-11,R-037,PRD,1,83839,0,
2026-04-11,R-038,PRD,1,83839,0,
2026-04-11,R-039,PRD,1,83839,0,
2026-04-11,R-040,STO,1,641,0,
2026-04-11,R-041,STO,1,1,0,0
2026-04-11,R-042,STO,1,641,0,
2026-04-11,R-043,STO,1,641,0,
2026-04-11,R-044,STO,1,641,0,
2026-04-11,R-045,ECOM,1,132272,0,
2026-04-11,R-046,ECOM,1,132272,0,
2026-04-11,R-047,EDI,1,7757,0,
2026-04-11,R-048,POS,1,2836811,0,
2026-04-12,R-001,POS,1,2415322,0,
2026-04-12,R-002,POS,1,4,0,0
2026-04-12,R-003,POS,1,2415322,0,
2026-04-12,R-004,POS,1,18541524,0,
2026-04-12,R-005,POS,1,2415322,0,
2026-04-12,R-006,POS,1,2415322,0,
2026-04-12,R-007,ECOM,1,144871,0,
2026-04-12,R-008,ECOM,1,144871,0,
2026-04-12,R-009,ECOM,1,144871,0,
2026-04-12,R-013,LOY,1,1845315,0,
2026-04-12,R-014,LOY,1,1845315,3472,
2026-04-12,R-015,LOY,1,1845315,0,
2026-04-12,R-016,ECOM,1,1023917,0,
2026-04-12,R-023,ECOM,1,1,0,0
2026-04-12,R-027,LOG,1,20969,0,
2026-04-12,R-028,LOG,1,2,0,0
2026-04-12,R-029,LOG,1,20969,0,
2026-04-12,R-030,LOG,1,20969,0,
2026-04-12,R-031,LOG,1,20969,0,
2026-04-12,R-032,LOY,1,1,0,0
2026-04-12,R-033,LOY,1,1845315,0,
2026-04-12,R-034,LOY,1,1845315,0,
2026-04-12,R-035,PRD,1,83848,0,
2026-04-12,R-036,PRD,1,1,0,0
2026-04-12,R-037,PRD,1,83848,0,
2026-04-12,R-038,PRD,1,83848,0,
2026-04-12,R-039,PRD,1,83848,0,
2026-04-12,R-040,STO,1,641,0,
2026-04-12,R-041,STO,1,1,0,0
2026-04-12,R-042,STO,1,641,0,
2026-04-12,R-043,STO,1,641,0,
2026-04-12,R-044,STO,1,641,0,
2026-04-12,R-045,ECOM,1,144871,0,
2026-04-12,R-046,ECOM,1,144871,0,
2026-04-12,R-048,POS,1,2415322,0,
2026-04-13,R-001,POS,1,2233947,0,
2026-04-13,R-002,POS,1,4,0,0
2026-04-13,R-003,POS,1,2233947,0,
2026-04-13,R-004,POS,1,16982566,0,
2026-04-13,R-005,POS,1,2233947,0,
2026-04-13,R-006,POS,1,2233947,0,
2026-04-13,R-007,ECOM,1,156168,0,
2026-04-13,R-008,ECOM,1,156168,0,
2026-04-13,R-009,ECOM,1,156168,0,
2026-04-13,R-010,GL,1,93389,0,
2026-04-13,R-011,GL,1,93389,0,
2026-04-13,R-012,GL,1,1,0,0
2026-04-13,R-013,LOY,1,1845611,0,
2026-04-13,R-014,LOY,1,1845611,3416,
2026-04-13,R-015,LOY,1,1845611,0,
2026-04-13,R-016,ECOM,1,1101183,0,
2026-04-13,R-017,EDI,1,3,0,0
2026-04-13,R-018,EDI,1,10174,0,
2026-04-13,R-019,EDI,1,10174,0,
2026-04-13,R-020,EDI,1,10174,0,
2026-04-13,R-022,EDI,1,1815203,0,
2026-04-13,R-023,ECOM,1,1,0,0
2026-04-13,R-024,GL,1,93389,0,
2026-04-13,R-025,GL,1,93389,0,
2026-04-13,R-026,GL,1,41229475,0,
2026-04-13,R-027,LOG,1,30631,0,
2026-04-13,R-028,LOG,1,2,0,0
2026-04-13,R-029,LOG,1,30631,0,
2026-04-13,R-030,LOG,1,30631,0,
2026-04-13,R-031,LOG,1,30631,0,
2026-04-13,R-032,LOY,1,1,0,0
2026-04-13,R-033,LOY,1,1845611,0,
2026-04-13,R-034,LOY,1,1845611,0,
2026-04-13,R-035,PRD,1,83849,0,
2026-04-13,R-036,PRD,1,1,0,0
2026-04-13,R-037,PRD,1,83849,0,
2026-04-13,R-038,PRD,1,83849,0,
2026-04-13,R-039,PRD,1,83849,0,
2026-04-13,R-040,STO,1,641,0,
2026-04-13,R-041,STO,1,1,0,0
2026-04-13,R-042,STO,1,641,0,
2026-04-13,R-043,STO,1,641,0,
2026-04-13,R-044,STO,1,641,0,
2026-04-13,R-045,ECOM,1,156168,0,
2026-04-13,R-046,ECOM,1,156168,0,
2026-04-13,R-047,EDI,1,10174,0,
2026-04-13,R-048,POS,1,2233947,0,
2026-04-14,R-001,POS,1,2166793,0,
2026-04-14,R-002,POS,1,4,0,0
2026-04-14,R-003,POS,1,2166793,0,
2026-04-14,R-004,POS,1,16547187,0,
2026-04-14,R-005,POS,1,2166793,0,
2026-04-14,R-006,POS,1,2166793,0,
2026-04-14,R-007,ECOM,1,142013,0,
2026-04-14,R-008,ECOM,1,142013,0,
2026-04-14,R-009,ECOM,1,142013,0,
2026-04-14,R-010,GL,1,90258,0,
2026-04-14,R-011,GL,1,90258,0,
2026-04-14,R-012,GL,1,1,0,0
2026-04-14,R-013,LOY,1,1845914,0,
2026-04-14,R-014,LOY,1,1845914,4266,
2026-04-14,R-015,LOY,1,1845914,0,
2026-04-14,R-016,ECOM,1,1006278,0,
2026-04-14,R-017,EDI,1,3,0,0
2026-04-14,R-018,EDI,1,8732,0,
2026-04-14,R-019,EDI,1,8732,0,
2026-04-14,R-020,EDI,1,8732,0,
2026-04-14,R-022,EDI,1,1560121,0,
2026-04-14,R-023,ECOM,1,1,0,0
2026-04-14,R-024,GL,1,90258,0,
2026-04-14,R-025,GL,1,90258,0,
2026-04-14,R-026,GL,1,40063836,0,
2026-04-14,R-027,LOG,1,30866,0,
2026-04-14,R-028,LOG,1,2,0,0
2026-04-14,R-029,LOG,1,30866,0,
2026-04-14,R-030,LOG,1,30866,0,
2026-04-14,R-031,LOG,1,30866,0,
2026-04-14,R-032,LOY,1,1,0,0
2026-04-14,R-033,LOY,1,1845914,0,
2026-04-14,R-034,LOY,1,1845914,0,
2026-04-14,R-035,PRD,1,83851,0,
2026-04-14,R-036,PRD,1,1,0,0
2026-04-14,R-037,PRD,1,83851,0,
2026-04-14,R-038,PRD,1,83851,0,
2026-04-14,R-039,PRD,1,83851,0,
2026-04-14,R-040,STO,1,641,0,
2026-04-14,R-041,STO,1,1,0,0
2026-04-14,R-042,STO,1,641,0,
2026-04-14,R-043,STO,1,641,0,
2026-04-14,R-044,STO,1,641,0,
2026-04-14,R-045,ECOM,1,142013,0,
2026-04-14,R-046,ECOM,1,142013,0,
2026-04-14,R-047,EDI,1,8732,0,
2026-04-14,R-048,POS,1,2166793,0,
2026-04-15,R-001,POS,1,2242907,0,
2026-04-15,R-002,POS,1,4,0,0
2026-04-15,R-003,POS,1,2242907,0,
2026-04-15,R-004,POS,1,17223056,0,
2026-04-15,R-005,POS,1,2242907,0,
2026-04-15,R-006,POS,1,2242907,0,
2026-04-15,R-007,ECOM,1,140258,0,
2026-04-15,R-008,ECOM,1,140258,0,
2026-04-15,R-009,ECOM,1,140258,0,
2026-04-15,R-010,GL,1,92890,0,
2026-04-15,R-011,GL,1,92890,0,
2026-04-15,R-012,GL,1,1,0,0
2026-04-15,R-013,LOY,1,1846293,0,
2026-04-15,R-014,LOY,1,1846293,3688,
2026-04-15,R-015,LOY,1,1846293,0,
2026-04-15,R-016,ECOM,1,992166,0,
2026-04-15,R-017,EDI,1,3,0,0
2026-04-15,R-018,EDI,1,8505,0,
2026-04-15,R-019,EDI,1,8505,0,
2026-04-15,R-020,EDI,1,8505,0,
2026-04-15,R-022,EDI,1,1515960,0,
2026-04-15,R-023,ECOM,1,1,0,0
2026-04-15,R-024,GL,1,92890,0,
2026-04-15,R-025,GL,1,92890,0,
2026-04-15,R-026,GL,1,41113035,0,
2026-04-15,R-027,LOG,1,29726,0,
2026-04-15,R-028,LOG,1,2,0,0
2026-04-15,R-029,LOG,1,29726,0,
2026-04-15,R-030,LOG,1,29726,0,
2026-04-15,R-031,LOG,1,29726,0,
2026-04-15,R-032,LOY,1,1,0,0
2026-04-15,R-033,LOY,1,1846293,0,
2026-04-15,R-034,LOY,1,1846293,0,
2026-04-15,R-035,PRD,1,83859,0,
2026-04-15,R-036,PRD,1,1,0,0
2026-04-15,R-037,PRD,1,83859,0,
2026-04-15,R-038,PRD,1,83859,0,
2026-04-15,R-039,PRD,1,83859,0,
2026-04-15,R-040,STO,1,641,0,
2026-04-15,R-041,STO,1,1,0,0
2026-04-15,R-042,STO,1,641,0,
2026-04-15,R-043,STO,1,641,0,
2026-04-15,R-044,STO,1,641,0,
2026-04-15,R-045,ECOM,1,140258,0,
2026-04-15,R-046,ECOM,1,140258,0,
2026-04-15,R-047,EDI,1,8505,0,
2026-04-15,R-048,POS,1,2242907,0,
2026-04-16,R-001,POS,1,2315534,0,
2026-04-16,R-002,POS,1,4,0,0
2026-04-16,R-003,POS,1,2315534,0,
2026-04-16,R-004,POS,1,17767186,0,
2026-04-16,R-005,POS,1,2315534,0,
2026-04-16,R-006,POS,1,2315534,0,
2026-04-16,R-007,ECOM,1,139183,0,
2026-04-16,R-008,ECOM,1,139183,0,
2026-04-16,R-009,ECOM,1,139183,0,
2026-04-16,R-010,GL,1,89723,0,
2026-04-16,R-011,GL,1,89723,0,
2026-04-16,R-012,GL,1,1,0,0
2026-04-16,R-013,LOY,1,1846592,0,
2026-04-16,R-014,LOY,1,1846592,4144,
2026-04-16,R-015,LOY,1,1846592,0,
2026-04-16,R-016,ECOM,1,984938,0,
2026-04-16,R-017,EDI,1,3,0,0
2026-04-16,R-018,EDI,1,8372,0,
2026-04-16,R-019,EDI,1,8372,0,
2026-04-16,R-020,EDI,1,8372,0,
2026-04-16,R-022,EDI,1,1501038,0,
2026-04-16,R-023,ECOM,1,1,0,0
2026-04-16,R-024,GL,1,89723,0,
2026-04-16,R-025,GL,1,89723,0,
2026-04-16,R-026,GL,1,39720842,0,
2026-04-16,R-027,LOG,1,29883,0,
2026-04-16,R-028,LOG,1,2,0,0
2026-04-16,R-029,LOG,1,29883,0,
2026-04-16,R-030,LOG,1,29883,0,
2026-04-16,R-031,LOG,1,29883,0,
2026-04-16,R-032,LOY,1,1,0,0
2026-04-16,R-033,LOY,1,1846592,0,
2026-04-16,R-034,LOY,1,1846592,0,
2026-04-16,R-035,PRD,1,83870,0,
2026-04-16,R-036,PRD,1,1,0,0
2026-04-16,R-037,PRD,1,83870,0,
2026-04-16,R-038,PRD,1,83870,0,
2026-04-16,R-039,PRD,1,83870,0,
2026-04-16,R-040,STO,1,641,0,
2026-04-16,R-041,STO,1,1,0,0
2026-04-16,R-042,STO,1,641,0,
2026-04-16,R-043,STO,1,641,0,
2026-04-16,R-044,STO,1,641,0,
2026-04-16,R-045,ECOM,1,139183,0,
2026-04-16,R-046,ECOM,1,139183,0,
2026-04-16,R-047,EDI,1,8372,0,
2026-04-16,R-048,POS,1,2315534,0,
2026-04-17,R-001,POS,1,2616085,0,
2026-04-17,R-002,POS,1,4,0,0
2026-04-17,R-003,POS,1,2616085,0,
2026-04-17,R-004,POS,1,19905262,0,
2026-04-17,R-005,POS,1,2616085,0,
2026-04-17,R-006,POS,1,2616085,0,
2026-04-17,R-007,ECOM,1,141609,0,
2026-04-17,R-008,ECOM,1,141609,0,
2026-04-17,R-009,ECOM,1,141609,0,
2026-04-17,R-010,GL,1,97278,0,
2026-04-17,R-011,GL,1,97278,0,
2026-04-17,R-012,GL,1,1,0,0
2026-04-17,R-013,LOY,1,1846944,0,
2026-04-17,R-014,LOY,1,1846944,3518,
2026-04-17,R-015,LOY,1,1846944,0,
2026-04-17,R-016,ECOM,1,1003223,0,
2026-04-17,R-017,EDI,1,3,0,0
2026-04-17,R-018,EDI,1,9025,0,
2026-04-17,R-019,EDI,1,9025,0,
2026-04-17,R-020,EDI,1,9025,0,
2026-04-17,R-022,EDI,1,1612971,0,
2026-04-17,R-023,ECOM,1,1,0,0
2026-04-17,R-024,GL,1,97278,0,
2026-04-17,R-025,GL,1,97278,0,
2026-04-17,R-026,GL,1,43302310,0,
2026-04-17,R-027,LOG,1,30945,0,
2026-04-17,R-028,LOG,1,2,0,0
2026-04-17,R-029,LOG,1,30945,0,
2026-04-17,R-030,LOG,1,30945,0,
2026-04-17,R-031,LOG,1,30945,0,
2026-04-17,R-032,LOY,1,1,0,0
2026-04-17,R-033,LOY,1,1846944,0,
2026-04-17,R-034,LOY,1,1846944,0,
2026-04-17,R-035,PRD,1,83875,0,
2026-04-17,R-036,PRD,1,1,0,0
2026-04-17,R-037,PRD,1,83875,0,
2026-04-17,R-038,PRD,1,83875,0,
2026-04-17,R-039,PRD,1,83875,0,
2026-04-17,R-040,STO,1,641,0,
2026-04-17,R-041,STO,1,1,0,0
2026-04-17,R-042,STO,1,641,0,
2026-04-17,R-043,STO,1,641,0,
2026-04-17,R-044,STO,1,641,0,
2026-04-17,R-045,ECOM,1,141609,0,
2026-04-17,R-046,ECOM,1,141609,0,
2026-04-17,R-047,EDI,1,9025,0,
2026-04-17,R-048,POS,1,2616085,0,
2026-04-18,R-001,POS,1,2882297,0,
2026-04-18,R-002,POS,1,4,0,0
2026-04-18,R-003,POS,1,2882297,0,
2026-04-18,R-004,POS,1,22143222,0,
2026-04-18,R-005,POS,1,2882297,0,
2026-04-18,R-006,POS,1,2882297,0,
2026-04-18,R-007,ECOM,1,128338,0,
2026-04-18,R-008,ECOM,1,128338,0,
2026-04-18,R-009,ECOM,1,128338,0,
2026-04-18,R-013,LOY,1,1847245,0,
2026-04-18,R-014,LOY,1,1847245,4236,
2026-04-18,R-015,LOY,1,1847245,0,
2026-04-18,R-016,ECOM,1,908511,0,
2026-04-18,R-017,EDI,1,3,0,0
2026-04-18,R-018,EDI,1,7955,0,
2026-04-18,R-019,EDI,1,7955,0,
2026-04-18,R-020,EDI,1,7955,0,
2026-04-18,R-022,EDI,1,1422644,0,
2026-04-18,R-023,ECOM,1,1,0,0
2026-04-18,R-027,LOG,1,27854,0,
2026-04-18,R-028,LOG,1,2,0,0
2026-04-18,R-029,LOG,1,27854,0,
2026-04-18,R-030,LOG,1,27854,0,
2026-04-18,R-031,LOG,1,27854,0,
2026-04-18,R-032,LOY,1,1,0,0
2026-04-18,R-033,LOY,1,1847245,0,
2026-04-18,R-034,LOY,1,1847245,0,
2026-04-18,R-035,PRD,1,83879,0,
2026-04-18,R-036,PRD,1,1,0,0
2026-04-18,R-037,PRD,1,83879,0,
2026-04-18,R-038,PRD,1,83879,0,
2026-04-18,R-039,PRD,1,83879,0,
2026-04-18,R-040,STO,1,641,0,
2026-04-18,R-041,STO,1,1,0,0
2026-04-18,R-042,STO,1,641,0,
2026-04-18,R-043,STO,1,641,0,
2026-04-18,R-044,STO,1,641,0,
2026-04-18,R-045,ECOM,1,128338,0,
2026-04-18,R-046,ECOM,1,128338,0,
2026-04-18,R-047,EDI,1,7955,0,
2026-04-18,R-048,POS,1,2882297,0,
2026-04-19,R-001,POS,1,2364344,0,
2026-04-19,R-002,POS,1,4,0,0
2026-04-19,R-003,POS,1,2364344,0,
2026-04-19,R-004,POS,1,18064470,0,
2026-04-19,R-005,POS,1,2364344,0,
2026-04-19,R-006,POS,1,2364344,0,
2026-04-19,R-007,ECOM,1,145955,0,
2026-04-19,R-008,ECOM,1,145955,0,
2026-04-19,R-009,ECOM,1,145955,0,
2026-04-19,R-013,LOY,1,1847643,0,
2026-04-19,R-014,LOY,1,1847643,3767,
2026-04-19,R-015,LOY,1,1847643,0,
2026-04-19,R-016,ECOM,1,1027573,0,
2026-04-19,R-023,ECOM,1,1,0,0
2026-04-19,R-027,LOG,1,21113,0,
2026-04-19,R-028,LOG,1,2,0,0
2026-04-19,R-029,LOG,1,21113,0,
2026-04-19,R-030,LOG,1,21113,0,
2026-04-19,R-031,LOG,1,21113,0,
2026-04-19,R-032,LOY,1,1,0,0
2026-04-19,R-033,LOY,1,1847643,0,
2026-04-19,R-034,LOY,1,1847643,0,
2026-04-19,R-035,PRD,1,83886,0,
2026-04-19,R-036,PRD,1,1,0,0
2026-04-19,R-037,PRD,1,83886,0,
2026-04-19,R-038,PRD,1,83886,0,
2026-04-19,R-039,PRD,1,83886,0,
2026-04-19,R-040,STO,1,641,0,
2026-04-19,R-041,STO,1,1,0,0
2026-04-19,R-042,STO,1,641,0,
2026-04-19,R-043,STO,1,641,0,
2026-04-19,R-044,STO,1,641,0,
2026-04-19,R-045,ECOM,1,145955,0,
2026-04-19,R-046,ECOM,1,145955,0,
2026-04-19,R-048,POS,1,2364344,0,
2026-04-20,R-001,POS,1,2313691,0,
2026-04-20,R-002,POS,1,4,0,0
2026-04-20,R-003,POS,1,2313691,0,
2026-04-20,R-004,POS,1,17768060,0,
2026-04-20,R-005,POS,1,2313691,0,
2026-04-20,R-006,POS,1,2313691,0,
2026-04-20,R-007,ECOM,1,151900,0,
2026-04-20,R-008,ECOM,1,151900,0,
2026-04-20,R-009,ECOM,1,151900,0,
2026-04-20,R-010,GL,1,89745,0,
2026-04-20,R-011,GL,1,89745,0,
2026-04-20,R-012,GL,1,1,0,0
2026-04-20,R-013,LOY,1,1847993,0,
2026-04-20,R-014,LOY,1,1847993,3350,
2026-04-20,R-015,LOY,1,1847993,0,
2026-04-20,R-016,ECOM,1,1074871,0,
2026-04-20,R-017,EDI,1,3,0,0
2026-04-20,R-018,EDI,1,9868,0,
2026-04-20,R-019,EDI,1,9868,0,
2026-04-20,R-020,EDI,1,9868,0,
2026-04-20,R-022,EDI,1,1750151,0,
2026-04-20,R-023,ECOM,1,1,0,0
2026-04-20,R-024,GL,1,89745,0,
2026-04-20,R-025,GL,1,89745,0,
2026-04-20,R-026,GL,1,39845250,0,
2026-04-20,R-027,LOG,1,31467,0,
2026-04-20,R-028,LOG,1,2,0,0
2026-04-20,R-029,LOG,1,31467,0,
2026-04-20,R-030,LOG,1,31467,0,
2026-04-20,R-031,LOG,1,31467,0,
2026-04-20,R-032,LOY,1,1,0,0
2026-04-20,R-033,LOY,1,1847993,0,
2026-04-20,R-034,LOY,1,1847993,0,
2026-04-20,R-035,PRD,1,83896,0,
2026-04-20,R-036,PRD,1,1,0,0
2026-04-20,R-037,PRD,1,83896,0,
2026-04-20,R-038,PRD,1,83896,0,
2026-04-20,R-039,PRD,1,83896,0,
2026-04-20,R-040,STO,1,641,0,
2026-04-20,R-041,STO,1,1,0,0
2026-04-20,R-042,STO,1,641,0,
2026-04-20,R-043,STO,1,641,0,
2026-04-20,R-044,STO,1,641,0,
2026-04-20,R-045,ECOM,1,151900,0,
2026-04-20,R-046,ECOM,1,151900,0,
2026-04-20,R-047,EDI,1,9868,0,
2026-04-20,R-048,POS,1,2313691,0,
2026-04-21,R-001,POS,1,2168313,0,
2026-04-21,R-002,POS,1,4,0,0
2026-04-21,R-003,POS,1,2168313,0,
2026-04-21,R-004,POS,1,16493375,0,
2026-04-21,R-005,POS,1,2168313,0,
2026-04-21,R-006,POS,1,2168313,0,
2026-04-21,R-007,ECOM,1,139819,0,
2026-04-21,R-008,ECOM,1,139819,0,
2026-04-21,R-009,ECOM,1,139819,0,
2026-04-21,R-010,GL,1,90279,0,
2026-04-21,R-011,GL,1,90279,0,
2026-04-21,R-012,GL,1,1,0,0
2026-04-21,R-013,LOY,1,1848279,0,
2026-04-21,R-014,LOY,1,1848279,4048,
2026-04-21,R-015,LOY,1,1848279,0,
2026-04-21,R-016,ECOM,1,995101,0,
2026-04-21,R-017,EDI,1,3,0,18
2026-04-21,R-018,EDI,1,8893,0,
2026-04-21,R-019,EDI,1,8893,0,
2026-04-21,R-020,EDI,1,8893,0,
2026-04-21,R-022,EDI,1,1588104,0,
2026-04-21,R-023,ECOM,1,1,0,0
2026-04-21,R-024,GL,1,90279,0,
2026-04-21,R-025,GL,1,90279,0,
2026-04-21,R-026,GL,1,39969181,0,
2026-04-21,R-027,LOG,1,30178,0,
2026-04-21,R-028,LOG,1,2,0,0
2026-04-21,R-029,LOG,1,30178,0,
2026-04-21,R-030,LOG,1,30178,0,
2026-04-21,R-031,LOG,1,30178,0,
2026-04-21,R-032,LOY,1,1,0,0
2026-04-21,R-033,LOY,1,1848279,0,
2026-04-21,R-034,LOY,1,1848279,0,
2026-04-21,R-035,PRD,1,83907,0,
2026-04-21,R-036,PRD,1,1,0,0
2026-04-21,R-037,PRD,1,83907,0,
2026-04-21,R-038,PRD,1,83907,0,
2026-04-21,R-039,PRD,1,83907,0,
2026-04-21,R-040,STO,1,641,0,
2026-04-21,R-041,STO,1,1,0,0
2026-04-21,R-042,STO,1,641,0,
2026-04-21,R-043,STO,1,641,0,
2026-04-21,R-044,STO,1,641,0,
2026-04-21,R-045,ECOM,1,139819,0,
2026-04-21,R-046,ECOM,1,139819,0,
2026-04-21,R-047,EDI,1,8893,0,
2026-04-21,R-048,POS,1,2168313,0,
2026-04-22,R-001,POS,1,2208174,0,
2026-04-22,R-002,POS,1,4,0,0
2026-04-22,R-003,POS,1,2208174,0,
2026-04-22,R-004,POS,1,16927768,0,
2026-04-22,R-005,POS,1,2208174,0,
2026-04-22,R-006,POS,1,2208174,0,
2026-04-22,R-007,ECOM,1,136029,0,
2026-04-22,R-008,ECOM,1,136029,0,
2026-04-22,R-009,ECOM,1,136029,0,
2026-04-22,R-010,GL,1,89365,0,
2026-04-22,R-011,GL,1,89365,0,
2026-04-22,R-012,GL,1,1,0,0
2026-04-22,R-013,LOY,1,1848658,0,
2026-04-22,R-014,LOY,1,1848658,4063,
2026-04-22,R-015,LOY,1,1848658,0,
2026-04-22,R-016,ECOM,1,966202,0,
2026-04-22,R-017,EDI,1,3,0,0
2026-04-22,R-018,EDI,1,8661,0,
2026-04-22,R-019,EDI,1,8661,0,
2026-04-22,R-020,EDI,1,8661,0,
2026-04-22,R-022,EDI,1,1548049,0,
2026-04-22,R-023,ECOM,1,1,0,0
2026-04-22,R-024,GL,1,89365,0,
2026-04-22,R-025,GL,1,89365,0,
2026-04-22,R-026,GL,1,39741398,0,
2026-04-22,R-027,LOG,1,29907,0,
2026-04-22,R-028,LOG,1,2,0,0
2026-04-22,R-029,LOG,1,29907,0,
2026-04-22,R-030,LOG,1,29907,0,
2026-04-22,R-031,LOG,1,29907,0,
2026-04-22,R-032,LOY,1,1,0,0
2026-04-22,R-033,LOY,1,1848658,0,
2026-04-22,R-034,LOY,1,1848658,0,
2026-04-22,R-035,PRD,1,83917,0,
2026-04-22,R-036,PRD,1,1,0,0
2026-04-22,R-037,PRD,1,83917,0,
2026-04-22,R-038,PRD,1,83917,0,
2026-04-22,R-039,PRD,1,83917,0,
2026-04-22,R-040,STO,1,641,0,
2026-04-22,R-041,STO,1,1,0,0
2026-04-22,R-042,STO,1,641,0,
2026-04-22,R-043,STO,1,641,0,
2026-04-22,R-044,STO,1,641,0,
2026-04-22,R-045,ECOM,1,136029,0,
2026-04-22,R-046,ECOM,1,136029,0,
2026-04-22,R-047,EDI,1,8661,0,
2026-04-22,R-048,POS,1,2208174,0,
2026-04-23,R-001,POS,1,2258157,0,
2026-04-23,R-002,POS,1,4,0,0
2026-04-23,R-003,POS,1,2258157,0,
2026-04-23,R-004,POS,1,17256002,0,
2026-04-23,R-005,POS,1,2258157,0,
2026-04-23,R-006,POS,1,2258157,0,
2026-04-23,R-007,ECOM,1,142968,0,
2026-04-23,R-008,ECOM,1,142968,0,
2026-04-23,R-009,ECOM,1,142968,0,
2026-04-23,R-010,GL,1,91661,0,
2026-04-23,R-011,GL,1,91661,0,
2026-04-23,R-012,GL,1,1,0,0
2026-04-23,R-013,LOY,1,1849003,0,
2026-04-23,R-014,LOY,1,1849003,3854,
2026-04-23,R-015,LOY,1,1849003,0,
2026-04-23,R-016,ECOM,1,1014805,0,
2026-04-23,R-017,EDI,1,3,0,0
2026-04-23,R-018,EDI,1,8417,0,
2026-04-23,R-019,EDI,1,8417,0,
2026-04-23,R-020,EDI,1,8417,0,
2026-04-23,R-022,EDI,1,1493321,0,
2026-04-23,R-023,ECOM,1,1,0,0
2026-04-23,R-024,GL,1,91661,0,
2026-04-23,R-025,GL,1,91661,0,
2026-04-23,R-026,GL,1,40846197,0,
2026-04-23,R-027,LOG,1,30935,0,
2026-04-23,R-028,LOG,1,2,0,0
2026-04-23,R-029,LOG,1,30935,0,
2026-04-23,R-030,LOG,1,30935,0,
2026-04-23,R-031,LOG,1,30935,0,
2026-04-23,R-032,LOY,1,1,0,0
2026-04-23,R-033,LOY,1,1849003,0,
2026-04-23,R-034,LOY,1,1849003,0,
2026-04-23,R-035,PRD,1,83918,0,
2026-04-23,R-036,PRD,1,1,0,0
2026-04-23,R-037,PRD,1,83918,0,
2026-04-23,R-038,PRD,1,83918,0,
2026-04-23,R-039,PRD,1,83918,0,
2026-04-23,R-040,STO,1,641,0,
2026-04-23,R-041,STO,1,1,0,0
2026-04-23,R-042,STO,1,641,0,
2026-04-23,R-043,STO,1,641,0,
2026-04-23,R-044,STO,1,641,0,
2026-04-23,R-045,ECOM,1,142968,0,
2026-04-23,R-046,ECOM,1,142968,0,
2026-04-23,R-047,EDI,1,8417,0,
2026-04-23,R-048,POS,1,2258157,0,
2026-04-24,R-001,POS,1,2614620,0,
2026-04-24,R-002,POS,1,4,0,0
2026-04-24,R-003,POS,1,2614620,0,
2026-04-24,R-004,POS,1,20019166,0,
2026-04-24,R-005,POS,1,2614620,0,
2026-04-24,R-006,POS,1,2614620,0,
2026-04-24,R-007,ECOM,1,147540,0,
2026-04-24,R-008,ECOM,1,147540,0,
2026-04-24,R-009,ECOM,1,147540,0,
2026-04-24,R-010,GL,1,97758,0,
2026-04-24,R-011,GL,1,97758,0,
2026-04-24,R-012,GL,1,1,0,0
2026-04-24,R-013,LOY,1,1849365,0,
2026-04-24,R-014,LOY,1,1849365,3677,
2026-04-24,R-015,LOY,1,1849365,0,
2026-04-24,R-016,ECOM,1,1044017,0,
2026-04-24,R-017,EDI,1,3,0,0
2026-04-24,R-018,EDI,1,8938,0,
2026-04-24,R-019,EDI,1,8938,0,
2026-04-24,R-020,EDI,1,8938,0,
2026-04-24,R-022,EDI,1,1598240,0,
2026-04-24,R-023,ECOM,1,1,0,0
2026-04-24,R-024,GL,1,97758,0,
2026-04-24,R-025,GL,1,97758,0,
2026-04-24,R-026,GL,1,43227551,0,
2026-04-24,R-027,LOG,1,30612,0,
2026-04-24,R-028,LOG,1,2,0,0
2026-04-24,R-029,LOG,1,30612,0,
2026-04-24,R-030,LOG,1,30612,0,
2026-04-24,R-031,LOG,1,30612,0,
2026-04-24,R-032,LOY,1,1,0,0
2026-04-24,R-033,LOY,1,1849365,0,
2026-04-24,R-034,LOY,1,1849365,0,
2026-04-24,R-035,PRD,1,83921,0,
2026-04-24,R-036,PRD,1,1,0,0
2026-04-24,R-037,PRD,1,83921,0,
2026-04-24,R-038,PRD,1,83921,0,
2026-04-24,R-039,PRD,1,83921,0,
2026-04-24,R-040,STO,1,641,0,
2026-04-24,R-041,STO,1,1,0,0
2026-04-24,R-042,STO,1,641,0,
2026-04-24,R-043,STO,1,641,0,
2026-04-24,R-044,STO,1,641,0,
2026-04-24,R-045,ECOM,1,147540,0,
2026-04-24,R-046,ECOM,1,147540,0,
2026-04-24,R-047,EDI,1,8938,0,
2026-04-24,R-048,POS,1,2614620,0,
2026-04-25,R-001,POS,1,2846509,0,
2026-04-25,R-002,POS,1,4,0,0
2026-04-25,R-003,POS,1,2846509,0,
2026-04-25,R-004,POS,1,21629916,0,
2026-04-25,R-005,POS,1,2846509,0,
2026-04-25,R-006,POS,1,2846509,0,
2026-04-25,R-007,ECOM,1,127744,0,
2026-04-25,R-008,ECOM,1,127744,0,
2026-04-25,R-009,ECOM,1,127744,0,
2026-04-25,R-013,LOY,1,1849746,0,
2026-04-25,R-014,LOY,1,1849746,4299,
2026-04-25,R-015,LOY,1,1849746,0,
2026-04-25,R-016,ECOM,1,903528,0,
2026-04-25,R-017,EDI,1,3,0,0
2026-04-25,R-018,EDI,1,8042,0,
2026-04-25,R-019,EDI,1,8042,0,
2026-04-25,R-020,EDI,1,8042,0,
2026-04-25,R-022,EDI,1,1433412,0,
2026-04-25,R-023,ECOM,1,1,0,0
2026-04-25,R-027,LOG,1,28013,0,
2026-04-25,R-028,LOG,1,2,0,0
2026-04-25,R-029,LOG,1,28013,0,
2026-04-25,R-030,LOG,1,28013,0,
2026-04-25,R-031,LOG,1,28013,0,
2026-04-25,R-032,LOY,1,1,0,0
2026-04-25,R-033,LOY,1,1849746,0,
2026-04-25,R-034,LOY,1,1849746,0,
2026-04-25,R-035,PRD,1,83931,0,
2026-04-25,R-036,PRD,1,1,0,0
2026-04-25,R-037,PRD,1,83931,0,
2026-04-25,R-038,PRD,1,83931,0,
2026-04-25,R-039,PRD,1,83931,0,
2026-04-25,R-040,STO,1,641,0,
2026-04-25,R-041,STO,1,1,0,0
2026-04-25,R-042,STO,1,641,0,
2026-04-25,R-043,STO,1,641,0,
2026-04-25,R-044,STO,1,641,0,
2026-04-25,R-045,ECOM,1,127744,0,
2026-04-25,R-046,ECOM,1,127744,0,
2026-04-25,R-047,EDI,1,8042,0,
2026-04-25,R-048,POS,1,2846509,0,
2026-04-26,R-001,POS,1,2404025,0,
2026-04-26,R-002,POS,1,4,0,0
2026-04-26,R-003,POS,1,2404025,0,
2026-04-26,R-004,POS,1,18272052,0,
2026-04-26,R-005,POS,1,2404025,0,
2026-04-26,R-006,POS,1,2404025,0,
2026-04-26,R-007,ECOM,1,148346,0,
2026-04-26,R-008,ECOM,1,148346,0,
2026-04-26,R-009,ECOM,1,148346,0,
2026-04-26,R-013,LOY,1,1850072,0,
2026-04-26,R-014,LOY,1,1850072,4167,
2026-04-26,R-015,LOY,1,1850072,0,
2026-04-26,R-016,ECOM,1,1044924,0,
2026-04-26,R-023,ECOM,1,1,0,0
2026-04-26,R-027,LOG,1,21389,0,
2026-04-26,R-028,LOG,1,2,0,0
2026-04-26,R-029,LOG,1,21389,0,
2026-04-26,R-030,LOG,1,21389,0,
2026-04-26,R-031,LOG,1,21389,0,
2026-04-26,R-032,LOY,1,1,0,0
2026-04-26,R-033,LOY,1,1850072,0,
2026-04-26,R-034,LOY,1,1850072,0,
2026-04-26,R-035,PRD,1,83933,0,
2026-04-26,R-036,PRD,1,1,0,0
2026-04-26,R-037,PRD,1,83933,0,
2026-04-26,R-038,PRD,1,83933,0,
2026-04-26,R-039,PRD,1,83933,0,
2026-04-26,R-040,STO,1,641,0,
2026-04-26,R-041,STO,1,1,0,0
2026-04-26,R-042,STO,1,641,0,
2026-04-26,R-043,STO,1,641,0,
2026-04-26,R-044,STO,1,641,0,
2026-04-26,R-045,ECOM,1,148346,0,
2026-04-26,R-046,ECOM,1,148346,0,
2026-04-26,R-048,POS,1,2404025,0,
2026-04-27,R-001,POS,1,2235723,0,
2026-04-27,R-002,POS,1,4,0,0
2026-04-27,R-003,POS,1,2235723,0,
2026-04-27,R-004,POS,1,17138562,0,
2026-04-27,R-005,POS,1,2235723,0,
2026-04-27,R-006,POS,1,2235723,0,
2026-04-27,R-007,ECOM,1,156286,0,
2026-04-27,R-008,ECOM,1,156286,0,
2026-04-27,R-009,ECOM,1,156286,0,
2026-04-27,R-010,GL,1,90510,0,
2026-04-27,R-011,GL,1,90510,0,
2026-04-27,R-012,GL,1,1,0,0
2026-04-27,R-013,LOY,1,1850356,0,
2026-04-27,R-014,LOY,1,1850356,3667,
2026-04-27,R-015,LOY,1,1850356,0,
2026-04-27,R-016,ECOM,1,1105755,0,
2026-04-27,R-017,EDI,1,3,0,0
2026-04-27,R-018,EDI,1,10289,0,
2026-04-27,R-019,EDI,1,10289,0,
2026-04-27,R-020,EDI,1,10289,0,
2026-04-27,R-022,EDI,1,1830440,0,
2026-04-27,R-023,ECOM,1,1,0,0
2026-04-27,R-024,GL,1,90510,0,
2026-04-27,R-025,GL,1,90510,0,
2026-04-27,R-026,GL,1,39960597,0,
2026-04-27,R-027,LOG,1,30691,0,
2026-04-27,R-028,LOG,1,2,0,0
2026-04-27,R-029,LOG,1,30691,0,
2026-04-27,R-030,LOG,1,30691,0,
2026-04-27,R-031,LOG,1,30691,0,
2026-04-27,R-032,LOY,1,1,0,0
2026-04-27,R-033,LOY,1,1850356,0,
2026-04-27,R-034,LOY,1,1850356,0,
2026-04-27,R-035,PRD,1,83933,0,
2026-04-27,R-036,PRD,1,1,0,0
2026-04-27,R-037,PRD,1,83933,0,
2026-04-27,R-038,PRD,1,83933,0,
2026-04-27,R-039,PRD,1,83933,0,
2026-04-27,R-040,STO,1,641,0,
2026-04-27,R-041,STO,1,1,0,0
2026-04-27,R-042,STO,1,641,0,
2026-04-27,R-043,STO,1,641,0,
2026-04-27,R-044,STO,1,641,0,
2026-04-27,R-045,ECOM,1,156286,0,
2026-04-27,R-046,ECOM,1,156286,0,
2026-04-27,R-047,EDI,1,10289,0,
2026-04-27,R-048,POS,1,2235723,0,
2026-04-28,R-001,POS,1,2154761,0,
2026-04-28,R-002,POS,1,4,0,0
2026-04-28,R-003,POS,1,2154761,0,
2026-04-28,R-004,POS,1,16511876,0,
2026-04-28,R-005,POS,1,2154761,0,
2026-04-28,R-006,POS,1,2154761,0,
2026-04-28,R-007,ECOM,1,139100,0,
2026-04-28,R-008,ECOM,1,139100,0,
2026-04-28,R-009,ECOM,1,139100,0,
2026-04-28,R-010,GL,1,89944,0,
2026-04-28,R-011,GL,1,89944,0,
2026-04-28,R-012,GL,1,1,0,0
2026-04-28,R-013,LOY,1,1850741,0,
2026-04-28,R-014,LOY,1,1850741,3346,
2026-04-28,R-015,LOY,1,1850741,0,
2026-04-28,R-016,ECOM,1,990539,0,
2026-04-28,R-017,EDI,1,3,0,0
2026-04-28,R-018,EDI,1,8838,0,
2026-04-28,R-019,EDI,1,8838,0,
2026-04-28,R-020,EDI,1,8838,0,
2026-04-28,R-022,EDI,1,1581227,0,
2026-04-28,R-023,ECOM,1,1,0,0
2026-04-28,R-024,GL,1,89944,0,
2026-04-28,R-025,GL,1,89944,0,
2026-04-28,R-026,GL,1,39940850,0,
2026-04-28,R-027,LOG,1,31472,0,
2026-04-28,R-028,LOG,1,2,0,13
2026-04-28,R-029,LOG,1,31472,0,
2026-04-28,R-030,LOG,1,31472,0,
2026-04-28,R-031,LOG,1,31472,0,
2026-04-28,R-032,LOY,1,1,0,0
2026-04-28,R-033,LOY,1,1850741,0,
2026-04-28,R-034,LOY,1,1850741,0,
2026-04-28,R-035,PRD,1,83943,0,
2026-04-28,R-036,PRD,1,1,0,0
2026-04-28,R-037,PRD,1,83943,0,
2026-04-28,R-038,PRD,1,83943,0,
2026-04-28,R-039,PRD,1,83943,0,
2026-04-28,R-040,STO,1,641,0,
2026-04-28,R-041,STO,1,1,0,0
2026-04-28,R-042,STO,1,641,0,
2026-04-28,R-043,STO,1,641,0,
2026-04-28,R-044,STO,1,641,0,
2026-04-28,R-045,ECOM,1,139100,0,
2026-04-28,R-046,ECOM,1,139100,0,
2026-04-28,R-047,EDI,1,8838,0,
2026-04-28,R-048,POS,1,2154761,0,
2026-04-29,R-001,POS,1,2173345,0,
2026-04-29,R-002,POS,1,4,0,0
2026-04-29,R-003,POS,1,2173345,0,
2026-04-29,R-004,POS,1,16703850,0,
2026-04-29,R-005,POS,1,2173345,0,
2026-04-29,R-006,POS,1,2173345,0,
2026-04-29,R-007,ECOM,1,135971,0,
2026-04-29,R-008,ECOM,1,135971,0,
2026-04-29,R-009,ECOM,1,135971,0,
2026-04-29,R-010,GL,1,93160,0,
2026-04-29,R-011,GL,1,93160,0,
2026-04-29,R-012,GL,1,1,0,0
2026-04-29,R-013,LOY,1,1851053,0,
2026-04-29,R-014,LOY,1,1851053,3461,
2026-04-29,R-015,LOY,1,1851053,0,
2026-04-29,R-016,ECOM,1,957599,0,
2026-04-29,R-017,EDI,1,3,0,0
2026-04-29,R-018,EDI,1,8582,0,
2026-04-29,R-019,EDI,1,8582,0,
2026-04-29,R-020,EDI,1,8582,0,
2026-04-29,R-022,EDI,1,1533426,0,
2026-04-29,R-023,ECOM,1,1,0,0
2026-04-29,R-024,GL,1,93160,0,
2026-04-29,R-025,GL,1,93160,0,
2026-04-29,R-026,GL,1,41425931,0,
2026-04-29,R-027,LOG,1,29810,0,
2026-04-29,R-028,LOG,1,2,0,0
2026-04-29,R-029,LOG,1,29810,0,
2026-04-29,R-030,LOG,1,29810,0,
2026-04-29,R-031,LOG,1,29810,0,
2026-04-29,R-032,LOY,1,1,0,0
2026-04-29,R-033,LOY,1,1851053,0,
2026-04-29,R-034,LOY,1,1851053,0,
2026-04-29,R-035,PRD,1,83955,0,
2026-04-29,R-036,PRD,1,1,0,0
2026-04-29,R-037,PRD,1,83955,0,
2026-04-29,R-038,PRD,1,83955,0,
2026-04-29,R-039,PRD,1,83955,0,
2026-04-29,R-040,STO,1,641,0,
2026-04-29,R-041,STO,1,1,0,0
2026-04-29,R-042,STO,1,641,0,
2026-04-29,R-043,STO,1,641,0,
2026-04-29,R-044,STO,1,641,0,
2026-04-29,R-045,ECOM,1,135971,0,
2026-04-29,R-046,ECOM,1,135971,0,
2026-04-29,R-047,EDI,1,8582,0,
2026-04-29,R-048,POS,1,2173345,0,
2026-04-30,R-001,POS,1,2293213,0,
2026-04-30,R-002,POS,1,4,0,0
2026-04-30,R-003,POS,1,2293213,0,
2026-04-30,R-004,POS,1,17500467,0,
2026-04-30,R-005,POS,1,2293213,0,
2026-04-30,R-006,POS,1,2293213,0,
2026-04-30,R-007,ECOM,1,141876,0,
2026-04-30,R-008,ECOM,1,141876,0,
2026-04-30,R-009,ECOM,1,141876,0,
2026-04-30,R-010,GL,1,90914,0,
2026-04-30,R-011,GL,1,90914,0,
2026-04-30,R-012,GL,1,1,0,0
2026-04-30,R-013,LOY,1,1851399,0,
2026-04-30,R-014,LOY,1,1851399,4377,
2026-04-30,R-015,LOY,1,1851399,0,
2026-04-30,R-016,ECOM,1,1004628,0,
2026-04-30,R-017,EDI,1,3,0,0
2026-04-30,R-018,EDI,1,8632,0,
2026-04-30,R-019,EDI,1,8632,0,
2026-04-30,R-020,EDI,1,8632,0,
2026-04-30,R-022,EDI,1,1539096,0,
2026-04-30,R-023,ECOM,1,1,0,0
2026-04-30,R-024,GL,1,90914,0,
2026-04-30,R-025,GL,1,90914,0,
2026-04-30,R-026,GL,1,40263084,0,
2026-04-30,R-027,LOG,1,30727,0,
2026-04-30,R-028,LOG,1,2,0,0
2026-04-30,R-029,LOG,1,30727,0,
2026-04-30,R-030,LOG,1,30727,0,
2026-04-30,R-031,LOG,1,30727,0,
2026-04-30,R-032,LOY,1,1,0,0
2026-04-30,R-033,LOY,1,1851399,0,
2026-04-30,R-034,LOY,1,1851399,0,
2026-04-30,R-035,PRD,1,83956,0,
2026-04-30,R-036,PRD,1,1,0,0
2026-04-30,R-037,PRD,1,83956,0,
2026-04-30,R-038,PRD,1,83956,0,
2026-04-30,R-039,PRD,1,83956,0,
2026-04-30,R-040,STO,1,641,0,
2026-04-30,R-041,STO,1,1,0,0
2026-04-30,R-042,STO,1,641,0,
2026-04-30,R-043,STO,1,641,0,
2026-04-30,R-044,STO,1,641,0,
2026-04-30,R-045,ECOM,1,141876,0,
2026-04-30,R-046,ECOM,1,141876,0,
2026-04-30,R-047,EDI,1,8632,0,
2026-04-30,R-048,POS,1,2293213,0,
2026-05-01,R-001,POS,1,2577878,0,
2026-05-01,R-002,POS,1,4,0,0
2026-05-01,R-003,POS,1,2577878,0,
2026-05-01,R-004,POS,1,19637097,0,
2026-05-01,R-005,POS,1,2577878,0,
2026-05-01,R-006,POS,1,2577878,0,
2026-05-01,R-007,ECOM,1,141334,0,
2026-05-01,R-008,ECOM,1,141334,0,
2026-05-01,R-009,ECOM,1,141334,0,
2026-05-01,R-010,GL,1,97173,0,
2026-05-01,R-011,GL,1,97173,0,
2026-05-01,R-012,GL,1,1,0,0
2026-05-01,R-013,LOY,1,1851721,0,
2026-05-01,R-014,LOY,1,1851721,3506,
2026-05-01,R-015,LOY,1,1851721,0,
2026-05-01,R-016,ECOM,1,997250,0,
2026-05-01,R-017,EDI,1,3,0,0
2026-05-01,R-018,EDI,1,8725,0,
2026-05-01,R-019,EDI,1,8725,0,
2026-05-01,R-020,EDI,1,8725,0,
2026-05-01,R-022,EDI,1,1556128,0,
2026-05-01,R-023,ECOM,1,1,0,0
2026-05-01,R-024,GL,1,97173,0,
2026-05-01,R-025,GL,1,97173,0,
2026-05-01,R-026,GL,1,43211475,0,
2026-05-01,R-027,LOG,1,31235,0,
2026-05-01,R-028,LOG,1,2,0,0
2026-05-01,R-029,LOG,1,31235,0,
2026-05-01,R-030,LOG,1,31235,0,
2026-05-01,R-031,LOG,1,31235,0,
2026-05-01,R-032,LOY,1,1,0,0
2026-05-01,R-033,LOY,1,1851721,0,
2026-05-01,R-034,LOY,1,1851721,0,
2026-05-01,R-035,PRD,1,83959,0,
2026-05-01,R-036,PRD,1,1,0,0
2026-05-01,R-037,PRD,1,83959,0,
2026-05-01,R-038,PRD,1,83959,0,
2026-05-01,R-039,PRD,1,83959,0,
2026-05-01,R-040,STO,1,641,0,
2026-05-01,R-041,STO,1,1,0,0
2026-05-01,R-042,STO,1,641,0,
2026-05-01,R-043,STO,1,641,0,
2026-05-01,R-044,STO,1,641,0,
2026-05-01,R-045,ECOM,1,141334,0,
2026-05-01,R-046,ECOM,1,141334,0,
2026-05-01,R-047,EDI,1,8725,0,
2026-05-01,R-048,POS,1,2577878,0,
2026-05-02,R-001,POS,1,2924586,0,
2026-05-02,R-002,POS,1,4,0,0
2026-05-02,R-003,POS,1,2924586,0,
2026-05-02,R-004,POS,1,22318194,0,
2026-05-02,R-005,POS,1,2924586,0,
2026-05-02,R-006,POS,1,2924586,0,
2026-05-02,R-007,ECOM,1,133214,0,
2026-05-02,R-008,ECOM,1,133214,0,
2026-05-02,R-009,ECOM,1,133214,0,
2026-05-02,R-013,LOY,1,1852117,0,
2026-05-02,R-014,LOY,1,1852117,3731,
2026-05-02,R-015,LOY,1,1852117,0,
2026-05-02,R-016,ECOM,1,943949,0,
2026-05-02,R-017,EDI,1,3,0,0
2026-05-02,R-018,EDI,1,7822,0,
2026-05-02,R-019,EDI,1,7822,0,
2026-05-02,R-020,EDI,1,7822,0,
2026-05-02,R-022,EDI,1,1394658,0,
2026-05-02,R-023,ECOM,1,1,0,0
2026-05-02,R-027,LOG,1,27853,0,
2026-05-02,R-028,LOG,1,2,0,0
2026-05-02,R-029,LOG,1,27853,0,
2026-05-02,R-030,LOG,1,27853,0,
2026-05-02,R-031,LOG,1,27853,0,
2026-05-02,R-032,LOY,1,1,0,0
2026-05-02,R-033,LOY,1,1852117,0,
2026-05-02,R-034,LOY,1,1852117,0,
2026-05-02,R-035,PRD,1,83967,0,
2026-05-02,R-036,PRD,1,1,0,0
2026-05-02,R-037,PRD,1,83967,0,
2026-05-02,R-038,PRD,1,83967,0,
2026-05-02,R-039,PRD,1,83967,0,
2026-05-02,R-040,STO,1,641,0,
2026-05-02,R-041,STO,1,1,0,0
2026-05-02,R-042,STO,1,641,0,
2026-05-02,R-043,STO,1,641,0,
2026-05-02,R-044,STO,1,641,0,
2026-05-02,R-045,ECOM,1,133214,0,
2026-05-02,R-046,ECOM,1,133214,0,
2026-05-02,R-047,EDI,1,7822,0,
2026-05-02,R-048,POS,1,2924586,0,
2026-05-03,R-001,POS,1,2431654,0,
2026-05-03,R-002,POS,1,4,0,0
2026-05-03,R-003,POS,1,2431654,0,
2026-05-03,R-004,POS,1,18488276,0,
2026-05-03,R-005,POS,1,2431654,0,
2026-05-03,R-006,POS,1,2431654,0,
2026-05-03,R-007,ECOM,1,148563,0,
2026-05-03,R-008,ECOM,1,148563,0,
2026-05-03,R-009,ECOM,1,148563,0,
2026-05-03,R-013,LOY,1,1852483,0,
2026-05-03,R-014,LOY,1,1852483,4213,
2026-05-03,R-015,LOY,1,1852483,0,
2026-05-03,R-016,ECOM,1,1052499,0,
2026-05-03,R-023,ECOM,1,1,0,0
2026-05-03,R-027,LOG,1,21474,0,
2026-05-03,R-028,LOG,1,2,0,0
2026-05-03,R-029,LOG,1,21474,0,
2026-05-03,R-030,LOG,1,21474,0,
2026-05-03,R-031,LOG,1,21474,0,
2026-05-03,R-032,LOY,1,1,0,0
2026-05-03,R-033,LOY,1,1852483,0,
2026-05-03,R-034,LOY,1,1852483,0,
2026-05-03,R-035,PRD,1,83975,0,
2026-05-03,R-036,PRD,1,1,0,0
2026-05-03,R-037,PRD,1,83975,0,
2026-05-03,R-038,PRD,1,83975,0,
2026-05-03,R-039,PRD,1,83975,0,
2026-05-03,R-040,STO,1,641,0,
2026-05-03,R-041,STO,1,1,0,0
2026-05-03,R-042,STO,1,641,0,
2026-05-03,R-043,STO,1,641,0,
2026-05-03,R-044,STO,1,641,0,
2026-05-03,R-045,ECOM,1,148563,0,
2026-05-03,R-046,ECOM,1,148563,0,
2026-05-03,R-048,POS,1,2431654,0,
2026-05-04,R-001,POS,1,2231305,0,
2026-05-04,R-002,POS,1,4,0,0
2026-05-04,R-003,POS,1,2231305,0,
2026-05-04,R-004,POS,1,16969330,0,
2026-05-04,R-005,POS,1,2231305,0,
2026-05-04,R-006,POS,1,2231305,0,
2026-05-04,R-007,ECOM,1,151408,0,
2026-05-04,R-008,ECOM,1,151408,0,
2026-05-04,R-009,ECOM,1,151408,0,
2026-05-04,R-010,GL,1,89429,0,
2026-05-04,R-011,GL,1,89429,0,
2026-05-04,R-012,GL,1,1,0,0
2026-05-04,R-013,LOY,1,1852845,0,
2026-05-04,R-014,LOY,1,1852845,4102,
2026-05-04,R-015,LOY,1,1852845,0,
2026-05-04,R-016,ECOM,1,1070091,0,
2026-05-04,R-017,EDI,1,3,0,0
2026-05-04,R-018,EDI,1,9891,0,
2026-05-04,R-019,EDI,1,9891,0,
2026-05-04,R-020,EDI,1,9891,0,
2026-05-04,R-022,EDI,1,1773436,0,
2026-05-04,R-023,ECOM,1,1,0,0
2026-05-04,R-024,GL,1,89429,0,
2026-05-04,R-025,GL,1,89429,0,
2026-05-04,R-026,GL,1,39569042,0,
2026-05-04,R-027,LOG,1,31424,0,
2026-05-04,R-028,LOG,1,2,0,0
2026-05-04,R-029,LOG,1,31424,0,
2026-05-04,R-030,LOG,1,31424,0,
2026-05-04,R-031,LOG,1,31424,0,
2026-05-04,R-032,LOY,1,1,0,0
2026-05-04,R-033,LOY,1,1852845,0,
2026-05-04,R-034,LOY,1,1852845,0,
2026-05-04,R-035,PRD,1,83979,0,
2026-05-04,R-036,PRD,1,1,0,0
2026-05-04,R-037,PRD,1,83979,0,
2026-05-04,R-038,PRD,1,83979,0,
2026-05-04,R-039,PRD,1,83979,0,
2026-05-04,R-040,STO,1,641,0,
2026-05-04,R-041,STO,1,1,0,0
2026-05-04,R-042,STO,1,641,0,
2026-05-04,R-043,STO,1,641,0,
2026-05-04,R-044,STO,1,641,0,
2026-05-04,R-045,ECOM,1,151408,0,
2026-05-04,R-046,ECOM,1,151408,0,
2026-05-04,R-047,EDI,1,9891,0,
2026-05-04,R-048,POS,1,2231305,0,
2026-05-05,R-001,POS,1,2144744,0,
2026-05-05,R-002,POS,1,4,0,0
2026-05-05,R-003,POS,1,2144744,0,
2026-05-05,R-004,POS,1,16336469,0,
2026-05-05,R-005,POS,1,2144744,0,
2026-05-05,R-006,POS,1,2144744,0,
2026-05-05,R-007,ECOM,1,144740,0,
2026-05-05,R-008,ECOM,1,144740,0,
2026-05-05,R-009,ECOM,1,144740,0,
2026-05-05,R-010,GL,1,90646,0,
2026-05-05,R-011,GL,1,90646,0,
2026-05-05,R-012,GL,1,1,0,0
2026-05-05,R-013,LOY,1,1853141,0,
2026-05-05,R-014,LOY,1,1853141,3668,
2026-05-05,R-015,LOY,1,1853141,0,
2026-05-05,R-016,ECOM,1,1022629,0,
2026-05-05,R-017,EDI,1,3,0,0
2026-05-05,R-018,EDI,1,8898,0,
2026-05-05,R-019,EDI,1,8898,0,
2026-05-05,R-020,EDI,1,8898,0,
2026-05-05,R-022,EDI,1,1590968,0,
2026-05-05,R-023,ECOM,1,1,0,0
2026-05-05,R-024,GL,1,90646,0,
2026-05-05,R-025,GL,1,90646,0,
2026-05-05,R-026,GL,1,40054684,0,
2026-05-05,R-027,LOG,1,30942,0,
2026-05-05,R-028,LOG,1,2,0,0
2026-05-05,R-029,LOG,1,30942,0,
2026-05-05,R-030,LOG,1,30942,0,
2026-05-05,R-031,LOG,1,30942,0,
2026-05-05,R-032,LOY,1,1,0,0
2026-05-05,R-033,LOY,1,1853141,0,
2026-05-05,R-034,LOY,1,1853141,0,
2026-05-05,R-035,PRD,1,83984,0,
2026-05-05,R-036,PRD,1,1,0,0
2026-05-05,R-037,PRD,1,83984,0,
2026-05-05,R-038,PRD,1,83984,0,
2026-05-05,R-039,PRD,1,83984,0,
2026-05-05,R-040,STO,1,641,0,
2026-05-05,R-041,STO,1,1,0,0
2026-05-05,R-042,STO,1,641,0,
2026-05-05,R-043,STO,1,641,0,
2026-05-05,R-044,STO,1,641,0,
2026-05-05,R-045,ECOM,1,144740,0,
2026-05-05,R-046,ECOM,1,144740,0,
2026-05-05,R-047,EDI,1,8898,0,
2026-05-05,R-048,POS,1,2144744,0,
2026-05-06,R-001,POS,1,2177681,0,
2026-05-06,R-002,POS,1,4,0,0
2026-05-06,R-003,POS,1,2177681,0,
2026-05-06,R-004,POS,1,16565778,0,
2026-05-06,R-005,POS,1,2177681,0,
2026-05-06,R-006,POS,1,2177681,0,
2026-05-06,R-007,ECOM,1,138176,0,
2026-05-06,R-008,ECOM,1,138176,0,
2026-05-06,R-009,ECOM,1,138176,0,
2026-05-06,R-010,GL,1,93124,0,
2026-05-06,R-011,GL,1,93124,0,
2026-05-06,R-012,GL,1,1,0,0
2026-05-06,R-013,LOY,1,1853442,0,
2026-05-06,R-014,LOY,1,1853442,4316,
2026-05-06,R-015,LOY,1,1853442,0,
2026-05-06,R-016,ECOM,1,973028,0,
2026-05-06,R-017,EDI,1,3,0,0
2026-05-06,R-018,EDI,1,8635,0,
2026-05-06,R-019,EDI,1,8635,0,
2026-05-06,R-020,EDI,1,8635,0,
2026-05-06,R-022,EDI,1,1532940,0,
2026-05-06,R-023,ECOM,1,1,0,0
2026-05-06,R-024,GL,1,93124,0,
2026-05-06,R-025,GL,1,93124,0,
2026-05-06,R-026,GL,1,41105384,0,
2026-05-06,R-027,LOG,1,29507,0,
2026-05-06,R-028,LOG,1,2,0,0
2026-05-06,R-029,LOG,1,29507,0,
2026-05-06,R-030,LOG,1,29507,0,
2026-05-06,R-031,LOG,1,29507,0,
2026-05-06,R-032,LOY,1,1,0,0
2026-05-06,R-033,LOY,1,1853442,0,
2026-05-06,R-034,LOY,1,1853442,0,
2026-05-06,R-035,PRD,1,83992,0,
2026-05-06,R-036,PRD,1,1,0,0
2026-05-06,R-037,PRD,1,83992,0,
2026-05-06,R-038,PRD,1,83992,0,
2026-05-06,R-039,PRD,1,83992,0,
2026-05-06,R-040,STO,1,641,0,
2026-05-06,R-041,STO,1,1,0,0
2026-05-06,R-042,STO,1,641,0,
2026-05-06,R-043,STO,1,641,0,
2026-05-06,R-044,STO,1,641,0,
2026-05-06,R-045,ECOM,1,138176,0,
2026-05-06,R-046,ECOM,1,138176,0,
2026-05-06,R-047,EDI,1,8635,0,
2026-05-06,R-048,POS,1,2177681,0,
2026-05-07,R-001,POS,1,2363661,0,
2026-05-07,R-002,POS,1,4,0,0
2026-05-07,R-003,POS,1,2363661,0,
2026-05-07,R-004,POS,1,18086969,0,
2026-05-07,R-005,POS,1,2363661,0,
2026-05-07,R-006,POS,1,2363661,0,
2026-05-07,R-007,ECOM,1,143064,0,
2026-05-07,R-008,ECOM,1,143064,0,
2026-05-07,R-009,ECOM,1,143064,0,
2026-05-07,R-010,GL,1,90413,0,
2026-05-07,R-011,GL,1,90413,0,
2026-05-07,R-012,GL,1,1,0,0
2026-05-07,R-013,LOY,1,1853833,0,
2026-05-07,R-014,LOY,1,1853833,3996,
2026-05-07,R-015,LOY,1,1853833,0,
2026-05-07,R-016,ECOM,1,1009987,0,
2026-05-07,R-017,EDI,1,3,0,6
2026-05-07,R-018,EDI,1,8500,0,
2026-05-07,R-019,EDI,1,8500,0,
2026-05-07,R-020,EDI,1,8500,0,
2026-05-07,R-022,EDI,1,1520302,0,
2026-05-07,R-023,ECOM,1,1,0,0
2026-05-07,R-024,GL,1,90413,0,
2026-05-07,R-025,GL,1,90413,0,
2026-05-07,R-026,GL,1,39998930,0,
2026-05-07,R-027,LOG,1,30206,0,
2026-05-07,R-028,LOG,1,2,0,0
2026-05-07,R-029,LOG,1,30206,0,
2026-05-07,R-030,LOG,1,30206,0,
2026-05-07,R-031,LOG,1,30206,0,
2026-05-07,R-032,LOY,1,1,0,0
2026-05-07,R-033,LOY,1,1853833,0,
2026-05-07,R-034,LOY,1,1853833,0,
2026-05-07,R-035,PRD,1,84000,0,
2026-05-07,R-036,PRD,1,1,0,0
2026-05-07,R-037,PRD,1,84000,0,
2026-05-07,R-038,PRD,1,84000,0,
2026-05-07,R-039,PRD,1,84000,0,
2026-05-07,R-040,STO,1,641,0,
2026-05-07,R-041,STO,1,1,0,0
2026-05-07,R-042,STO,1,641,0,
2026-05-07,R-043,STO,1,641,0,
2026-05-07,R-044,STO,1,641,0,
2026-05-07,R-045,ECOM,1,143064,0,
2026-05-07,R-046,ECOM,1,143064,0,
2026-05-07,R-047,EDI,1,8500,0,
2026-05-07,R-048,POS,1,2363661,0,
2026-05-08,R-001,POS,1,2650738,0,
2026-05-08,R-002,POS,1,4,0,0
2026-05-08,R-003,POS,1,2650738,0,
2026-05-08,R-004,POS,1,20335683,0,
2026-05-08,R-005,POS,1,2650738,0,
2026-05-08,R-006,POS,1,2650738,0,
2026-05-08,R-007,ECOM,1,143977,0,
2026-05-08,R-008,ECOM,1,143977,0,
2026-05-08,R-009,ECOM,1,143977,0,
2026-05-08,R-010,GL,1,93944,0,
2026-05-08,R-011,GL,1,93944,0,
2026-05-08,R-012,GL,1,1,0,0
2026-05-08,R-013,LOY,1,1854223,0,
2026-05-08,R-014,LOY,1,1854223,3848,
2026-05-08,R-015,LOY,1,1854223,0,
2026-05-08,R-016,ECOM,1,1017925,0,
2026-05-08,R-017,EDI,1,3,0,0
2026-05-08,R-018,EDI,1,9082,0,
2026-05-08,R-019,EDI,1,9082,0,
2026-05-08,R-020,EDI,1,9082,0,
2026-05-08,R-022,EDI,1,1619984,0,
2026-05-08,R-023,ECOM,1,1,0,0
2026-05-08,R-024,GL,1,93944,0,
2026-05-08,R-025,GL,1,93944,0,
2026-05-08,R-026,GL,1,41802767,0,
2026-05-08,R-027,LOG,1,31898,0,
2026-05-08,R-028,LOG,1,2,0,0
2026-05-08,R-029,LOG,1,31898,0,
2026-05-08,R-030,LOG,1,31898,0,
2026-05-08,R-031,LOG,1,31898,0,
2026-05-08,R-032,LOY,1,1,0,0
2026-05-08,R-033,LOY,1,1854223,0,
2026-05-08,R-034,LOY,1,1854223,0,
2026-05-08,R-035,PRD,1,84001,0,
2026-05-08,R-036,PRD,1,1,0,0
2026-05-08,R-037,PRD,1,84001,0,
2026-05-08,R-038,PRD,1,84001,0,
2026-05-08,R-039,PRD,1,84001,0,
2026-05-08,R-040,STO,1,641,0,
2026-05-08,R-041,STO,1,1,0,0
2026-05-08,R-042,STO,1,641,0,
2026-05-08,R-043,STO,1,641,0,
2026-05-08,R-044,STO,1,641,0,
2026-05-08,R-045,ECOM,1,143977,0,
2026-05-08,R-046,ECOM,1,143977,0,
2026-05-08,R-047,EDI,1,9082,0,
2026-05-08,R-048,POS,1,2650738,0,
2026-05-09,R-001,POS,1,2959282,0,
2026-05-09,R-002,POS,1,4,0,0
2026-05-09,R-003,POS,1,2959282,0,
2026-05-09,R-004,POS,1,22702473,0,
2026-05-09,R-005,POS,1,2959282,0,
2026-05-09,R-006,POS,1,2959282,0,
2026-05-09,R-007,ECOM,1,133626,0,
2026-05-09,R-008,ECOM,1,133626,0,
2026-05-09,R-009,ECOM,1,133626,0,
2026-05-09,R-013,LOY,1,1854615,0,
2026-05-09,R-014,LOY,1,1854615,4025,
2026-05-09,R-015,LOY,1,1854615,0,
2026-05-09,R-016,ECOM,1,948844,0,
2026-05-09,R-017,EDI,1,3,0,0
2026-05-09,R-018,EDI,1,7972,0,
2026-05-09,R-019,EDI,1,7972,0,
2026-05-09,R-020,EDI,1,7972,0,
2026-05-09,R-022,EDI,1,1426726,0,
2026-05-09,R-023,ECOM,1,1,0,0
2026-05-09,R-027,LOG,1,28816,0,
2026-05-09,R-028,LOG,1,2,0,0
2026-05-09,R-029,LOG,1,28816,0,
2026-05-09,R-030,LOG,1,28816,0,
2026-05-09,R-031,LOG,1,28816,0,
2026-05-09,R-032,LOY,1,1,0,0
2026-05-09,R-033,LOY,1,1854615,0,
2026-05-09,R-034,LOY,1,1854615,0,
2026-05-09,R-035,PRD,1,84005,0,
2026-05-09,R-036,PRD,1,1,0,0
2026-05-09,R-037,PRD,1,84005,0,
2026-05-09,R-038,PRD,1,84005,0,
2026-05-09,R-039,PRD,1,84005,0,
2026-05-09,R-040,STO,1,641,0,
2026-05-09,R-041,STO,1,1,0,0
2026-05-09,R-042,STO,1,641,0,
2026-05-09,R-043,STO,1,641,0,
2026-05-09,R-044,STO,1,641,0,
2026-05-09,R-045,ECOM,1,133626,0,
2026-05-09,R-046,ECOM,1,133626,0,
2026-05-09,R-047,EDI,1,7972,0,
2026-05-09,R-048,POS,1,2959282,0,
2026-05-10,R-001,POS,1,2385380,0,
2026-05-10,R-002,POS,1,4,0,0
2026-05-10,R-003,POS,1,2385380,0,
2026-05-10,R-004,POS,1,18247521,0,
2026-05-10,R-005,POS,1,2385380,0,
2026-05-10,R-006,POS,1,2385380,0,
2026-05-10,R-007,ECOM,1,151704,0,
2026-05-10,R-008,ECOM,1,151704,0,
2026-05-10,R-009,ECOM,1,151704,0,
2026-05-10,R-013,LOY,1,1854967,0,
2026-05-10,R-014,LOY,1,1854967,3750,
2026-05-10,R-015,LOY,1,1854967,0,
2026-05-10,R-016,ECOM,1,1074827,0,
2026-05-10,R-023,ECOM,1,1,0,0
2026-05-10,R-027,LOG,1,20940,0,
2026-05-10,R-028,LOG,1,2,0,0
2026-05-10,R-029,LOG,1,20940,0,
2026-05-10,R-030,LOG,1,20940,0,
2026-05-10,R-031,LOG,1,20940,0,
2026-05-10,R-032,LOY,1,1,0,0
2026-05-10,R-033,LOY,1,1854967,0,
2026-05-10,R-034,LOY,1,1854967,0,
2026-05-10,R-035,PRD,1,84005,0,
2026-05-10,R-036,PRD,1,1,0,0
2026-05-10,R-037,PRD,1,84005,0,
2026-05-10,R-038,PRD,1,84005,0,
2026-05-10,R-039,PRD,1,84005,0,
2026-05-10,R-040,STO,1,641,0,
2026-05-10,R-041,STO,1,1,0,0
2026-05-10,R-042,STO,1,641,0,
2026-05-10,R-043,STO,1,641,0,
2026-05-10,R-044,STO,1,641,0,
2026-05-10,R-045,ECOM,1,151704,0,
2026-05-10,R-046,ECOM,1,151704,0,
2026-05-10,R-048,POS,1,2385380,0,
2026-05-11,R-001,POS,1,2322423,0,
2026-05-11,R-002,POS,1,4,0,0
2026-05-11,R-003,POS,1,2322423,0,
2026-05-11,R-004,POS,1,17739976,0,
2026-05-11,R-005,POS,1,2322423,0,
2026-05-11,R-006,POS,1,2322423,0,
2026-05-11,R-007,ECOM,1,151867,0,
2026-05-11,R-008,ECOM,1,151867,0,
2026-05-11,R-009,ECOM,1,151867,0,
2026-05-11,R-010,GL,1,91625,0,
2026-05-11,R-011,GL,1,91625,0,
2026-05-11,R-012,GL,1,1,0,0
2026-05-11,R-013,LOY,1,1855359,0,
2026-05-11,R-014,LOY,1,1855359,3385,
2026-05-11,R-015,LOY,1,1855359,0,
2026-05-11,R-016,ECOM,1,1073542,0,
2026-05-11,R-017,EDI,1,3,0,0
2026-05-11,R-018,EDI,1,10088,0,
2026-05-11,R-019,EDI,1,10088,0,
2026-05-11,R-020,EDI,1,10088,0,
2026-05-11,R-022,EDI,1,1799958,0,
2026-05-11,R-023,ECOM,1,1,0,0
2026-05-11,R-024,GL,1,91625,0,
2026-05-11,R-025,GL,1,91625,0,
2026-05-11,R-026,GL,1,40626054,0,
2026-05-11,R-027,LOG,1,32108,0,
2026-05-11,R-028,LOG,1,2,0,0
2026-05-11,R-029,LOG,1,32108,0,
2026-05-11,R-030,LOG,1,32108,0,
2026-05-11,R-031,LOG,1,32108,0,
2026-05-11,R-032,LOY,1,1,0,0
2026-05-11,R-033,LOY,1,1855359,0,
2026-05-11,R-034,LOY,1,1855359,0,
2026-05-11,R-035,PRD,1,84005,0,
2026-05-11,R-036,PRD,1,1,0,0
2026-05-11,R-037,PRD,1,84005,0,
2026-05-11,R-038,PRD,1,84005,0,
2026-05-11,R-039,PRD,1,84005,0,
2026-05-11,R-040,STO,1,641,0,
2026-05-11,R-041,STO,1,1,0,0
2026-05-11,R-042,STO,1,641,0,
2026-05-11,R-043,STO,1,641,0,
2026-05-11,R-044,STO,1,641,0,
2026-05-11,R-045,ECOM,1,151867,0,
2026-05-11,R-046,ECOM,1,151867,0,
2026-05-11,R-047,EDI,1,10088,0,
2026-05-11,R-048,POS,1,2322423,0,
2026-05-12,R-001,POS,1,2208902,0,
2026-05-12,R-002,POS,1,4,0,0
2026-05-12,R-003,POS,1,2208902,0,
2026-05-12,R-004,POS,1,16960563,0,
2026-05-12,R-005,POS,1,2208902,0,
2026-05-12,R-006,POS,1,2208902,0,
2026-05-12,R-007,ECOM,1,144785,0,
2026-05-12,R-008,ECOM,1,144785,0,
2026-05-12,R-009,ECOM,1,144785,0,
2026-05-12,R-010,GL,1,90783,0,
2026-05-12,R-011,GL,1,90783,0,
2026-05-12,R-012,GL,1,1,0,0
2026-05-12,R-013,LOY,1,1855703,0,
2026-05-12,R-014,LOY,1,1855703,3592,
2026-05-12,R-015,LOY,1,1855703,82,
2026-05-12,R-016,ECOM,1,1029433,0,
2026-05-12,R-017,EDI,1,3,0,0
2026-05-12,R-018,EDI,1,8802,0,
2026-05-12,R-019,EDI,1,8802,0,
2026-05-12,R-020,EDI,1,8802,0,
2026-05-12,R-022,EDI,1,1577870,0,
2026-05-12,R-023,ECOM,1,1,0,0
2026-05-12,R-024,GL,1,90783,0,
2026-05-12,R-025,GL,1,90783,0,
2026-05-12,R-026,GL,1,40526063,0,
2026-05-12,R-027,LOG,1,31261,0,
2026-05-12,R-028,LOG,1,2,0,0
2026-05-12,R-029,LOG,1,31261,0,
2026-05-12,R-030,LOG,1,31261,0,
2026-05-12,R-031,LOG,1,31261,0,
2026-05-12,R-032,LOY,1,1,0,0
2026-05-12,R-033,LOY,1,1855703,0,
2026-05-12,R-034,LOY,1,1855703,0,
2026-05-12,R-035,PRD,1,84006,0,
2026-05-12,R-036,PRD,1,1,0,0
2026-05-12,R-037,PRD,1,84006,0,
2026-05-12,R-038,PRD,1,84006,0,
2026-05-12,R-039,PRD,1,84006,0,
2026-05-12,R-040,STO,1,641,0,
2026-05-12,R-041,STO,1,1,0,0
2026-05-12,R-042,STO,1,641,0,
2026-05-12,R-043,STO,1,641,0,
2026-05-12,R-044,STO,1,641,0,
2026-05-12,R-045,ECOM,1,144785,0,
2026-05-12,R-046,ECOM,1,144785,0,
2026-05-12,R-047,EDI,1,8802,0,
2026-05-12,R-048,POS,1,2208902,0,
2026-05-13,R-001,POS,1,2241881,0,
2026-05-13,R-002,POS,1,4,0,0
2026-05-13,R-003,POS,1,2241881,0,
2026-05-13,R-004,POS,1,17123209,0,
2026-05-13,R-005,POS,1,2241881,0,
2026-05-13,R-006,POS,1,2241881,0,
2026-05-13,R-007,ECOM,1,142387,0,
2026-05-13,R-008,ECOM,1,142387,0,
2026-05-13,R-009,ECOM,1,142387,0,
2026-05-13,R-010,GL,1,93622,0,
2026-05-13,R-011,GL,1,93622,0,
2026-05-13,R-012,GL,1,1,0,0
2026-05-13,R-013,LOY,1,1855993,0,
2026-05-13,R-014,LOY,1,1855993,4174,
2026-05-13,R-015,LOY,1,1855993,0,
2026-05-13,R-016,ECOM,1,1008137,0,
2026-05-13,R-017,EDI,1,3,0,0
2026-05-13,R-018,EDI,1,8573,0,
2026-05-13,R-019,EDI,1,8573,0,
2026-05-13,R-020,EDI,1,8573,0,
2026-05-13,R-022,EDI,1,1526606,0,
2026-05-13,R-023,ECOM,1,1,0,0
2026-05-13,R-024,GL,1,93622,0,
2026-05-13,R-025,GL,1,93622,0,
2026-05-13,R-026,GL,1,41586468,0,
2026-05-13,R-027,LOG,1,30672,0,
2026-05-13,R-028,LOG,1,2,0,0
2026-05-13,R-029,LOG,1,30672,0,
2026-05-13,R-030,LOG,1,30672,0,
2026-05-13,R-031,LOG,1,30672,0,
2026-05-13,R-032,LOY,1,1,0,0
2026-05-13,R-033,LOY,1,1855993,0,
2026-05-13,R-034,LOY,1,1855993,0,
2026-05-13,R-035,PRD,1,84012,0,
2026-05-13,R-036,PRD,1,1,0,0
2026-05-13,R-037,PRD,1,84012,0,
2026-05-13,R-038,PRD,1,84012,0,
2026-05-13,R-039,PRD,1,84012,0,
2026-05-13,R-040,STO,1,641,0,
2026-05-13,R-041,STO,1,1,0,0
2026-05-13,R-042,STO,1,641,0,
2026-05-13,R-043,STO,1,641,0,
2026-05-13,R-044,STO,1,641,0,
2026-05-13,R-045,ECOM,1,142387,0,
2026-05-13,R-046,ECOM,1,142387,0,
2026-05-13,R-047,EDI,1,8573,0,
2026-05-13,R-048,POS,1,2241881,0,
2026-05-14,R-001,POS,1,2262900,0,
2026-05-14,R-002,POS,1,4,0,0
2026-05-14,R-003,POS,1,2262900,0,
2026-05-14,R-004,POS,1,17272505,0,
2026-05-14,R-005,POS,1,2262900,0,
2026-05-14,R-006,POS,1,2262900,0,
2026-05-14,R-007,ECOM,1,138485,0,
2026-05-14,R-008,ECOM,1,138485,0,
2026-05-14,R-009,ECOM,1,138485,0,
2026-05-14,R-010,GL,1,93227,0,
2026-05-14,R-011,GL,1,93227,0,
2026-05-14,R-012,GL,1,1,0,0
2026-05-14,R-013,LOY,1,1856363,0,
2026-05-14,R-014,LOY,1,1856363,4170,
2026-05-14,R-015,LOY,1,1856363,0,
2026-05-14,R-016,ECOM,1,981216,0,
2026-05-14,R-017,EDI,1,3,0,0
2026-05-14,R-018,EDI,1,8568,0,
2026-05-14,R-019,EDI,1,8568,0,
2026-05-14,R-020,EDI,1,8568,0,
2026-05-14,R-022,EDI,1,1535838,0,
2026-05-14,R-023,ECOM,1,1,0,0
2026-05-14,R-024,GL,1,93227,0,
2026-05-14,R-025,GL,1,93227,0,
2026-05-14,R-026,GL,1,41370053,0,
2026-05-14,R-027,LOG,1,29880,0,
2026-05-14,R-028,LOG,1,2,0,0
2026-05-14,R-029,LOG,1,29880,0,
2026-05-14,R-030,LOG,1,29880,0,
2026-05-14,R-031,LOG,1,29880,0,
2026-05-14,R-032,LOY,1,1,0,0
2026-05-14,R-033,LOY,1,1856363,0,
2026-05-14,R-034,LOY,1,1856363,0,
2026-05-14,R-035,PRD,1,84012,0,
2026-05-14,R-036,PRD,1,1,0,0
2026-05-14,R-037,PRD,1,84012,0,
2026-05-14,R-038,PRD,1,84012,0,
2026-05-14,R-039,PRD,1,84012,0,
2026-05-14,R-040,STO,1,641,0,
2026-05-14,R-041,STO,1,1,0,0
2026-05-14,R-042,STO,1,641,0,
2026-05-14,R-043,STO,1,641,0,
2026-05-14,R-044,STO,1,641,0,
2026-05-14,R-045,ECOM,1,138485,0,
2026-05-14,R-046,ECOM,1,138485,0,
2026-05-14,R-047,EDI,1,8568,0,
2026-05-14,R-048,POS,1,2262900,0,
2026-05-15,R-001,POS,1,2588369,0,
2026-05-15,R-002,POS,1,4,0,0
2026-05-15,R-003,POS,1,2588369,0,
2026-05-15,R-004,POS,1,19834848,0,
2026-05-15,R-005,POS,1,2588369,0,
2026-05-15,R-006,POS,1,2588369,0,
2026-05-15,R-007,ECOM,1,144407,0,
2026-05-15,R-008,ECOM,1,144407,0,
2026-05-15,R-009,ECOM,1,144407,0,
2026-05-15,R-010,GL,1,97629,0,
2026-05-15,R-011,GL,1,97629,0,
2026-05-15,R-012,GL,1,1,0,0
2026-05-15,R-013,LOY,1,1856704,0,
2026-05-15,R-014,LOY,1,1856704,3657,
2026-05-15,R-015,LOY,1,1856704,0,
2026-05-15,R-016,ECOM,1,1019024,0,
2026-05-15,R-017,EDI,1,3,0,0
2026-05-15,R-018,EDI,1,8822,0,
2026-05-15,R-019,EDI,1,8822,0,
2026-05-15,R-020,EDI,1,8822,0,
2026-05-15,R-021,PRD,1,84020,0,
2026-05-15,R-022,EDI,1,1569488,0,
2026-05-15,R-023,ECOM,1,1,0,0
2026-05-15,R-024,GL,1,97629,0,
2026-05-15,R-025,GL,1,97629,0,
2026-05-15,R-026,GL,1,43287266,0,
2026-05-15,R-027,LOG,1,30679,0,
2026-05-15,R-028,LOG,1,2,0,0
2026-05-15,R-029,LOG,1,30679,0,
2026-05-15,R-030,LOG,1,30679,0,
2026-05-15,R-031,LOG,1,30679,0,
2026-05-15,R-032,LOY,1,1,0,0
2026-05-15,R-033,LOY,1,1856704,0,
2026-05-15,R-034,LOY,1,1856704,0,
2026-05-15,R-035,PRD,1,84020,0,
2026-05-15,R-036,PRD,1,1,0,0
2026-05-15,R-037,PRD,1,84020,0,
2026-05-15,R-038,PRD,1,84020,0,
2026-05-15,R-039,PRD,1,84020,0,
2026-05-15,R-040,STO,1,642,0,
2026-05-15,R-041,STO,1,1,0,0
2026-05-15,R-042,STO,1,642,0,
2026-05-15,R-043,STO,1,642,0,
2026-05-15,R-044,STO,1,642,0,
2026-05-15,R-045,ECOM,1,144407,0,
2026-05-15,R-046,ECOM,1,144407,0,
2026-05-15,R-047,EDI,1,8822,0,
2026-05-15,R-048,POS,1,2588369,0,
2026-05-16,R-001,POS,1,2873401,0,
2026-05-16,R-002,POS,1,4,0,0
2026-05-16,R-003,POS,1,2873401,0,
2026-05-16,R-004,POS,1,21948573,0,
2026-05-16,R-005,POS,1,2873401,0,
2026-05-16,R-006,POS,1,2873401,0,
2026-05-16,R-007,ECOM,1,128399,0,
2026-05-16,R-008,ECOM,1,128399,0,
2026-05-16,R-009,ECOM,1,128399,0,
2026-05-16,R-013,LOY,1,1857103,0,
2026-05-16,R-014,LOY,1,1857103,4284,
2026-05-16,R-015,LOY,1,1857103,0,
2026-05-16,R-016,ECOM,1,914388,0,
2026-05-16,R-017,EDI,1,3,0,0
2026-05-16,R-018,EDI,1,8053,0,
2026-05-16,R-019,EDI,1,8053,0,
2026-05-16,R-020,EDI,1,8053,0,
2026-05-16,R-021,PRD,1,84027,0,
2026-05-16,R-022,EDI,1,1444395,0,
2026-05-16,R-023,ECOM,1,1,0,0
2026-05-16,R-027,LOG,1,28884,0,
2026-05-16,R-028,LOG,1,2,0,0
2026-05-16,R-029,LOG,1,28884,0,
2026-05-16,R-030,LOG,1,28884,0,
2026-05-16,R-031,LOG,1,28884,0,
2026-05-16,R-032,LOY,1,1,0,0
2026-05-16,R-033,LOY,1,1857103,0,
2026-05-16,R-034,LOY,1,1857103,0,
2026-05-16,R-035,PRD,1,84027,0,
2026-05-16,R-036,PRD,1,1,0,0
2026-05-16,R-037,PRD,1,84027,0,
2026-05-16,R-038,PRD,1,84027,0,
2026-05-16,R-039,PRD,1,84027,0,
2026-05-16,R-040,STO,1,642,0,
2026-05-16,R-041,STO,1,1,0,0
2026-05-16,R-042,STO,1,642,0,
2026-05-16,R-043,STO,1,642,0,
2026-05-16,R-044,STO,1,642,0,
2026-05-16,R-045,ECOM,1,128399,0,
2026-05-16,R-046,ECOM,1,128399,0,
2026-05-16,R-047,EDI,1,8053,0,
2026-05-16,R-048,POS,1,2873401,0,
2026-05-17,R-001,POS,1,2392839,0,
2026-05-17,R-002,POS,1,4,0,0
2026-05-17,R-003,POS,1,2392839,0,
2026-05-17,R-004,POS,1,18186441,0,
2026-05-17,R-005,POS,1,2392839,0,
2026-05-17,R-006,POS,1,2392839,0,
2026-05-17,R-007,ECOM,1,152508,0,
2026-05-17,R-008,ECOM,1,152508,0,
2026-05-17,R-009,ECOM,1,152508,0,
2026-05-17,R-013,LOY,1,1857450,0,
2026-05-17,R-014,LOY,1,1857450,4417,
2026-05-17,R-015,LOY,1,1857450,0,
2026-05-17,R-016,ECOM,1,1078121,0,
2026-05-17,R-021,PRD,1,84030,0,
2026-05-17,R-023,ECOM,1,1,0,0
2026-05-17,R-027,LOG,1,21203,0,
2026-05-17,R-028,LOG,1,2,0,0
2026-05-17,R-029,LOG,1,21203,0,
2026-05-17,R-030,LOG,1,21203,0,
2026-05-17,R-031,LOG,1,21203,0,
2026-05-17,R-032,LOY,1,1,0,0
2026-05-17,R-033,LOY,1,1857450,0,
2026-05-17,R-034,LOY,1,1857450,0,
2026-05-17,R-035,PRD,1,84030,0,
2026-05-17,R-036,PRD,1,1,0,0
2026-05-17,R-037,PRD,1,84030,0,
2026-05-17,R-038,PRD,1,84030,0,
2026-05-17,R-039,PRD,1,84030,0,
2026-05-17,R-040,STO,1,642,0,
2026-05-17,R-041,STO,1,1,0,0
2026-05-17,R-042,STO,1,642,0,
2026-05-17,R-043,STO,1,642,0,
2026-05-17,R-044,STO,1,642,0,
2026-05-17,R-045,ECOM,1,152508,0,
2026-05-17,R-046,ECOM,1,152508,0,
2026-05-17,R-048,POS,1,2392839,0,
2026-05-18,R-001,POS,1,2214463,0,
2026-05-18,R-002,POS,1,4,0,0
2026-05-18,R-003,POS,1,2214463,0,
2026-05-18,R-004,POS,1,17013717,0,
2026-05-18,R-005,POS,1,2214463,0,
2026-05-18,R-006,POS,1,2214463,0,
2026-05-18,R-007,ECOM,1,150207,0,
2026-05-18,R-008,ECOM,1,150207,0,
2026-05-18,R-009,ECOM,1,150207,0,
2026-05-18,R-010,GL,1,92729,0,
2026-05-18,R-011,GL,1,92729,0,
2026-05-18,R-012,GL,1,1,0,0
2026-05-18,R-013,LOY,1,1857823,0,
2026-05-18,R-014,LOY,1,1857823,4321,
2026-05-18,R-015,LOY,1,1857823,0,
2026-05-18,R-016,ECOM,1,1063810,0,
2026-05-18,R-017,EDI,1,3,0,0
2026-05-18,R-018,EDI,1,9869,0,
2026-05-18,R-019,EDI,1,9869,0,
2026-05-18,R-020,EDI,1,9869,0,
2026-05-18,R-021,PRD,1,84036,0,
2026-05-18,R-022,EDI,1,1759910,0,
2026-05-18,R-023,ECOM,1,1,0,0
2026-05-18,R-024,GL,1,92729,0,
2026-05-18,R-025,GL,1,92729,0,
2026-05-18,R-026,GL,1,41089531,0,
2026-05-18,R-027,LOG,1,32223,0,
2026-05-18,R-028,LOG,1,2,0,0
2026-05-18,R-029,LOG,1,32223,0,
2026-05-18,R-030,LOG,1,32223,0,
2026-05-18,R-031,LOG,1,32223,0,
2026-05-18,R-032,LOY,1,1,0,0
2026-05-18,R-033,LOY,1,1857823,0,
2026-05-18,R-034,LOY,1,1857823,0,
2026-05-18,R-035,PRD,1,84036,0,
2026-05-18,R-036,PRD,1,1,0,0
2026-05-18,R-037,PRD,1,84036,0,
2026-05-18,R-038,PRD,1,84036,0,
2026-05-18,R-039,PRD,1,84036,0,
2026-05-18,R-040,STO,1,642,0,
2026-05-18,R-041,STO,1,1,0,0
2026-05-18,R-042,STO,1,642,0,
2026-05-18,R-043,STO,1,642,0,
2026-05-18,R-044,STO,1,642,0,
2026-05-18,R-045,ECOM,1,150207,0,
2026-05-18,R-046,ECOM,1,150207,0,
2026-05-18,R-047,EDI,1,9869,0,
2026-05-18,R-048,POS,1,2214463,0,
2026-05-19,R-001,POS,1,2164128,0,
2026-05-19,R-002,POS,1,4,0,0
2026-05-19,R-003,POS,1,2164128,0,
2026-05-19,R-004,POS,1,16611988,0,
2026-05-19,R-005,POS,1,2164128,0,
2026-05-19,R-006,POS,1,2164128,0,
2026-05-19,R-007,ECOM,1,145032,0,
2026-05-19,R-008,ECOM,1,145032,0,
2026-05-19,R-009,ECOM,1,145032,0,
2026-05-19,R-010,GL,1,90650,0,
2026-05-19,R-011,GL,1,90650,0,
2026-05-19,R-012,GL,1,1,0,0
2026-05-19,R-013,LOY,1,1858212,0,
2026-05-19,R-014,LOY,1,1858212,4237,
2026-05-19,R-015,LOY,1,1858212,0,
2026-05-19,R-016,ECOM,1,1027115,0,
2026-05-19,R-017,EDI,1,3,0,22
2026-05-19,R-018,EDI,1,8805,0,
2026-05-19,R-019,EDI,1,8805,0,
2026-05-19,R-020,EDI,1,8805,0,
2026-05-19,R-021,PRD,1,84047,0,
2026-05-19,R-022,EDI,1,1566449,0,
2026-05-19,R-023,ECOM,1,1,0,0
2026-05-19,R-024,GL,1,90650,0,
2026-05-19,R-025,GL,1,90650,0,
2026-05-19,R-026,GL,1,40467012,0,
2026-05-19,R-027,LOG,1,31483,0,
2026-05-19,R-028,LOG,1,2,0,0
2026-05-19,R-029,LOG,1,31483,0,
2026-05-19,R-030,LOG,1,31483,0,
2026-05-19,R-031,LOG,1,31483,0,
2026-05-19,R-032,LOY,1,1,0,0
2026-05-19,R-033,LOY,1,1858212,0,
2026-05-19,R-034,LOY,1,1858212,0,
2026-05-19,R-035,PRD,1,84047,0,
2026-05-19,R-036,PRD,1,1,0,0
2026-05-19,R-037,PRD,1,84047,0,
2026-05-19,R-038,PRD,1,84047,0,
2026-05-19,R-039,PRD,1,84047,0,
2026-05-19,R-040,STO,1,642,0,
2026-05-19,R-041,STO,1,1,0,0
2026-05-19,R-042,STO,1,642,0,
2026-05-19,R-043,STO,1,642,0,
2026-05-19,R-044,STO,1,642,0,
2026-05-19,R-045,ECOM,1,145032,0,
2026-05-19,R-046,ECOM,1,145032,0,
2026-05-19,R-047,EDI,1,8805,0,
2026-05-19,R-048,POS,1,2164128,0,
2026-05-20,R-001,POS,1,2259549,0,
2026-05-20,R-002,POS,1,4,0,0
2026-05-20,R-003,POS,1,2259549,0,
2026-05-20,R-004,POS,1,17286986,0,
2026-05-20,R-005,POS,1,2259549,0,
2026-05-20,R-006,POS,1,2259549,0,
2026-05-20,R-007,ECOM,1,140391,0,
2026-05-20,R-008,ECOM,1,140391,0,
2026-05-20,R-009,ECOM,1,140391,0,
2026-05-20,R-010,GL,1,93507,0,
2026-05-20,R-011,GL,1,93507,0,
2026-05-20,R-012,GL,1,1,0,0
2026-05-20,R-013,LOY,1,1858563,0,
2026-05-20,R-014,LOY,1,1858563,4449,
2026-05-20,R-015,LOY,1,1858563,0,
2026-05-20,R-016,ECOM,1,991174,0,
2026-05-20,R-017,EDI,1,3,0,0
2026-05-20,R-018,EDI,1,8788,0,
2026-05-20,R-019,EDI,1,8788,0,
2026-05-20,R-020,EDI,1,8788,0,
2026-05-20,R-021,PRD,1,84058,0,
2026-05-20,R-022,EDI,1,1563955,0,
2026-05-20,R-023,ECOM,1,1,0,0
2026-05-20,R-024,GL,1,93507,0,
2026-05-20,R-025,GL,1,93507,0,
2026-05-20,R-026,GL,1,41730211,0,
2026-05-20,R-027,LOG,1,30285,0,
2026-05-20,R-028,LOG,1,2,0,0
2026-05-20,R-029,LOG,1,30285,0,
2026-05-20,R-030,LOG,1,30285,0,
2026-05-20,R-031,LOG,1,30285,0,
2026-05-20,R-032,LOY,1,1,0,0
2026-05-20,R-033,LOY,1,1858563,0,
2026-05-20,R-034,LOY,1,1858563,0,
2026-05-20,R-035,PRD,1,84058,0,
2026-05-20,R-036,PRD,1,1,0,0
2026-05-20,R-037,PRD,1,84058,0,
2026-05-20,R-038,PRD,1,84058,0,
2026-05-20,R-039,PRD,1,84058,0,
2026-05-20,R-040,STO,1,642,0,
2026-05-20,R-041,STO,1,1,0,0
2026-05-20,R-042,STO,1,642,0,
2026-05-20,R-043,STO,1,642,0,
2026-05-20,R-044,STO,1,642,0,
2026-05-20,R-045,ECOM,1,140391,0,
2026-05-20,R-046,ECOM,1,140391,0,
2026-05-20,R-047,EDI,1,8788,0,
2026-05-20,R-048,POS,1,2259549,0,
2026-05-21,R-001,POS,1,2336050,0,
2026-05-21,R-002,POS,1,4,0,0
2026-05-21,R-003,POS,1,2336050,0,
2026-05-21,R-004,POS,1,17887589,0,
2026-05-21,R-005,POS,1,2336050,0,
2026-05-21,R-006,POS,1,2336050,0,
2026-05-21,R-007,ECOM,1,139968,0,
2026-05-21,R-008,ECOM,1,139968,0,
2026-05-21,R-009,ECOM,1,139968,0,
2026-05-21,R-010,GL,1,93631,0,
2026-05-21,R-011,GL,1,93631,0,
2026-05-21,R-012,GL,1,1,0,0
2026-05-21,R-013,LOY,1,1858857,0,
2026-05-21,R-014,LOY,1,1858857,3930,
2026-05-21,R-015,LOY,1,1858857,0,
2026-05-21,R-016,ECOM,1,991660,0,
2026-05-21,R-017,EDI,1,3,0,0
2026-05-21,R-018,EDI,1,8581,0,
2026-05-21,R-019,EDI,1,8581,0,
2026-05-21,R-020,EDI,1,8581,0,
2026-05-21,R-021,PRD,1,84058,0,
2026-05-21,R-022,EDI,1,1534464,0,
2026-05-21,R-023,ECOM,1,1,0,0
2026-05-21,R-024,GL,1,93631,0,
2026-05-21,R-025,GL,1,93631,0,
2026-05-21,R-026,GL,1,41460492,0,
2026-05-21,R-027,LOG,1,31270,0,
2026-05-21,R-028,LOG,1,2,0,0
2026-05-21,R-029,LOG,1,31270,0,
2026-05-21,R-030,LOG,1,31270,0,
2026-05-21,R-031,LOG,1,31270,0,
2026-05-21,R-032,LOY,1,1,0,0
2026-05-21,R-033,LOY,1,1858857,0,
2026-05-21,R-034,LOY,1,1858857,0,
2026-05-21,R-035,PRD,1,84058,0,
2026-05-21,R-036,PRD,1,1,0,0
2026-05-21,R-037,PRD,1,84058,0,
2026-05-21,R-038,PRD,1,84058,0,
2026-05-21,R-039,PRD,1,84058,0,
2026-05-21,R-040,STO,1,642,0,
2026-05-21,R-041,STO,1,1,0,0
2026-05-21,R-042,STO,1,642,0,
2026-05-21,R-043,STO,1,642,0,
2026-05-21,R-044,STO,1,642,0,
2026-05-21,R-045,ECOM,1,139968,0,
2026-05-21,R-046,ECOM,1,139968,0,
2026-05-21,R-047,EDI,1,8581,0,
2026-05-21,R-048,POS,1,2336050,0,
2026-05-22,R-001,POS,1,2591852,0,
2026-05-22,R-002,POS,1,4,0,0
2026-05-22,R-003,POS,1,2591852,0,
2026-05-22,R-004,POS,1,19822560,0,
2026-05-22,R-005,POS,1,2591852,0,
2026-05-22,R-006,POS,1,2591852,0,
2026-05-22,R-007,ECOM,1,145658,0,
2026-05-22,R-008,ECOM,1,145658,0,
2026-05-22,R-009,ECOM,1,145658,0,
2026-05-22,R-010,GL,1,96311,0,
2026-05-22,R-011,GL,1,96311,0,
2026-05-22,R-012,GL,1,1,0,0
2026-05-22,R-013,LOY,1,1859228,0,
2026-05-22,R-014,LOY,1,1859228,3870,
2026-05-22,R-015,LOY,1,1859228,0,
2026-05-22,R-016,ECOM,1,1030351,0,
2026-05-22,R-017,EDI,1,3,0,0
2026-05-22,R-018,EDI,1,9038,0,
2026-05-22,R-019,EDI,1,9038,0,
2026-05-22,R-020,EDI,1,9038,0,
2026-05-22,R-021,PRD,1,84068,0,
2026-05-22,R-022,EDI,1,1612845,0,
2026-05-22,R-023,ECOM,1,1,0,0
2026-05-22,R-024,GL,1,96311,0,
2026-05-22,R-025,GL,1,96311,0,
2026-05-22,R-026,GL,1,42824043,0,
2026-05-22,R-027,LOG,1,31848,0,
2026-05-22,R-028,LOG,1,2,0,0
2026-05-22,R-029,LOG,1,31848,0,
2026-05-22,R-030,LOG,1,31848,0,
2026-05-22,R-031,LOG,1,31848,0,
2026-05-22,R-032,LOY,1,1,0,0
2026-05-22,R-033,LOY,1,1859228,0,
2026-05-22,R-034,LOY,1,1859228,0,
2026-05-22,R-035,PRD,1,84068,0,
2026-05-22,R-036,PRD,1,1,0,0
2026-05-22,R-037,PRD,1,84068,0,
2026-05-22,R-038,PRD,1,84068,0,
2026-05-22,R-039,PRD,1,84068,0,
2026-05-22,R-040,STO,1,642,0,
2026-05-22,R-041,STO,1,1,0,0
2026-05-22,R-042,STO,1,642,0,
2026-05-22,R-043,STO,1,642,0,
2026-05-22,R-044,STO,1,642,0,
2026-05-22,R-045,ECOM,1,145658,0,
2026-05-22,R-046,ECOM,1,145658,0,
2026-05-22,R-047,EDI,1,9038,0,
2026-05-22,R-048,POS,1,2591852,0,
2026-05-23,R-001,POS,1,2910627,0,
2026-05-23,R-002,POS,1,4,0,0
2026-05-23,R-003,POS,1,2910627,0,
2026-05-23,R-004,POS,1,22191374,0,
2026-05-23,R-005,POS,1,2910627,0,
2026-05-23,R-006,POS,1,2910627,0,
2026-05-23,R-007,ECOM,1,129740,0,
2026-05-23,R-008,ECOM,1,129740,0,
2026-05-23,R-009,ECOM,1,129740,0,
2026-05-23,R-013,LOY,1,1859540,0,
2026-05-23,R-014,LOY,1,1859540,4416,
2026-05-23,R-015,LOY,1,1859540,0,
2026-05-23,R-016,ECOM,1,923020,0,
2026-05-23,R-017,EDI,1,3,0,0
2026-05-23,R-018,EDI,1,7953,0,
2026-05-23,R-019,EDI,1,7953,0,
2026-05-23,R-020,EDI,1,7953,0,
2026-05-23,R-021,PRD,1,84077,0,
2026-05-23,R-022,EDI,1,1415244,0,
2026-05-23,R-023,ECOM,1,1,0,0
2026-05-23,R-027,LOG,1,28675,0,
2026-05-23,R-028,LOG,1,2,0,0
2026-05-23,R-029,LOG,1,28675,0,
2026-05-23,R-030,LOG,1,28675,0,
2026-05-23,R-031,LOG,1,28675,0,
2026-05-23,R-032,LOY,1,1,0,0
2026-05-23,R-033,LOY,1,1859540,0,
2026-05-23,R-034,LOY,1,1859540,0,
2026-05-23,R-035,PRD,1,84077,0,
2026-05-23,R-036,PRD,1,1,0,0
2026-05-23,R-037,PRD,1,84077,0,
2026-05-23,R-038,PRD,1,84077,0,
2026-05-23,R-039,PRD,1,84077,0,
2026-05-23,R-040,STO,1,642,0,
2026-05-23,R-041,STO,1,1,0,0
2026-05-23,R-042,STO,1,642,0,
2026-05-23,R-043,STO,1,642,0,
2026-05-23,R-044,STO,1,642,0,
2026-05-23,R-045,ECOM,1,129740,0,
2026-05-23,R-046,ECOM,1,129740,0,
2026-05-23,R-047,EDI,1,7953,0,
2026-05-23,R-048,POS,1,2910627,0,
2026-05-24,R-001,POS,1,2457997,0,
2026-05-24,R-002,POS,1,4,0,0
2026-05-24,R-003,POS,1,2457997,0,
2026-05-24,R-004,POS,1,18759938,0,
2026-05-24,R-005,POS,1,2457997,0,
2026-05-24,R-006,POS,1,2457997,0,
2026-05-24,R-007,ECOM,1,145756,0,
2026-05-24,R-008,ECOM,1,145756,0,
2026-05-24,R-009,ECOM,1,145756,0,
2026-05-24,R-013,LOY,1,1859928,0,
2026-05-24,R-014,LOY,1,1859928,3820,
2026-05-24,R-015,LOY,1,1859928,0,
2026-05-24,R-016,ECOM,1,1026684,0,
2026-05-24,R-021,PRD,1,84079,0,
2026-05-24,R-023,ECOM,1,1,0,0
2026-05-24,R-027,LOG,1,21085,0,
2026-05-24,R-028,LOG,1,2,0,0
2026-05-24,R-029,LOG,1,21085,0,
2026-05-24,R-030,LOG,1,21085,0,
2026-05-24,R-031,LOG,1,21085,0,
2026-05-24,R-032,LOY,1,1,0,0
2026-05-24,R-033,LOY,1,1859928,0,
2026-05-24,R-034,LOY,1,1859928,0,
2026-05-24,R-035,PRD,1,84079,0,
2026-05-24,R-036,PRD,1,1,0,0
2026-05-24,R-037,PRD,1,84079,0,
2026-05-24,R-038,PRD,1,84079,0,
2026-05-24,R-039,PRD,1,84079,0,
2026-05-24,R-040,STO,1,642,0,
2026-05-24,R-041,STO,1,1,0,0
2026-05-24,R-042,STO,1,642,0,
2026-05-24,R-043,STO,1,642,0,
2026-05-24,R-044,STO,1,642,0,
2026-05-24,R-045,ECOM,1,145756,0,
2026-05-24,R-046,ECOM,1,145756,0,
2026-05-24,R-048,POS,1,2457997,0,
2026-05-25,R-001,POS,1,2271852,0,
2026-05-25,R-002,POS,1,4,0,0
2026-05-25,R-003,POS,1,2271852,0,
2026-05-25,R-004,POS,1,17393070,0,
2026-05-25,R-005,POS,1,2271852,0,
2026-05-25,R-006,POS,1,2271852,0,
2026-05-25,R-007,ECOM,1,157046,0,
2026-05-25,R-008,ECOM,1,157046,0,
2026-05-25,R-009,ECOM,1,157046,0,
2026-05-25,R-010,GL,1,91363,0,
2026-05-25,R-011,GL,1,91363,0,
2026-05-25,R-012,GL,1,1,0,0
2026-05-25,R-013,LOY,1,1860270,0,
2026-05-25,R-014,LOY,1,1860270,3534,
2026-05-25,R-015,LOY,1,1860270,0,
2026-05-25,R-016,ECOM,1,1106588,0,
2026-05-25,R-017,EDI,1,3,0,0
2026-05-25,R-018,EDI,1,10042,0,
2026-05-25,R-019,EDI,1,10042,0,
2026-05-25,R-020,EDI,1,10042,0,
2026-05-25,R-021,PRD,1,84083,0,
2026-05-25,R-022,EDI,1,1781815,0,
2026-05-25,R-023,ECOM,1,1,0,0
2026-05-25,R-024,GL,1,91363,0,
2026-05-25,R-025,GL,1,91363,0,
2026-05-25,R-026,GL,1,40526553,0,
2026-05-25,R-027,LOG,1,31815,0,
2026-05-25,R-028,LOG,1,2,0,0
2026-05-25,R-029,LOG,1,31815,0,
2026-05-25,R-030,LOG,1,31815,0,
2026-05-25,R-031,LOG,1,31815,0,
2026-05-25,R-032,LOY,1,1,0,0
2026-05-25,R-033,LOY,1,1860270,0,
2026-05-25,R-034,LOY,1,1860270,0,
2026-05-25,R-035,PRD,1,84083,0,
2026-05-25,R-036,PRD,1,1,0,0
2026-05-25,R-037,PRD,1,84083,0,
2026-05-25,R-038,PRD,1,84083,0,
2026-05-25,R-039,PRD,1,84083,0,
2026-05-25,R-040,STO,1,642,0,
2026-05-25,R-041,STO,1,1,0,0
2026-05-25,R-042,STO,1,642,0,
2026-05-25,R-043,STO,1,642,0,
2026-05-25,R-044,STO,1,642,0,
2026-05-25,R-045,ECOM,1,157046,0,
2026-05-25,R-046,ECOM,1,157046,0,
2026-05-25,R-047,EDI,1,10042,0,
2026-05-25,R-048,POS,1,2271852,0,
2026-05-26,R-001,POS,1,2207985,0,
2026-05-26,R-002,POS,1,4,0,0
2026-05-26,R-003,POS,1,2207985,0,
2026-05-26,R-004,POS,1,16958153,0,
2026-05-26,R-005,POS,1,2207985,0,
2026-05-26,R-006,POS,1,2207985,0,
2026-05-26,R-007,ECOM,1,144059,0,
2026-05-26,R-008,ECOM,1,144059,0,
2026-05-26,R-009,ECOM,1,144059,0,
2026-05-26,R-010,GL,1,90555,0,
2026-05-26,R-011,GL,1,90555,0,
2026-05-26,R-012,GL,1,1,0,0
2026-05-26,R-013,LOY,1,1860620,0,
2026-05-26,R-014,LOY,1,1860620,3697,
2026-05-26,R-015,LOY,1,1860620,0,
2026-05-26,R-016,ECOM,1,1017495,0,
2026-05-26,R-017,EDI,1,3,0,0
2026-05-26,R-018,EDI,1,8600,0,
2026-05-26,R-019,EDI,1,8600,0,
2026-05-26,R-020,EDI,1,8600,0,
2026-05-26,R-021,PRD,1,84084,0,
2026-05-26,R-022,EDI,1,1536064,0,
2026-05-26,R-023,ECOM,1,1,0,0
2026-05-26,R-024,GL,1,90555,0,
2026-05-26,R-025,GL,1,90555,0,
2026-05-26,R-026,GL,1,40282657,0,
2026-05-26,R-027,LOG,1,30550,0,
2026-05-26,R-028,LOG,1,2,0,0
2026-05-26,R-029,LOG,1,30550,0,
2026-05-26,R-030,LOG,1,30550,0,
2026-05-26,R-031,LOG,1,30550,0,
2026-05-26,R-032,LOY,1,1,0,0
2026-05-26,R-033,LOY,1,1860620,0,
2026-05-26,R-034,LOY,1,1860620,0,
2026-05-26,R-035,PRD,1,84084,0,
2026-05-26,R-036,PRD,1,1,0,0
2026-05-26,R-037,PRD,1,84084,0,
2026-05-26,R-038,PRD,1,84084,0,
2026-05-26,R-039,PRD,1,84084,0,
2026-05-26,R-040,STO,1,642,0,
2026-05-26,R-041,STO,1,1,0,0
2026-05-26,R-042,STO,1,642,0,
2026-05-26,R-043,STO,1,642,0,
2026-05-26,R-044,STO,1,642,0,
2026-05-26,R-045,ECOM,1,144059,0,
2026-05-26,R-046,ECOM,1,144059,0,
2026-05-26,R-047,EDI,1,8600,0,
2026-05-26,R-048,POS,1,2207985,0,
2026-05-27,R-001,POS,1,2269661,0,
2026-05-27,R-002,POS,1,4,0,0
2026-05-27,R-003,POS,1,2269661,0,
2026-05-27,R-004,POS,1,17270448,0,
2026-05-27,R-005,POS,1,2269661,0,
2026-05-27,R-006,POS,1,2269661,0,
2026-05-27,R-007,ECOM,1,136646,0,
2026-05-27,R-008,ECOM,1,136646,0,
2026-05-27,R-009,ECOM,1,136646,0,
2026-05-27,R-010,GL,1,93428,0,
2026-05-27,R-011,GL,1,93428,0,
2026-05-27,R-012,GL,1,1,0,0
2026-05-27,R-013,LOY,1,1861016,0,
2026-05-27,R-014,LOY,1,1861016,4138,
2026-05-27,R-015,LOY,1,1861016,0,
2026-05-27,R-016,ECOM,1,963201,0,
2026-05-27,R-017,EDI,1,3,0,0
2026-05-27,R-018,EDI,1,8390,0,
2026-05-27,R-019,EDI,1,8390,0,
2026-05-27,R-020,EDI,1,8390,0,
2026-05-27,R-021,PRD,1,84090,0,
2026-05-27,R-022,EDI,1,1504616,0,
2026-05-27,R-023,ECOM,1,1,0,0
2026-05-27,R-024,GL,1,93428,0,
2026-05-27,R-025,GL,1,93428,0,
2026-05-27,R-026,GL,1,41380373,0,
2026-05-27,R-027,LOG,1,30827,0,
2026-05-27,R-028,LOG,1,2,0,0
2026-05-27,R-029,LOG,1,30827,0,
2026-05-27,R-030,LOG,1,30827,0,
2026-05-27,R-031,LOG,1,30827,0,
2026-05-27,R-032,LOY,1,1,0,0
2026-05-27,R-033,LOY,1,1861016,0,
2026-05-27,R-034,LOY,1,1861016,0,
2026-05-27,R-035,PRD,1,84090,0,
2026-05-27,R-036,PRD,1,1,0,0
2026-05-27,R-037,PRD,1,84090,0,
2026-05-27,R-038,PRD,1,84090,0,
2026-05-27,R-039,PRD,1,84090,0,
2026-05-27,R-040,STO,1,642,0,
2026-05-27,R-041,STO,1,1,0,0
2026-05-27,R-042,STO,1,642,0,
2026-05-27,R-043,STO,1,642,0,
2026-05-27,R-044,STO,1,642,0,
2026-05-27,R-045,ECOM,1,136646,0,
2026-05-27,R-046,ECOM,1,136646,0,
2026-05-27,R-047,EDI,1,8390,0,
2026-05-27,R-048,POS,1,2269661,0,
2026-05-28,R-001,POS,1,2361251,0,
2026-05-28,R-002,POS,1,4,0,0
2026-05-28,R-003,POS,1,2361251,0,
2026-05-28,R-004,POS,1,18021086,0,
2026-05-28,R-005,POS,1,2361251,0,
2026-05-28,R-006,POS,1,2361251,0,
2026-05-28,R-007,ECOM,1,138318,0,
2026-05-28,R-008,ECOM,1,138318,0,
2026-05-28,R-009,ECOM,1,138318,0,
2026-05-28,R-010,GL,1,91915,0,
2026-05-28,R-011,GL,1,91915,0,
2026-05-28,R-012,GL,1,1,0,0
2026-05-28,R-013,LOY,1,1861345,0,
2026-05-28,R-014,LOY,1,1861345,4356,
2026-05-28,R-015,LOY,1,1861345,0,
2026-05-28,R-016,ECOM,1,978171,0,
2026-05-28,R-017,EDI,1,3,0,0
2026-05-28,R-018,EDI,1,8398,0,
2026-05-28,R-019,EDI,1,8398,0,
2026-05-28,R-020,EDI,1,8398,0,
2026-05-28,R-021,PRD,1,84100,0,
2026-05-28,R-022,EDI,1,1489903,0,
2026-05-28,R-023,ECOM,1,1,0,0
2026-05-28,R-024,GL,1,91915,0,
2026-05-28,R-025,GL,1,91915,0,
2026-05-28,R-026,GL,1,40679313,0,
2026-05-28,R-027,LOG,1,29963,0,
2026-05-28,R-028,LOG,1,2,0,0
2026-05-28,R-029,LOG,1,29963,0,
2026-05-28,R-030,LOG,1,29963,0,
2026-05-28,R-031,LOG,1,29963,0,
2026-05-28,R-032,LOY,1,1,0,0
2026-05-28,R-033,LOY,1,1861345,0,
2026-05-28,R-034,LOY,1,1861345,0,
2026-05-28,R-035,PRD,1,84100,0,
2026-05-28,R-036,PRD,1,1,0,0
2026-05-28,R-037,PRD,1,84100,0,
2026-05-28,R-038,PRD,1,84100,0,
2026-05-28,R-039,PRD,1,84100,0,
2026-05-28,R-040,STO,1,642,0,
2026-05-28,R-041,STO,1,1,0,0
2026-05-28,R-042,STO,1,642,0,
2026-05-28,R-043,STO,1,642,0,
2026-05-28,R-044,STO,1,642,0,
2026-05-28,R-045,ECOM,1,138318,0,
2026-05-28,R-046,ECOM,1,138318,0,
2026-05-28,R-047,EDI,1,8398,0,
2026-05-28,R-048,POS,1,2361251,0,
2026-05-29,R-001,POS,1,2647663,0,
2026-05-29,R-002,POS,1,4,0,0
2026-05-29,R-003,POS,1,2647663,0,
2026-05-29,R-004,POS,1,20331759,0,
2026-05-29,R-005,POS,1,2647663,0,
2026-05-29,R-006,POS,1,2647663,0,
2026-05-29,R-007,ECOM,1,145520,0,
2026-05-29,R-008,ECOM,1,145520,0,
2026-05-29,R-009,ECOM,1,145520,0,
2026-05-29,R-010,GL,1,98542,0,
2026-05-29,R-011,GL,1,98542,0,
2026-05-29,R-012,GL,1,1,0,0
2026-05-29,R-013,LOY,1,1861676,0,
2026-05-29,R-014,LOY,1,1861676,3623,
2026-05-29,R-015,LOY,1,1861676,0,
2026-05-29,R-016,ECOM,1,1029596,0,
2026-05-29,R-017,EDI,1,3,0,0
2026-05-29,R-018,EDI,1,8744,0,
2026-05-29,R-019,EDI,1,8744,0,
2026-05-29,R-020,EDI,1,8744,0,
2026-05-29,R-021,PRD,1,84103,0,
2026-05-29,R-022,EDI,1,1562548,0,
2026-05-29,R-023,ECOM,1,1,0,0
2026-05-29,R-024,GL,1,98542,0,
2026-05-29,R-025,GL,1,98542,0,
2026-05-29,R-026,GL,1,43905145,0,
2026-05-29,R-027,LOG,1,31049,0,
2026-05-29,R-028,LOG,1,2,0,0
2026-05-29,R-029,LOG,1,31049,0,
2026-05-29,R-030,LOG,1,31049,0,
2026-05-29,R-031,LOG,1,31049,0,
2026-05-29,R-032,LOY,1,1,0,0
2026-05-29,R-033,LOY,1,1861676,0,
2026-05-29,R-034,LOY,1,1861676,0,
2026-05-29,R-035,PRD,1,84103,0,
2026-05-29,R-036,PRD,1,1,0,0
2026-05-29,R-037,PRD,1,84103,0,
2026-05-29,R-038,PRD,1,84103,0,
2026-05-29,R-039,PRD,1,84103,0,
2026-05-29,R-040,STO,1,642,0,
2026-05-29,R-041,STO,1,1,0,0
2026-05-29,R-042,STO,1,642,0,
2026-05-29,R-043,STO,1,642,0,
2026-05-29,R-044,STO,1,642,0,
2026-05-29,R-045,ECOM,1,145520,0,
2026-05-29,R-046,ECOM,1,145520,0,
2026-05-29,R-047,EDI,1,8744,0,
2026-05-29,R-048,POS,1,2647663,0,
2026-05-30,R-001,POS,1,2849759,0,
2026-05-30,R-002,POS,1,4,0,0
2026-05-30,R-003,POS,1,2849759,0,
2026-05-30,R-004,POS,1,21902129,0,
2026-05-30,R-005,POS,1,2849759,0,
2026-05-30,R-006,POS,1,2849759,0,
2026-05-30,R-007,ECOM,1,131310,0,
2026-05-30,R-008,ECOM,1,131310,0,
2026-05-30,R-009,ECOM,1,131310,0,
2026-05-30,R-013,LOY,1,1862020,0,
2026-05-30,R-014,LOY,1,1862020,4328,
2026-05-30,R-015,LOY,1,1862020,0,
2026-05-30,R-016,ECOM,1,927470,0,
2026-05-30,R-017,EDI,1,3,0,0
2026-05-30,R-018,EDI,1,7932,0,
2026-05-30,R-019,EDI,1,7932,0,
2026-05-30,R-020,EDI,1,7932,0,
2026-05-30,R-021,PRD,1,84111,0,
2026-05-30,R-022,EDI,1,1416362,0,
2026-05-30,R-023,ECOM,1,1,0,0
2026-05-30,R-027,LOG,1,27742,0,
2026-05-30,R-028,LOG,1,2,0,0
2026-05-30,R-029,LOG,1,27742,0,
2026-05-30,R-030,LOG,1,27742,0,
2026-05-30,R-031,LOG,1,27742,0,
2026-05-30,R-032,LOY,1,1,0,0
2026-05-30,R-033,LOY,1,1862020,0,
2026-05-30,R-034,LOY,1,1862020,0,
2026-05-30,R-035,PRD,1,84111,0,
2026-05-30,R-036,PRD,1,1,0,0
2026-05-30,R-037,PRD,1,84111,0,
2026-05-30,R-038,PRD,1,84111,0,
2026-05-30,R-039,PRD,1,84111,0,
2026-05-30,R-040,STO,1,642,0,
2026-05-30,R-041,STO,1,1,0,0
2026-05-30,R-042,STO,1,642,0,
2026-05-30,R-043,STO,1,642,0,
2026-05-30,R-044,STO,1,642,0,
2026-05-30,R-045,ECOM,1,131310,0,
2026-05-30,R-046,ECOM,1,131310,0,
2026-05-30,R-047,EDI,1,7932,0,
2026-05-30,R-048,POS,1,2849759,0,
2026-05-31,R-001,POS,1,2386018,0,
2026-05-31,R-002,POS,1,4,0,0
2026-05-31,R-003,POS,1,2386018,0,
2026-05-31,R-004,POS,1,18304173,0,
2026-05-31,R-005,POS,1,2386018,0,
2026-05-31,R-006,POS,1,2386018,0,
2026-05-31,R-007,ECOM,1,152117,0,
2026-05-31,R-008,ECOM,1,152117,0,
2026-05-31,R-009,ECOM,1,152117,0,
2026-05-31,R-013,LOY,1,1862306,0,
2026-05-31,R-014,LOY,1,1862306,4250,
2026-05-31,R-015,LOY,1,1862306,0,
2026-05-31,R-016,ECOM,1,1083242,0,
2026-05-31,R-021,PRD,1,84118,0,
2026-05-31,R-023,ECOM,1,1,0,0
2026-05-31,R-027,LOG,1,21967,0,
2026-05-31,R-028,LOG,1,2,0,0
2026-05-31,R-029,LOG,1,21967,0,
2026-05-31,R-030,LOG,1,21967,0,
2026-05-31,R-031,LOG,1,21967,0,
2026-05-31,R-032,LOY,1,1,0,0
2026-05-31,R-033,LOY,1,1862306,0,
2026-05-31,R-034,LOY,1,1862306,0,
2026-05-31,R-035,PRD,1,84118,0,
2026-05-31,R-036,PRD,1,1,0,0
2026-05-31,R-037,PRD,1,84118,0,
2026-05-31,R-038,PRD,1,84118,0,
2026-05-31,R-039,PRD,1,84118,0,
2026-05-31,R-040,STO,1,642,0,
2026-05-31,R-041,STO,1,1,0,0
2026-05-31,R-042,STO,1,642,0,
2026-05-31,R-043,STO,1,642,0,
2026-05-31,R-044,STO,1,642,0,
2026-05-31,R-045,ECOM,1,152117,0,
2026-05-31,R-046,ECOM,1,152117,0,
2026-05-31,R-048,POS,1,2386018,0,
2026-06-01,R-001,POS,1,2307774,0,
2026-06-01,R-002,POS,1,4,0,0
2026-06-01,R-003,POS,1,2307774,0,
2026-06-01,R-004,POS,1,17600255,0,
2026-06-01,R-005,POS,1,2307774,0,
2026-06-01,R-006,POS,1,2307774,0,
2026-06-01,R-007,ECOM,1,155640,0,
2026-06-01,R-008,ECOM,1,155640,0,
2026-06-01,R-009,ECOM,1,155640,0,
2026-06-01,R-010,GL,1,92786,0,
2026-06-01,R-011,GL,1,92786,0,
2026-06-01,R-012,GL,1,1,0,0
2026-06-01,R-013,LOY,1,1862639,0,
2026-06-01,R-014,LOY,1,1862639,3672,
2026-06-01,R-015,LOY,1,1862639,0,
2026-06-01,R-016,ECOM,1,1102852,0,
2026-06-01,R-017,EDI,1,3,0,11
2026-06-01,R-018,EDI,1,10212,0,
2026-06-01,R-019,EDI,1,10212,0,
2026-06-01,R-020,EDI,1,10212,0,
2026-06-01,R-021,PRD,1,84121,0,
2026-06-01,R-022,EDI,1,1815293,0,
2026-06-01,R-023,ECOM,1,1,0,0
2026-06-01,R-024,GL,1,92786,0,
2026-06-01,R-025,GL,1,92786,0,
2026-06-01,R-026,GL,1,40997150,0,
2026-06-01,R-027,LOG,1,31761,0,
2026-06-01,R-028,LOG,1,2,0,0
2026-06-01,R-029,LOG,1,31761,0,
2026-06-01,R-030,LOG,1,31761,0,
2026-06-01,R-031,LOG,1,31761,0,
2026-06-01,R-032,LOY,1,1,0,0
2026-06-01,R-033,LOY,1,1862639,0,
2026-06-01,R-034,LOY,1,1862639,0,
2026-06-01,R-035,PRD,1,84121,0,
2026-06-01,R-036,PRD,1,1,0,0
2026-06-01,R-037,PRD,1,84121,0,
2026-06-01,R-038,PRD,1,84121,0,
2026-06-01,R-039,PRD,1,84121,0,
2026-06-01,R-040,STO,1,642,0,
2026-06-01,R-041,STO,1,1,0,0
2026-06-01,R-042,STO,1,642,0,
2026-06-01,R-043,STO,1,642,0,
2026-06-01,R-044,STO,1,642,0,
2026-06-01,R-045,ECOM,1,155640,0,
2026-06-01,R-046,ECOM,1,155640,0,
2026-06-01,R-047,EDI,1,10212,0,
2026-06-01,R-048,POS,1,2307774,0,
2026-06-02,R-001,POS,1,2167555,0,
2026-06-02,R-002,POS,1,4,0,0
2026-06-02,R-003,POS,1,2167555,0,
2026-06-02,R-004,POS,1,16500924,0,
2026-06-02,R-005,POS,1,2167555,0,
2026-06-02,R-006,POS,1,2167555,0,
2026-06-02,R-007,ECOM,1,140836,0,
2026-06-02,R-008,ECOM,1,140836,0,
2026-06-02,R-009,ECOM,1,140836,0,
2026-06-02,R-010,GL,1,91561,0,
2026-06-02,R-011,GL,1,91561,0,
2026-06-02,R-012,GL,1,1,0,0
2026-06-02,R-013,LOY,1,1863036,0,
2026-06-02,R-014,LOY,1,1863036,3620,
2026-06-02,R-015,LOY,1,1863036,0,
2026-06-02,R-016,ECOM,1,999968,0,
2026-06-02,R-017,EDI,1,3,0,0
2026-06-02,R-018,EDI,1,8938,0,
2026-06-02,R-019,EDI,1,8938,0,
2026-06-02,R-020,EDI,1,8938,0,
2026-06-02,R-021,PRD,1,84129,0,
2026-06-02,R-022,EDI,1,1599751,0,
2026-06-02,R-023,ECOM,1,1,0,0
2026-06-02,R-024,GL,1,91561,0,
2026-06-02,R-025,GL,1,91561,0,
2026-06-02,R-026,GL,1,40819226,0,
2026-06-02,R-027,LOG,1,31747,0,
2026-06-02,R-028,LOG,1,2,0,0
2026-06-02,R-029,LOG,1,31747,0,
2026-06-02,R-030,LOG,1,31747,0,
2026-06-02,R-031,LOG,1,31747,0,
2026-06-02,R-032,LOY,1,1,0,0
2026-06-02,R-033,LOY,1,1863036,0,
2026-06-02,R-034,LOY,1,1863036,0,
2026-06-02,R-035,PRD,1,84129,0,
2026-06-02,R-036,PRD,1,1,0,0
2026-06-02,R-037,PRD,1,84129,0,
2026-06-02,R-038,PRD,1,84129,0,
2026-06-02,R-039,PRD,1,84129,0,
2026-06-02,R-040,STO,1,642,0,
2026-06-02,R-041,STO,1,1,0,0
2026-06-02,R-042,STO,1,642,0,
2026-06-02,R-043,STO,1,642,0,
2026-06-02,R-044,STO,1,642,0,
2026-06-02,R-045,ECOM,1,140836,0,
2026-06-02,R-046,ECOM,1,140836,0,
2026-06-02,R-047,EDI,1,8938,0,
2026-06-02,R-048,POS,1,2167555,0,
2026-06-03,R-001,POS,1,2275019,0,
2026-06-03,R-002,POS,1,4,0,0
2026-06-03,R-003,POS,1,2275019,0,
2026-06-03,R-004,POS,1,17357259,0,
2026-06-03,R-005,POS,1,2275019,0,
2026-06-03,R-006,POS,1,2275019,0,
2026-06-03,R-007,ECOM,1,136901,0,
2026-06-03,R-008,ECOM,1,136901,0,
2026-06-03,R-009,ECOM,1,136901,0,
2026-06-03,R-010,GL,1,92457,0,
2026-06-03,R-011,GL,1,92457,0,
2026-06-03,R-012,GL,1,1,0,0
2026-06-03,R-013,LOY,1,1863324,0,
2026-06-03,R-014,LOY,1,1863324,3494,
2026-06-03,R-015,LOY,1,1863324,0,
2026-06-03,R-016,ECOM,1,971233,0,
2026-06-03,R-017,EDI,1,3,0,12
2026-06-03,R-018,EDI,1,8563,0,
2026-06-03,R-019,EDI,1,8563,0,
2026-06-03,R-020,EDI,1,8563,0,
2026-06-03,R-021,PRD,1,84141,0,
2026-06-03,R-022,EDI,1,1535074,0,
2026-06-03,R-023,ECOM,1,1,0,0
2026-06-03,R-024,GL,1,92457,0,
2026-06-03,R-025,GL,1,92457,0,
2026-06-03,R-026,GL,1,41226134,0,
2026-06-03,R-027,LOG,1,29694,0,
2026-06-03,R-028,LOG,1,2,0,0
2026-06-03,R-029,LOG,1,29694,0,
2026-06-03,R-030,LOG,1,29694,0,
2026-06-03,R-031,LOG,1,29694,0,
2026-06-03,R-032,LOY,1,1,0,0
2026-06-03,R-033,LOY,1,1863324,0,
2026-06-03,R-034,LOY,1,1863324,0,
2026-06-03,R-035,PRD,1,84141,0,
2026-06-03,R-036,PRD,1,1,0,0
2026-06-03,R-037,PRD,1,84141,0,
2026-06-03,R-038,PRD,1,84141,0,
2026-06-03,R-039,PRD,1,84141,0,
2026-06-03,R-040,STO,1,642,0,
2026-06-03,R-041,STO,1,1,0,0
2026-06-03,R-042,STO,1,642,0,
2026-06-03,R-043,STO,1,642,0,
2026-06-03,R-044,STO,1,642,0,
2026-06-03,R-045,ECOM,1,136901,0,
2026-06-03,R-046,ECOM,1,136901,0,
2026-06-03,R-047,EDI,1,8563,0,
2026-06-03,R-048,POS,1,2275019,0,
2026-06-04,R-001,POS,1,2309043,0,
2026-06-04,R-002,POS,1,4,0,0
2026-06-04,R-003,POS,1,2309043,0,
2026-06-04,R-004,POS,1,17602602,0,
2026-06-04,R-005,POS,1,2309043,0,
2026-06-04,R-006,POS,1,2309043,0,
2026-06-04,R-007,ECOM,1,143803,0,
2026-06-04,R-008,ECOM,1,143803,0,
2026-06-04,R-009,ECOM,1,143803,0,
2026-06-04,R-010,GL,1,92515,0,
2026-06-04,R-011,GL,1,92515,0,
2026-06-04,R-012,GL,1,1,0,0
2026-06-04,R-013,LOY,1,1863722,0,
2026-06-04,R-014,LOY,1,1863722,4196,
2026-06-04,R-015,LOY,1,1863722,0,
2026-06-04,R-016,ECOM,1,1023007,0,
2026-06-04,R-017,EDI,1,3,0,0
2026-06-04,R-018,EDI,1,8467,0,
2026-06-04,R-019,EDI,1,8467,0,
2026-06-04,R-020,EDI,1,8467,0,
2026-06-04,R-021,PRD,1,84141,0,
2026-06-04,R-022,EDI,1,1518007,0,
2026-06-04,R-023,ECOM,1,1,0,0
2026-06-04,R-024,GL,1,92515,0,
2026-06-04,R-025,GL,1,92515,0,
2026-06-04,R-026,GL,1,41289675,0,
2026-06-04,R-027,LOG,1,30199,0,
2026-06-04,R-028,LOG,1,2,0,0
2026-06-04,R-029,LOG,1,30199,0,
2026-06-04,R-030,LOG,1,30199,0,
2026-06-04,R-031,LOG,1,30199,0,
2026-06-04,R-032,LOY,1,1,0,0
2026-06-04,R-033,LOY,1,1863722,0,
2026-06-04,R-034,LOY,1,1863722,0,
2026-06-04,R-035,PRD,1,84141,0,
2026-06-04,R-036,PRD,1,1,0,0
2026-06-04,R-037,PRD,1,84141,0,
2026-06-04,R-038,PRD,1,84141,0,
2026-06-04,R-039,PRD,1,84141,0,
2026-06-04,R-040,STO,1,642,0,
2026-06-04,R-041,STO,1,1,0,0
2026-06-04,R-042,STO,1,642,0,
2026-06-04,R-043,STO,1,642,0,
2026-06-04,R-044,STO,1,642,0,
2026-06-04,R-045,ECOM,1,143803,0,
2026-06-04,R-046,ECOM,1,143803,0,
2026-06-04,R-047,EDI,1,8467,0,
2026-06-04,R-048,POS,1,2309043,0,
2026-06-05,R-001,POS,1,2553068,0,
2026-06-05,R-002,POS,1,4,0,0
2026-06-05,R-003,POS,1,2553068,0,
2026-06-05,R-004,POS,1,19483148,0,
2026-06-05,R-005,POS,1,2553068,0,
2026-06-05,R-006,POS,1,2553068,0,
2026-06-05,R-007,ECOM,1,148117,0,
2026-06-05,R-008,ECOM,1,148117,0,
2026-06-05,R-009,ECOM,1,148117,0,
2026-06-05,R-010,GL,1,97264,0,
2026-06-05,R-011,GL,1,97264,0,
2026-06-05,R-012,GL,1,1,0,0
2026-06-05,R-013,LOY,1,1864130,0,
2026-06-05,R-014,LOY,1,1864130,3873,
2026-06-05,R-015,LOY,1,1864130,0,
2026-06-05,R-016,ECOM,1,1054501,0,
2026-06-05,R-017,EDI,1,3,0,0
2026-06-05,R-018,EDI,1,8970,0,
2026-06-05,R-019,EDI,1,8970,0,
2026-06-05,R-020,EDI,1,8970,0,
2026-06-05,R-021,PRD,1,84149,0,
2026-06-05,R-022,EDI,1,1590289,0,
2026-06-05,R-023,ECOM,1,1,0,0
2026-06-05,R-024,GL,1,97264,0,
2026-06-05,R-025,GL,1,97264,0,
2026-06-05,R-026,GL,1,43330324,0,
2026-06-05,R-027,LOG,1,30719,0,
2026-06-05,R-028,LOG,1,2,0,11
2026-06-05,R-029,LOG,1,30719,0,
2026-06-05,R-030,LOG,1,30719,0,
2026-06-05,R-031,LOG,1,30719,0,
2026-06-05,R-032,LOY,1,1,0,0
2026-06-05,R-033,LOY,1,1864130,0,
2026-06-05,R-034,LOY,1,1864130,0,
2026-06-05,R-035,PRD,1,84149,0,
2026-06-05,R-036,PRD,1,1,0,0
2026-06-05,R-037,PRD,1,84149,0,
2026-06-05,R-038,PRD,1,84149,0,
2026-06-05,R-039,PRD,1,84149,0,
2026-06-05,R-040,STO,1,642,0,
2026-06-05,R-041,STO,1,1,0,0
2026-06-05,R-042,STO,1,642,0,
2026-06-05,R-043,STO,1,642,0,
2026-06-05,R-044,STO,1,642,0,
2026-06-05,R-045,ECOM,1,148117,0,
2026-06-05,R-046,ECOM,1,148117,0,
2026-06-05,R-047,EDI,1,8970,0,
2026-06-05,R-048,POS,1,2553068,0,
2026-06-06,R-001,POS,1,2963534,0,
2026-06-06,R-002,POS,1,4,0,0
2026-06-06,R-003,POS,1,2963534,0,
2026-06-06,R-004,POS,1,22548777,0,
2026-06-06,R-005,POS,1,2963534,0,
2026-06-06,R-006,POS,1,2963534,0,
2026-06-06,R-007,ECOM,1,133108,0,
2026-06-06,R-008,ECOM,1,133108,0,
2026-06-06,R-009,ECOM,1,133108,0,
2026-06-06,R-013,LOY,1,1864527,0,
2026-06-06,R-014,LOY,1,1864527,3518,
2026-06-06,R-015,LOY,1,1864527,0,
2026-06-06,R-016,ECOM,1,941578,0,
2026-06-06,R-017,EDI,1,3,0,0
2026-06-06,R-018,EDI,1,7872,0,
2026-06-06,R-019,EDI,1,7872,0,
2026-06-06,R-020,EDI,1,7872,0,
2026-06-06,R-021,PRD,1,84154,0,
2026-06-06,R-022,EDI,1,1409122,0,
2026-06-06,R-023,ECOM,1,1,0,0
2026-06-06,R-027,LOG,1,28083,0,
2026-06-06,R-028,LOG,1,2,0,0
2026-06-06,R-029,LOG,1,28083,0,
2026-06-06,R-030,LOG,1,28083,0,
2026-06-06,R-031,LOG,1,28083,0,
2026-06-06,R-032,LOY,1,1,0,0
2026-06-06,R-033,LOY,1,1864527,0,
2026-06-06,R-034,LOY,1,1864527,0,
2026-06-06,R-035,PRD,1,84154,0,
2026-06-06,R-036,PRD,1,1,0,0
2026-06-06,R-037,PRD,1,84154,0,
2026-06-06,R-038,PRD,1,84154,0,
2026-06-06,R-039,PRD,1,84154,0,
2026-06-06,R-040,STO,1,642,0,
2026-06-06,R-041,STO,1,1,0,0
2026-06-06,R-042,STO,1,642,0,
2026-06-06,R-043,STO,1,642,0,
2026-06-06,R-044,STO,1,642,0,
2026-06-06,R-045,ECOM,1,133108,0,
2026-06-06,R-046,ECOM,1,133108,0,
2026-06-06,R-047,EDI,1,7872,0,
2026-06-06,R-048,POS,1,2963534,0,
2026-06-07,R-001,POS,1,2431781,0,
2026-06-07,R-002,POS,1,4,0,0
2026-06-07,R-003,POS,1,2431781,0,
2026-06-07,R-004,POS,1,18635987,0,
2026-06-07,R-005,POS,1,2431781,0,
2026-06-07,R-006,POS,1,2431781,0,
2026-06-07,R-007,ECOM,1,146520,0,
2026-06-07,R-008,ECOM,1,146520,0,
2026-06-07,R-009,ECOM,1,146520,0,
2026-06-07,R-013,LOY,1,1864920,0,
2026-06-07,R-014,LOY,1,1864920,4023,
2026-06-07,R-015,LOY,1,1864920,0,
2026-06-07,R-016,ECOM,1,1040213,0,
2026-06-07,R-021,PRD,1,84165,0,
2026-06-07,R-023,ECOM,1,1,0,0
2026-06-07,R-027,LOG,1,21209,0,
2026-06-07,R-028,LOG,1,2,0,0
2026-06-07,R-029,LOG,1,21209,0,
2026-06-07,R-030,LOG,1,21209,0,
2026-06-07,R-031,LOG,1,21209,0,
2026-06-07,R-032,LOY,1,1,0,0
2026-06-07,R-033,LOY,1,1864920,0,
2026-06-07,R-034,LOY,1,1864920,0,
2026-06-07,R-035,PRD,1,84165,0,
2026-06-07,R-036,PRD,1,1,0,0
2026-06-07,R-037,PRD,1,84165,0,
2026-06-07,R-038,PRD,1,84165,0,
2026-06-07,R-039,PRD,1,84165,0,
2026-06-07,R-040,STO,1,642,0,
2026-06-07,R-041,STO,1,1,0,0
2026-06-07,R-042,STO,1,642,0,
2026-06-07,R-043,STO,1,642,0,
2026-06-07,R-044,STO,1,642,0,
2026-06-07,R-045,ECOM,1,146520,0,
2026-06-07,R-046,ECOM,1,146520,0,
2026-06-07,R-048,POS,1,2431781,0,
2026-06-08,R-001,POS,1,2314711,0,
2026-06-08,R-002,POS,1,4,0,0
2026-06-08,R-003,POS,1,2314711,0,
2026-06-08,R-004,POS,1,17775796,0,
2026-06-08,R-005,POS,1,2314711,0,
2026-06-08,R-006,POS,1,2314711,0,
2026-06-08,R-007,ECOM,1,153685,0,
2026-06-08,R-008,ECOM,1,153685,0,
2026-06-08,R-009,ECOM,1,153685,0,
2026-06-08,R-010,GL,1,93342,0,
2026-06-08,R-011,GL,1,93342,0,
2026-06-08,R-012,GL,1,1,0,0
2026-06-08,R-013,LOY,1,1865278,0,
2026-06-08,R-014,LOY,1,1865278,4179,
2026-06-08,R-015,LOY,1,1865278,0,
2026-06-08,R-016,ECOM,1,1082762,0,
2026-06-08,R-017,EDI,1,3,0,17
2026-06-08,R-018,EDI,1,10077,0,
2026-06-08,R-019,EDI,1,10077,0,
2026-06-08,R-020,EDI,1,10077,0,
2026-06-08,R-021,PRD,1,84172,0,
2026-06-08,R-022,EDI,1,1792726,0,
2026-06-08,R-023,ECOM,1,1,0,0
2026-06-08,R-024,GL,1,93342,0,
2026-06-08,R-025,GL,1,93342,0,
2026-06-08,R-026,GL,1,41619915,0,
2026-06-08,R-027,LOG,1,31313,0,
2026-06-08,R-028,LOG,1,2,0,0
2026-06-08,R-029,LOG,1,31313,0,
2026-06-08,R-030,LOG,1,31313,0,
2026-06-08,R-031,LOG,1,31313,0,
2026-06-08,R-032,LOY,1,1,0,0
2026-06-08,R-033,LOY,1,1865278,0,
2026-06-08,R-034,LOY,1,1865278,0,
2026-06-08,R-035,PRD,1,84172,0,
2026-06-08,R-036,PRD,1,1,0,0
2026-06-08,R-037,PRD,1,84172,0,
2026-06-08,R-038,PRD,1,84172,0,
2026-06-08,R-039,PRD,1,84172,0,
2026-06-08,R-040,STO,1,642,0,
2026-06-08,R-041,STO,1,1,0,0
2026-06-08,R-042,STO,1,642,0,
2026-06-08,R-043,STO,1,642,0,
2026-06-08,R-044,STO,1,642,0,
2026-06-08,R-045,ECOM,1,153685,0,
2026-06-08,R-046,ECOM,1,153685,0,
2026-06-08,R-047,EDI,1,10077,0,
2026-06-08,R-048,POS,1,2314711,0,
2026-06-09,R-001,POS,1,2183693,0,
2026-06-09,R-002,POS,1,4,0,0
2026-06-09,R-003,POS,1,2183693,0,
2026-06-09,R-004,POS,1,16601698,0,
2026-06-09,R-005,POS,1,2183693,0,
2026-06-09,R-006,POS,1,2183693,0,
2026-06-09,R-007,ECOM,1,145606,0,
2026-06-09,R-008,ECOM,1,145606,0,
2026-06-09,R-009,ECOM,1,145606,0,
2026-06-09,R-010,GL,1,90140,0,
2026-06-09,R-011,GL,1,90140,0,
2026-06-09,R-012,GL,1,1,0,0
2026-06-09,R-013,LOY,1,1865647,0,
2026-06-09,R-014,LOY,1,1865647,3900,
2026-06-09,R-015,LOY,1,1865647,0,
2026-06-09,R-016,ECOM,1,1026393,0,
2026-06-09,R-017,EDI,1,3,0,0
2026-06-09,R-018,EDI,1,8874,0,
2026-06-09,R-019,EDI,1,8874,0,
2026-06-09,R-020,EDI,1,8874,0,
2026-06-09,R-021,PRD,1,84183,0,
2026-06-09,R-022,EDI,1,1589986,0,
2026-06-09,R-023,ECOM,1,1,0,0
2026-06-09,R-024,GL,1,90140,0,
2026-06-09,R-025,GL,1,90140,0,
2026-06-09,R-026,GL,1,39882972,0,
2026-06-09,R-027,LOG,1,31701,0,
2026-06-09,R-028,LOG,1,2,0,0
2026-06-09,R-029,LOG,1,31701,0,
2026-06-09,R-030,LOG,1,31701,0,
2026-06-09,R-031,LOG,1,31701,0,
2026-06-09,R-032,LOY,1,1,0,0
2026-06-09,R-033,LOY,1,1865647,0,
2026-06-09,R-034,LOY,1,1865647,0,
2026-06-09,R-035,PRD,1,84183,0,
2026-06-09,R-036,PRD,1,1,0,0
2026-06-09,R-037,PRD,1,84183,0,
2026-06-09,R-038,PRD,1,84183,0,
2026-06-09,R-039,PRD,1,84183,0,
2026-06-09,R-040,STO,1,642,0,
2026-06-09,R-041,STO,1,1,0,0
2026-06-09,R-042,STO,1,642,0,
2026-06-09,R-043,STO,1,642,0,
2026-06-09,R-044,STO,1,642,0,
2026-06-09,R-045,ECOM,1,145606,0,
2026-06-09,R-046,ECOM,1,145606,0,
2026-06-09,R-047,EDI,1,8874,0,
2026-06-09,R-048,POS,1,2183693,0,
2026-06-10,R-001,POS,1,2233101,0,
2026-06-10,R-002,POS,1,4,0,0
2026-06-10,R-003,POS,1,2233101,0,
2026-06-10,R-004,POS,1,17024741,0,
2026-06-10,R-005,POS,1,2233101,0,
2026-06-10,R-006,POS,1,2233101,0,
2026-06-10,R-007,ECOM,1,138628,0,
2026-06-10,R-008,ECOM,1,138628,0,
2026-06-10,R-009,ECOM,1,138628,0,
2026-06-10,R-010,GL,1,92061,0,
2026-06-10,R-011,GL,1,92061,0,
2026-06-10,R-012,GL,1,1,0,0
2026-06-10,R-013,LOY,1,1866000,0,
2026-06-10,R-014,LOY,1,1866000,4034,
2026-06-10,R-015,LOY,1,1866000,0,
2026-06-10,R-016,ECOM,1,982308,0,
2026-06-10,R-017,EDI,1,3,0,0
2026-06-10,R-018,EDI,1,8800,0,
2026-06-10,R-019,EDI,1,8800,0,
2026-06-10,R-020,EDI,1,8800,0,
2026-06-10,R-021,PRD,1,84192,0,
2026-06-10,R-022,EDI,1,1576841,0,
2026-06-10,R-023,ECOM,1,1,0,0
2026-06-10,R-024,GL,1,92061,0,
2026-06-10,R-025,GL,1,92061,0,
2026-06-10,R-026,GL,1,40657660,0,
2026-06-10,R-027,LOG,1,30022,0,
2026-06-10,R-028,LOG,1,2,0,0
2026-06-10,R-029,LOG,1,30022,0,
2026-06-10,R-030,LOG,1,30022,0,
2026-06-10,R-031,LOG,1,30022,0,
2026-06-10,R-032,LOY,1,1,0,0
2026-06-10,R-033,LOY,1,1866000,0,
2026-06-10,R-034,LOY,1,1866000,0,
2026-06-10,R-035,PRD,1,84192,0,
2026-06-10,R-036,PRD,1,1,0,0
2026-06-10,R-037,PRD,1,84192,0,
2026-06-10,R-038,PRD,1,84192,0,
2026-06-10,R-039,PRD,1,84192,0,
2026-06-10,R-040,STO,1,642,0,
2026-06-10,R-041,STO,1,1,0,0
2026-06-10,R-042,STO,1,642,0,
2026-06-10,R-043,STO,1,642,0,
2026-06-10,R-044,STO,1,642,0,
2026-06-10,R-045,ECOM,1,138628,0,
2026-06-10,R-046,ECOM,1,138628,0,
2026-06-10,R-047,EDI,1,8800,0,
2026-06-10,R-048,POS,1,2233101,0,
2026-06-11,R-001,POS,1,2302437,0,
2026-06-11,R-002,POS,1,4,0,0
2026-06-11,R-003,POS,1,2302437,0,
2026-06-11,R-004,POS,1,17536863,0,
2026-06-11,R-005,POS,1,2302437,0,
2026-06-11,R-006,POS,1,2302437,0,
2026-06-11,R-007,ECOM,1,144395,0,
2026-06-11,R-008,ECOM,1,144395,0,
2026-06-11,R-009,ECOM,1,144395,0,
2026-06-11,R-010,GL,1,93323,0,
2026-06-11,R-011,GL,1,93323,0,
2026-06-11,R-012,GL,1,1,0,0
2026-06-11,R-013,LOY,1,1866321,0,
2026-06-11,R-014,LOY,1,1866321,4075,
2026-06-11,R-015,LOY,1,1866321,0,
2026-06-11,R-016,ECOM,1,1021005,0,
2026-06-11,R-017,EDI,1,3,0,5
2026-06-11,R-018,EDI,1,8454,0,
2026-06-11,R-019,EDI,1,8454,0,
2026-06-11,R-020,EDI,1,8454,0,
2026-06-11,R-021,PRD,1,84204,0,
2026-06-11,R-022,EDI,1,1498661,0,
2026-06-11,R-023,ECOM,1,1,0,0
2026-06-11,R-024,GL,1,93323,0,
2026-06-11,R-025,GL,1,93323,0,
2026-06-11,R-026,GL,1,41319843,0,
2026-06-11,R-027,LOG,1,30526,0,
2026-06-11,R-028,LOG,1,2,0,0
2026-06-11,R-029,LOG,1,30526,0,
2026-06-11,R-030,LOG,1,30526,0,
2026-06-11,R-031,LOG,1,30526,0,
2026-06-11,R-032,LOY,1,1,0,0
2026-06-11,R-033,LOY,1,1866321,0,
2026-06-11,R-034,LOY,1,1866321,0,
2026-06-11,R-035,PRD,1,84204,0,
2026-06-11,R-036,PRD,1,1,0,0
2026-06-11,R-037,PRD,1,84204,0,
2026-06-11,R-038,PRD,1,84204,0,
2026-06-11,R-039,PRD,1,84204,0,
2026-06-11,R-040,STO,1,642,0,
2026-06-11,R-041,STO,1,1,0,0
2026-06-11,R-042,STO,1,642,0,
2026-06-11,R-043,STO,1,642,0,
2026-06-11,R-044,STO,1,642,0,
2026-06-11,R-045,ECOM,1,144395,0,
2026-06-11,R-046,ECOM,1,144395,0,
2026-06-11,R-047,EDI,1,8454,0,
2026-06-11,R-048,POS,1,2302437,0,
2026-06-12,R-001,POS,1,2651125,0,
2026-06-12,R-002,POS,1,4,0,0
2026-06-12,R-003,POS,1,2651125,0,
2026-06-12,R-004,POS,1,20305230,0,
2026-06-12,R-005,POS,1,2651125,0,
2026-06-12,R-006,POS,1,2651125,0,
2026-06-12,R-007,ECOM,1,146372,0,
2026-06-12,R-008,ECOM,1,146372,0,
2026-06-12,R-009,ECOM,1,146372,0,
2026-06-12,R-010,GL,1,98992,0,
2026-06-12,R-011,GL,1,98992,0,
2026-06-12,R-012,GL,1,1,0,0
2026-06-12,R-013,LOY,1,1866678,0,
2026-06-12,R-014,LOY,1,1866678,4119,
2026-06-12,R-015,LOY,1,1866678,0,
2026-06-12,R-016,ECOM,1,1040679,0,
2026-06-12,R-017,EDI,1,3,0,0
2026-06-12,R-018,EDI,1,8973,0,
2026-06-12,R-019,EDI,1,8973,0,
2026-06-12,R-020,EDI,1,8973,0,
2026-06-12,R-021,PRD,1,84205,0,
2026-06-12,R-022,EDI,1,1598309,0,
2026-06-12,R-023,ECOM,1,1,0,0
2026-06-12,R-024,GL,1,98992,0,
2026-06-12,R-025,GL,1,98992,0,
2026-06-12,R-026,GL,1,44173323,0,
2026-06-12,R-027,LOG,1,31137,0,
2026-06-12,R-028,LOG,1,2,0,0
2026-06-12,R-029,LOG,1,31137,0,
2026-06-12,R-030,LOG,1,31137,0,
2026-06-12,R-031,LOG,1,31137,0,
2026-06-12,R-032,LOY,1,1,0,0
2026-06-12,R-033,LOY,1,1866678,0,
2026-06-12,R-034,LOY,1,1866678,0,
2026-06-12,R-035,PRD,1,84205,0,
2026-06-12,R-036,PRD,1,1,0,0
2026-06-12,R-037,PRD,1,84205,0,
2026-06-12,R-038,PRD,1,84205,0,
2026-06-12,R-039,PRD,1,84205,0,
2026-06-12,R-040,STO,1,642,0,
2026-06-12,R-041,STO,1,1,0,0
2026-06-12,R-042,STO,1,642,0,
2026-06-12,R-043,STO,1,642,0,
2026-06-12,R-044,STO,1,642,0,
2026-06-12,R-045,ECOM,1,146372,0,
2026-06-12,R-046,ECOM,1,146372,0,
2026-06-12,R-047,EDI,1,8973,0,
2026-06-12,R-048,POS,1,2651125,0,
2026-06-13,R-001,POS,1,2962887,0,
2026-06-13,R-002,POS,1,4,0,0
2026-06-13,R-003,POS,1,2962887,0,
2026-06-13,R-004,POS,1,22642633,0,
2026-06-13,R-005,POS,1,2962887,0,
2026-06-13,R-006,POS,1,2962887,0,
2026-06-13,R-007,ECOM,1,132221,0,
2026-06-13,R-008,ECOM,1,132221,0,
2026-06-13,R-009,ECOM,1,132221,0,
2026-06-13,R-013,LOY,1,1867058,0,
2026-06-13,R-014,LOY,1,1867058,3416,
2026-06-13,R-015,LOY,1,1867058,0,
2026-06-13,R-016,ECOM,1,933074,0,
2026-06-13,R-017,EDI,1,3,0,0
2026-06-13,R-018,EDI,1,8104,0,
2026-06-13,R-019,EDI,1,8104,0,
2026-06-13,R-020,EDI,1,8104,0,
2026-06-13,R-021,PRD,1,84206,0,
2026-06-13,R-022,EDI,1,1453568,0,
2026-06-13,R-023,ECOM,1,1,0,0
2026-06-13,R-027,LOG,1,28255,0,
2026-06-13,R-028,LOG,1,2,0,0
2026-06-13,R-029,LOG,1,28255,0,
2026-06-13,R-030,LOG,1,28255,0,
2026-06-13,R-031,LOG,1,28255,0,
2026-06-13,R-032,LOY,1,1,0,0
2026-06-13,R-033,LOY,1,1867058,0,
2026-06-13,R-034,LOY,1,1867058,0,
2026-06-13,R-035,PRD,1,84206,0,
2026-06-13,R-036,PRD,1,1,0,0
2026-06-13,R-037,PRD,1,84206,0,
2026-06-13,R-038,PRD,1,84206,0,
2026-06-13,R-039,PRD,1,84206,0,
2026-06-13,R-040,STO,1,642,0,
2026-06-13,R-041,STO,1,1,0,0
2026-06-13,R-042,STO,1,642,0,
2026-06-13,R-043,STO,1,642,0,
2026-06-13,R-044,STO,1,642,0,
2026-06-13,R-045,ECOM,1,132221,0,
2026-06-13,R-046,ECOM,1,132221,0,
2026-06-13,R-047,EDI,1,8104,0,
2026-06-13,R-048,POS,1,2962887,0,
2026-06-14,R-001,POS,1,2472134,49900,
2026-06-14,R-001,POS,2,2472134,50040,
2026-06-14,R-002,POS,1,4,0,0
2026-06-14,R-002,POS,2,4,0,0
2026-06-14,R-003,POS,1,2422094,0,
2026-06-14,R-003,POS,2,2422094,0,
2026-06-14,R-004,POS,1,18836562,381236,
2026-06-14,R-004,POS,2,18836562,382306,
2026-06-14,R-005,POS,1,2422094,0,
2026-06-14,R-005,POS,2,2422094,0,
2026-06-14,R-006,POS,1,2422094,0,
2026-06-14,R-006,POS,2,2422094,0,
2026-06-14,R-007,ECOM,1,146428,0,
2026-06-14,R-008,ECOM,1,146428,0,
2026-06-14,R-009,ECOM,1,146428,0,
2026-06-14,R-013,LOY,1,1867355,0,
2026-06-14,R-014,LOY,1,1867355,3565,
2026-06-14,R-015,LOY,1,1867355,0,
2026-06-14,R-016,ECOM,1,1033178,0,
2026-06-14,R-021,PRD,1,84208,0,
2026-06-14,R-023,ECOM,1,1,0,0
2026-06-14,R-027,LOG,1,21429,0,
2026-06-14,R-028,LOG,1,2,0,0
2026-06-14,R-029,LOG,1,21429,0,
2026-06-14,R-030,LOG,1,21429,0,
2026-06-14,R-031,LOG,1,21429,0,
2026-06-14,R-032,LOY,1,1,0,0
2026-06-14,R-033,LOY,1,1867355,0,
2026-06-14,R-034,LOY,1,1867355,0,
2026-06-14,R-035,PRD,1,84208,0,
2026-06-14,R-036,PRD,1,1,0,0
2026-06-14,R-037,PRD,1,84208,0,
2026-06-14,R-038,PRD,1,84208,0,
2026-06-14,R-039,PRD,1,84208,0,
2026-06-14,R-040,STO,1,642,0,
2026-06-14,R-041,STO,1,1,0,0
2026-06-14,R-042,STO,1,642,0,
2026-06-14,R-043,STO,1,642,0,
2026-06-14,R-044,STO,1,642,0,
2026-06-14,R-045,ECOM,1,146428,0,
2026-06-14,R-046,ECOM,1,146428,0,
2026-06-14,R-048,POS,1,2422094,0,
2026-06-14,R-048,POS,2,2422094,0,
2026-06-15,R-001,POS,1,2275809,0,
2026-06-15,R-002,POS,1,4,0,0
2026-06-15,R-003,POS,1,2275809,0,
2026-06-15,R-004,POS,1,17322332,0,
2026-06-15,R-005,POS,1,2275809,0,
2026-06-15,R-006,POS,1,2275809,0,
2026-06-15,R-007,ECOM,1,152896,0,
2026-06-15,R-008,ECOM,1,152896,0,
2026-06-15,R-009,ECOM,1,152896,0,
2026-06-15,R-010,GL,1,92989,0,
2026-06-15,R-011,GL,1,92989,0,
2026-06-15,R-012,GL,1,1,0,0
2026-06-15,R-013,LOY,1,1867715,0,
2026-06-15,R-014,LOY,1,1867715,3363,
2026-06-15,R-015,LOY,1,1867715,0,
2026-06-15,R-016,ECOM,1,1082263,0,
2026-06-15,R-017,EDI,1,3,0,0
2026-06-15,R-018,EDI,1,9917,0,
2026-06-15,R-019,EDI,1,9917,0,
2026-06-15,R-020,EDI,1,9917,0,
2026-06-15,R-021,PRD,1,84218,0,
2026-06-15,R-022,EDI,1,1759790,0,
2026-06-15,R-023,ECOM,1,1,0,0
2026-06-15,R-024,GL,1,92989,0,
2026-06-15,R-025,GL,1,92989,0,
2026-06-15,R-026,GL,1,41184471,0,
2026-06-15,R-027,LOG,1,31504,0,
2026-06-15,R-028,LOG,1,2,0,0
2026-06-15,R-029,LOG,1,31504,0,
2026-06-15,R-030,LOG,1,31504,0,
2026-06-15,R-031,LOG,1,31504,0,
2026-06-15,R-032,LOY,1,1,0,0
2026-06-15,R-033,LOY,1,1867715,0,
2026-06-15,R-034,LOY,1,1867715,0,
2026-06-15,R-035,PRD,1,84218,0,
2026-06-15,R-036,PRD,1,1,0,0
2026-06-15,R-037,PRD,1,84218,0,
2026-06-15,R-038,PRD,1,84218,0,
2026-06-15,R-039,PRD,1,84218,0,
2026-06-15,R-040,STO,1,642,0,
2026-06-15,R-041,STO,1,1,0,0
2026-06-15,R-042,STO,1,642,0,
2026-06-15,R-043,STO,1,642,0,
2026-06-15,R-044,STO,1,642,0,
2026-06-15,R-045,ECOM,1,152896,0,
2026-06-15,R-046,ECOM,1,152896,0,
2026-06-15,R-047,EDI,1,9917,0,
2026-06-15,R-048,POS,1,2275809,0,
2026-06-16,R-001,POS,1,2175426,0,
2026-06-16,R-002,POS,1,4,0,0
2026-06-16,R-003,POS,1,2175426,0,
2026-06-16,R-004,POS,1,16685344,0,
2026-06-16,R-005,POS,1,2175426,0,
2026-06-16,R-006,POS,1,2175426,0,
2026-06-16,R-007,ECOM,1,141887,0,
2026-06-16,R-008,ECOM,1,141887,0,
2026-06-16,R-009,ECOM,1,141887,0,
2026-06-16,R-010,GL,1,92251,0,
2026-06-16,R-011,GL,1,92251,0,
2026-06-16,R-012,GL,1,1,0,0
2026-06-16,R-013,LOY,1,1868094,0,
2026-06-16,R-014,LOY,1,1868094,3507,
2026-06-16,R-015,LOY,1,1868094,0,
2026-06-16,R-016,ECOM,1,1001743,0,
2026-06-16,R-017,EDI,1,3,0,0
2026-06-16,R-018,EDI,1,8976,0,
2026-06-16,R-019,EDI,1,8976,0,
2026-06-16,R-020,EDI,1,8976,0,
2026-06-16,R-021,PRD,1,84218,0,
2026-06-16,R-022,EDI,1,1597414,0,
2026-06-16,R-023,ECOM,1,1,0,0
2026-06-16,R-024,GL,1,92251,0,
2026-06-16,R-025,GL,1,92251,0,
2026-06-16,R-026,GL,1,41108899,0,
2026-06-16,R-027,LOG,1,31104,0,
2026-06-16,R-028,LOG,1,2,0,0
2026-06-16,R-029,LOG,1,31104,0,
2026-06-16,R-030,LOG,1,31104,0,
2026-06-16,R-031,LOG,1,31104,0,
2026-06-16,R-032,LOY,1,1,0,0
2026-06-16,R-033,LOY,1,1868094,0,
2026-06-16,R-034,LOY,1,1868094,0,
2026-06-16,R-035,PRD,1,84218,0,
2026-06-16,R-036,PRD,1,1,0,0
2026-06-16,R-037,PRD,1,84218,0,
2026-06-16,R-038,PRD,1,84218,0,
2026-06-16,R-039,PRD,1,84218,0,
2026-06-16,R-040,STO,1,642,0,
2026-06-16,R-041,STO,1,1,0,0
2026-06-16,R-042,STO,1,642,0,
2026-06-16,R-043,STO,1,642,0,
2026-06-16,R-044,STO,1,642,0,
2026-06-16,R-045,ECOM,1,141887,0,
2026-06-16,R-046,ECOM,1,141887,0,
2026-06-16,R-047,EDI,1,8976,0,
2026-06-16,R-048,POS,1,2175426,0,
2026-06-17,R-001,POS,1,2196884,0,
2026-06-17,R-002,POS,1,4,0,0
2026-06-17,R-003,POS,1,2196884,0,
2026-06-17,R-004,POS,1,16862274,0,
2026-06-17,R-005,POS,1,2196884,0,
2026-06-17,R-006,POS,1,2196884,0,
2026-06-17,R-007,ECOM,1,136482,0,
2026-06-17,R-008,ECOM,1,136482,0,
2026-06-17,R-009,ECOM,1,136482,0,
2026-06-17,R-010,GL,1,92593,0,
2026-06-17,R-011,GL,1,92593,0,
2026-06-17,R-012,GL,1,1,0,0
2026-06-17,R-013,LOY,1,1868386,0,
2026-06-17,R-014,LOY,1,1868386,3845,
2026-06-17,R-015,LOY,1,1868386,0,
2026-06-17,R-016,ECOM,1,965261,0,
2026-06-17,R-017,EDI,1,3,0,0
2026-06-17,R-018,EDI,1,8796,0,
2026-06-17,R-019,EDI,1,8796,0,
2026-06-17,R-020,EDI,1,8796,0,
2026-06-17,R-021,PRD,1,84225,0,
2026-06-17,R-022,EDI,1,1567663,0,
2026-06-17,R-023,ECOM,1,1,0,0
2026-06-17,R-024,GL,1,92593,0,
2026-06-17,R-025,GL,1,92593,0,
2026-06-17,R-026,GL,1,41352173,0,
2026-06-17,R-027,LOG,1,30201,0,
2026-06-17,R-028,LOG,1,2,0,0
2026-06-17,R-029,LOG,1,30201,0,
2026-06-17,R-030,LOG,1,30201,0,
2026-06-17,R-031,LOG,1,30201,0,
2026-06-17,R-032,LOY,1,1,0,0
2026-06-17,R-033,LOY,1,1868386,0,
2026-06-17,R-034,LOY,1,1868386,0,
2026-06-17,R-035,PRD,1,84225,0,
2026-06-17,R-036,PRD,1,1,0,0
2026-06-17,R-037,PRD,1,84225,0,
2026-06-17,R-038,PRD,1,84225,0,
2026-06-17,R-039,PRD,1,84225,0,
2026-06-17,R-040,STO,1,642,0,
2026-06-17,R-041,STO,1,1,0,0
2026-06-17,R-042,STO,1,642,0,
2026-06-17,R-043,STO,1,642,0,
2026-06-17,R-044,STO,1,642,0,
2026-06-17,R-045,ECOM,1,136482,0,
2026-06-17,R-046,ECOM,1,136482,0,
2026-06-17,R-047,EDI,1,8796,0,
2026-06-17,R-048,POS,1,2196884,0,
2026-06-18,R-001,POS,1,2342246,0,
2026-06-18,R-002,POS,1,4,0,0
2026-06-18,R-003,POS,1,2342246,0,
2026-06-18,R-004,POS,1,17804130,0,
2026-06-18,R-005,POS,1,2342246,0,
2026-06-18,R-006,POS,1,2342246,0,
2026-06-18,R-007,ECOM,1,138247,0,
2026-06-18,R-008,ECOM,1,138247,0,
2026-06-18,R-009,ECOM,1,138247,0,
2026-06-18,R-010,GL,1,89968,0,
2026-06-18,R-011,GL,1,89968,0,
2026-06-18,R-012,GL,1,1,0,0
2026-06-18,R-013,LOY,1,1868712,0,
2026-06-18,R-014,LOY,1,1868712,3440,
2026-06-18,R-015,LOY,1,1868712,0,
2026-06-18,R-016,ECOM,1,975231,0,
2026-06-18,R-017,EDI,1,3,0,26
2026-06-18,R-018,EDI,1,8470,0,
2026-06-18,R-019,EDI,1,8470,0,
2026-06-18,R-020,EDI,1,8470,0,
2026-06-18,R-021,PRD,1,84232,0,
2026-06-18,R-022,EDI,1,1511673,0,
2026-06-18,R-023,ECOM,1,1,0,0
2026-06-18,R-024,GL,1,89968,0,
2026-06-18,R-025,GL,1,89968,0,
2026-06-18,R-026,GL,1,39707092,0,
2026-06-18,R-027,LOG,1,31135,0,
2026-06-18,R-028,LOG,1,2,0,0
2026-06-18,R-029,LOG,1,31135,0,
2026-06-18,R-030,LOG,1,31135,0,
2026-06-18,R-031,LOG,1,31135,0,
2026-06-18,R-032,LOY,1,1,0,0
2026-06-18,R-033,LOY,1,1868712,0,
2026-06-18,R-034,LOY,1,1868712,0,
2026-06-18,R-035,PRD,1,84232,0,
2026-06-18,R-036,PRD,1,1,0,0
2026-06-18,R-037,PRD,1,84232,0,
2026-06-18,R-038,PRD,1,84232,0,
2026-06-18,R-039,PRD,1,84232,0,
2026-06-18,R-040,STO,1,642,0,
2026-06-18,R-041,STO,1,1,0,0
2026-06-18,R-042,STO,1,642,0,
2026-06-18,R-043,STO,1,642,0,
2026-06-18,R-044,STO,1,642,0,
2026-06-18,R-045,ECOM,1,138247,0,
2026-06-18,R-046,ECOM,1,138247,0,
2026-06-18,R-047,EDI,1,8470,0,
2026-06-18,R-048,POS,1,2342246,0,
2026-06-19,R-001,POS,1,2636972,0,
2026-06-19,R-002,POS,1,4,0,0
2026-06-19,R-003,POS,1,2636972,0,
2026-06-19,R-004,POS,1,20068955,0,
2026-06-19,R-005,POS,1,2636972,0,
2026-06-19,R-006,POS,1,2636972,0,
2026-06-19,R-007,ECOM,1,145306,0,
2026-06-19,R-008,ECOM,1,145306,0,
2026-06-19,R-009,ECOM,1,145306,0,
2026-06-19,R-010,GL,1,96122,0,
2026-06-19,R-011,GL,1,96122,0,
2026-06-19,R-012,GL,1,1,0,0
2026-06-19,R-013,LOY,1,1869121,0,
2026-06-19,R-014,LOY,1,1869121,3825,
2026-06-19,R-015,LOY,1,1869121,0,
2026-06-19,R-016,ECOM,1,1030202,0,
2026-06-19,R-017,EDI,1,3,0,0
2026-06-19,R-018,EDI,1,8796,0,
2026-06-19,R-019,EDI,1,8796,0,
2026-06-19,R-020,EDI,1,8796,0,
2026-06-19,R-021,PRD,1,84238,0,
2026-06-19,R-022,EDI,1,1574323,0,
2026-06-19,R-023,ECOM,1,1,0,0
2026-06-19,R-024,GL,1,96122,0,
2026-06-19,R-025,GL,1,96122,0,
2026-06-19,R-026,GL,1,42911770,0,
2026-06-19,R-027,LOG,1,31798,0,
2026-06-19,R-028,LOG,1,2,0,0
2026-06-19,R-029,LOG,1,31798,0,
2026-06-19,R-030,LOG,1,31798,0,
2026-06-19,R-031,LOG,1,31798,0,
2026-06-19,R-032,LOY,1,1,0,0
2026-06-19,R-033,LOY,1,1869121,0,
2026-06-19,R-034,LOY,1,1869121,0,
2026-06-19,R-035,PRD,1,84238,0,
2026-06-19,R-036,PRD,1,1,0,0
2026-06-19,R-037,PRD,1,84238,0,
2026-06-19,R-038,PRD,1,84238,0,
2026-06-19,R-039,PRD,1,84238,0,
2026-06-19,R-040,STO,1,642,0,
2026-06-19,R-041,STO,1,1,0,0
2026-06-19,R-042,STO,1,642,0,
2026-06-19,R-043,STO,1,642,0,
2026-06-19,R-044,STO,1,642,0,
2026-06-19,R-045,ECOM,1,145306,0,
2026-06-19,R-046,ECOM,1,145306,0,
2026-06-19,R-047,EDI,1,8796,0,
2026-06-19,R-048,POS,1,2636972,0,
2026-06-20,R-001,POS,1,2969696,0,
2026-06-20,R-002,POS,1,4,0,0
2026-06-20,R-003,POS,1,2969696,0,
2026-06-20,R-004,POS,1,22642210,0,
2026-06-20,R-005,POS,1,2969696,0,
2026-06-20,R-006,POS,1,2969696,0,
2026-06-20,R-007,ECOM,1,128576,0,
2026-06-20,R-008,ECOM,1,128576,0,
2026-06-20,R-009,ECOM,1,128576,0,
2026-06-20,R-013,LOY,1,1869484,0,
2026-06-20,R-014,LOY,1,1869484,3531,
2026-06-20,R-015,LOY,1,1869484,0,
2026-06-20,R-016,ECOM,1,909518,0,
2026-06-20,R-017,EDI,1,3,0,0
2026-06-20,R-018,EDI,1,8005,0,
2026-06-20,R-019,EDI,1,8005,0,
2026-06-20,R-020,EDI,1,8005,0,
2026-06-20,R-021,PRD,1,84250,0,
2026-06-20,R-022,EDI,1,1432509,0,
2026-06-20,R-023,ECOM,1,1,0,0
2026-06-20,R-027,LOG,1,28377,0,
2026-06-20,R-028,LOG,1,2,0,0
2026-06-20,R-029,LOG,1,28377,0,
2026-06-20,R-030,LOG,1,28377,0,
2026-06-20,R-031,LOG,1,28377,0,
2026-06-20,R-032,LOY,1,1,0,0
2026-06-20,R-033,LOY,1,1869484,0,
2026-06-20,R-034,LOY,1,1869484,0,
2026-06-20,R-035,PRD,1,84250,0,
2026-06-20,R-036,PRD,1,1,0,0
2026-06-20,R-037,PRD,1,84250,0,
2026-06-20,R-038,PRD,1,84250,0,
2026-06-20,R-039,PRD,1,84250,0,
2026-06-20,R-040,STO,1,642,0,
2026-06-20,R-041,STO,1,1,0,0
2026-06-20,R-042,STO,1,642,0,
2026-06-20,R-043,STO,1,642,0,
2026-06-20,R-044,STO,1,642,0,
2026-06-20,R-045,ECOM,1,128576,0,
2026-06-20,R-046,ECOM,1,128576,0,
2026-06-20,R-047,EDI,1,8005,0,
2026-06-20,R-048,POS,1,2969696,0,
2026-06-21,R-001,POS,1,2442251,0,
2026-06-21,R-002,POS,1,4,0,0
2026-06-21,R-003,POS,1,2442251,0,
2026-06-21,R-004,POS,1,18549941,0,
2026-06-21,R-005,POS,1,2442251,0,
2026-06-21,R-006,POS,1,2442251,0,
2026-06-21,R-007,ECOM,1,153056,0,
2026-06-21,R-008,ECOM,1,153056,0,
2026-06-21,R-009,ECOM,1,153056,0,
2026-06-21,R-013,LOY,1,1869837,0,
2026-06-21,R-014,LOY,1,1869837,4057,
2026-06-21,R-015,LOY,1,1869837,0,
2026-06-21,R-016,ECOM,1,1089001,0,
2026-06-21,R-021,PRD,1,84250,0,
2026-06-21,R-023,ECOM,1,1,0,0
2026-06-21,R-027,LOG,1,21274,0,
2026-06-21,R-028,LOG,1,2,0,0
2026-06-21,R-029,LOG,1,21274,0,
2026-06-21,R-030,LOG,1,21274,0,
2026-06-21,R-031,LOG,1,21274,0,
2026-06-21,R-032,LOY,1,1,0,0
2026-06-21,R-033,LOY,1,1869837,0,
2026-06-21,R-034,LOY,1,1869837,0,
2026-06-21,R-035,PRD,1,84250,0,
2026-06-21,R-036,PRD,1,1,0,0
2026-06-21,R-037,PRD,1,84250,0,
2026-06-21,R-038,PRD,1,84250,0,
2026-06-21,R-039,PRD,1,84250,0,
2026-06-21,R-040,STO,1,642,0,
2026-06-21,R-041,STO,1,1,0,0
2026-06-21,R-042,STO,1,642,0,
2026-06-21,R-043,STO,1,642,0,
2026-06-21,R-044,STO,1,642,0,
2026-06-21,R-045,ECOM,1,153056,0,
2026-06-21,R-046,ECOM,1,153056,0,
2026-06-21,R-048,POS,1,2442251,0,
2026-06-22,R-001,POS,1,2293386,0,
2026-06-22,R-002,POS,1,4,0,0
2026-06-22,R-003,POS,1,2293386,0,
2026-06-22,R-004,POS,1,17462215,0,
2026-06-22,R-005,POS,1,2293386,0,
2026-06-22,R-006,POS,1,2293386,0,
2026-06-22,R-007,ECOM,1,156485,0,
2026-06-22,R-008,ECOM,1,156485,0,
2026-06-22,R-009,ECOM,1,156485,0,
2026-06-22,R-010,GL,1,93403,0,
2026-06-22,R-011,GL,1,93403,0,
2026-06-22,R-012,GL,1,1,0,0
2026-06-22,R-013,LOY,1,1870125,0,
2026-06-22,R-014,LOY,1,1870125,3889,
2026-06-22,R-015,LOY,1,1870125,0,
2026-06-22,R-016,ECOM,1,1110194,0,
2026-06-22,R-017,EDI,1,3,0,0
2026-06-22,R-018,EDI,1,8837,0,
2026-06-22,R-019,EDI,1,9124,287,
2026-06-22,R-020,EDI,1,8837,0,
2026-06-22,R-021,PRD,1,84261,0,
2026-06-22,R-022,EDI,1,1631540,51326,
2026-06-22,R-023,ECOM,1,1,0,0
2026-06-22,R-024,GL,1,93403,0,
2026-06-22,R-025,GL,1,93403,0,
2026-06-22,R-026,GL,1,41717985,0,
2026-06-22,R-027,LOG,1,31711,0,
2026-06-22,R-028,LOG,1,2,0,0
2026-06-22,R-029,LOG,1,31711,0,
2026-06-22,R-030,LOG,1,31711,0,
2026-06-22,R-031,LOG,1,31711,0,
2026-06-22,R-032,LOY,1,1,0,0
2026-06-22,R-033,LOY,1,1870125,0,
2026-06-22,R-034,LOY,1,1870125,0,
2026-06-22,R-035,PRD,1,84261,0,
2026-06-22,R-036,PRD,1,1,0,0
2026-06-22,R-037,PRD,1,84261,0,
2026-06-22,R-038,PRD,1,84261,0,
2026-06-22,R-039,PRD,1,84261,0,
2026-06-22,R-040,STO,1,642,0,
2026-06-22,R-041,STO,1,1,0,0
2026-06-22,R-042,STO,1,642,0,
2026-06-22,R-043,STO,1,642,0,
2026-06-22,R-044,STO,1,642,0,
2026-06-22,R-045,ECOM,1,156485,0,
2026-06-22,R-046,ECOM,1,156485,0,
2026-06-22,R-047,EDI,1,8837,0,
2026-06-22,R-048,POS,1,2293386,0,
2026-06-23,R-001,POS,1,2192154,0,
2026-06-23,R-002,POS,1,4,0,0
2026-06-23,R-003,POS,1,2192154,0,
2026-06-23,R-004,POS,1,16718727,0,
2026-06-23,R-005,POS,1,2192154,0,
2026-06-23,R-006,POS,1,2192154,0,
2026-06-23,R-007,ECOM,1,141731,18,
2026-06-23,R-008,ECOM,1,141731,0,
2026-06-23,R-009,ECOM,1,141731,0,
2026-06-23,R-010,GL,1,91398,0,
2026-06-23,R-011,GL,1,91398,0,
2026-06-23,R-012,GL,1,1,0,0
2026-06-23,R-013,LOY,1,1870457,0,
2026-06-23,R-014,LOY,1,1870457,3614,
2026-06-23,R-015,LOY,1,1870457,0,
2026-06-23,R-016,ECOM,1,1002929,0,
2026-06-23,R-017,EDI,1,3,0,0
2026-06-23,R-018,EDI,1,8961,0,
2026-06-23,R-019,EDI,1,8961,0,
2026-06-23,R-020,EDI,1,8961,0,
2026-06-23,R-021,PRD,1,84271,0,
2026-06-23,R-022,EDI,1,1590120,0,
2026-06-23,R-023,ECOM,1,1,0,0
2026-06-23,R-024,GL,1,91398,0,
2026-06-23,R-025,GL,1,91398,0,
2026-06-23,R-026,GL,1,40502064,0,
2026-06-23,R-027,LOG,1,30726,0,
2026-06-23,R-028,LOG,1,2,0,0
2026-06-23,R-029,LOG,1,30726,0,
2026-06-23,R-030,LOG,1,30726,0,
2026-06-23,R-031,LOG,1,30726,0,
2026-06-23,R-032,LOY,1,1,0,0
2026-06-23,R-033,LOY,1,1870457,0,
2026-06-23,R-034,LOY,1,1870457,0,
2026-06-23,R-035,PRD,1,84271,0,
2026-06-23,R-036,PRD,1,1,0,0
2026-06-23,R-037,PRD,1,84271,0,
2026-06-23,R-038,PRD,1,84271,0,
2026-06-23,R-039,PRD,1,84271,0,
2026-06-23,R-040,STO,1,642,0,
2026-06-23,R-041,STO,1,1,0,0
2026-06-23,R-042,STO,1,642,0,
2026-06-23,R-043,STO,1,642,0,
2026-06-23,R-044,STO,1,642,0,
2026-06-23,R-045,ECOM,1,141731,0,
2026-06-23,R-046,ECOM,1,141731,0,
2026-06-23,R-047,EDI,1,8961,0,
2026-06-23,R-048,POS,1,2192154,0,
2026-06-24,R-001,POS,1,2275437,0,
2026-06-24,R-002,POS,1,4,0,0
2026-06-24,R-003,POS,1,2275437,0,
2026-06-24,R-004,POS,1,17436242,0,
2026-06-24,R-005,POS,1,2275437,0,
2026-06-24,R-006,POS,1,2275437,0,
2026-06-24,R-007,ECOM,1,138875,0,
2026-06-24,R-008,ECOM,1,138875,0,
2026-06-24,R-009,ECOM,1,138875,0,
2026-06-24,R-010,GL,1,94421,0,
2026-06-24,R-011,GL,1,94421,0,
2026-06-24,R-012,GL,1,1,0,0
2026-06-24,R-013,LOY,1,1870810,0,
2026-06-24,R-014,LOY,1,1870810,3578,
2026-06-24,R-015,LOY,1,1870810,0,
2026-06-24,R-016,ECOM,1,984182,0,
2026-06-24,R-017,EDI,1,3,0,0
2026-06-24,R-018,EDI,1,8498,0,
2026-06-24,R-019,EDI,1,8498,0,
2026-06-24,R-020,EDI,1,8498,0,
2026-06-24,R-021,PRD,1,84273,0,
2026-06-24,R-022,EDI,1,1523930,470,
2026-06-24,R-023,ECOM,1,1,0,0
2026-06-24,R-024,GL,1,94421,0,
2026-06-24,R-025,GL,1,94421,0,
2026-06-24,R-026,GL,1,41721252,0,
2026-06-24,R-027,LOG,1,30323,0,
2026-06-24,R-028,LOG,1,2,0,20
2026-06-24,R-029,LOG,1,30323,0,
2026-06-24,R-030,LOG,1,30323,0,
2026-06-24,R-031,LOG,1,30323,0,
2026-06-24,R-032,LOY,1,1,0,0
2026-06-24,R-033,LOY,1,1870810,0,
2026-06-24,R-034,LOY,1,1870810,0,
2026-06-24,R-035,PRD,1,84273,0,
2026-06-24,R-036,PRD,1,1,0,0
2026-06-24,R-037,PRD,1,84273,0,
2026-06-24,R-038,PRD,1,84273,0,
2026-06-24,R-039,PRD,1,84273,0,
2026-06-24,R-040,STO,1,642,0,
2026-06-24,R-041,STO,1,1,0,0
2026-06-24,R-042,STO,1,642,0,
2026-06-24,R-043,STO,1,642,0,
2026-06-24,R-044,STO,1,642,0,
2026-06-24,R-045,ECOM,1,138875,0,
2026-06-24,R-046,ECOM,1,138875,0,
2026-06-24,R-047,EDI,1,8498,0,
2026-06-24,R-048,POS,1,2275437,0,
2026-06-25,R-001,POS,1,2329949,0,
2026-06-25,R-002,POS,1,4,0,0
2026-06-25,R-003,POS,1,2329949,0,
2026-06-25,R-004,POS,1,17833416,0,
2026-06-25,R-005,POS,1,2329949,0,
2026-06-25,R-006,POS,1,2329949,0,
2026-06-25,R-007,ECOM,1,143486,0,
2026-06-25,R-008,ECOM,1,143486,0,
2026-06-25,R-009,ECOM,1,143486,0,
2026-06-25,R-010,GL,1,93202,0,
2026-06-25,R-011,GL,1,93202,0,
2026-06-25,R-012,GL,1,1,0,0
2026-06-25,R-013,LOY,1,1871134,0,
2026-06-25,R-014,LOY,1,1871134,3416,
2026-06-25,R-015,LOY,1,1871134,0,
2026-06-25,R-016,ECOM,1,1017786,0,
2026-06-25,R-017,EDI,1,3,0,0
2026-06-25,R-018,EDI,1,8489,0,
2026-06-25,R-019,EDI,1,8489,0,
2026-06-25,R-020,EDI,1,8489,0,
2026-06-25,R-021,PRD,1,84276,0,
2026-06-25,R-022,EDI,1,1508752,0,
2026-06-25,R-023,ECOM,1,1,0,0
2026-06-25,R-024,GL,1,93202,0,
2026-06-25,R-025,GL,1,93202,0,
2026-06-25,R-026,GL,1,41137725,0,
2026-06-25,R-027,LOG,1,30164,0,
2026-06-25,R-028,LOG,1,2,0,0
2026-06-25,R-029,LOG,1,30164,0,
2026-06-25,R-030,LOG,1,30164,0,
2026-06-25,R-031,LOG,1,30164,0,
2026-06-25,R-032,LOY,1,1,0,0
2026-06-25,R-033,LOY,1,1871134,0,
2026-06-25,R-034,LOY,1,1871134,0,
2026-06-25,R-035,PRD,1,84276,0,
2026-06-25,R-036,PRD,1,1,0,0
2026-06-25,R-037,PRD,1,84276,0,
2026-06-25,R-038,PRD,1,84276,0,
2026-06-25,R-039,PRD,1,84276,0,
2026-06-25,R-040,STO,1,642,0,
2026-06-25,R-041,STO,1,1,0,0
2026-06-25,R-042,STO,1,642,0,
2026-06-25,R-043,STO,1,642,0,
2026-06-25,R-044,STO,1,642,0,
2026-06-25,R-045,ECOM,1,143486,0,
2026-06-25,R-046,ECOM,1,143486,0,
2026-06-25,R-047,EDI,1,8489,0,
2026-06-25,R-048,POS,1,2329949,0,
2026-06-26,R-001,POS,1,2603026,0,
2026-06-26,R-002,POS,1,4,0,0
2026-06-26,R-003,POS,1,2603026,0,
2026-06-26,R-004,POS,1,19943849,0,
2026-06-26,R-005,POS,1,2603026,0,
2026-06-26,R-006,POS,1,2603026,0,
2026-06-26,R-007,ECOM,1,147993,0,
2026-06-26,R-008,ECOM,1,147993,0,
2026-06-26,R-009,ECOM,1,147993,0,
2026-06-26,R-010,GL,1,96344,0,
2026-06-26,R-011,GL,1,96344,0,
2026-06-26,R-012,GL,1,1,0,0
2026-06-26,R-013,LOY,1,1871500,0,
2026-06-26,R-014,LOY,1,1871500,4193,
2026-06-26,R-015,LOY,1,1871500,374,
2026-06-26,R-016,ECOM,1,1045461,0,
2026-06-26,R-017,EDI,1,3,0,14
2026-06-26,R-018,EDI,1,8819,0,
2026-06-26,R-019,EDI,1,8819,0,
2026-06-26,R-020,EDI,1,8819,0,
2026-06-26,R-021,PRD,1,84288,0,
2026-06-26,R-022,EDI,1,1569128,0,
2026-06-26,R-023,ECOM,1,1,0,0
2026-06-26,R-024,GL,1,96344,0,
2026-06-26,R-025,GL,1,96344,0,
2026-06-26,R-026,GL,1,43002110,0,
2026-06-26,R-027,LOG,1,30928,0,
2026-06-26,R-028,LOG,1,2,0,0
2026-06-26,R-029,LOG,1,30928,0,
2026-06-26,R-030,LOG,1,30928,0,
2026-06-26,R-031,LOG,1,30928,0,
2026-06-26,R-032,LOY,1,1,0,0
2026-06-26,R-033,LOY,1,1871500,0,
2026-06-26,R-034,LOY,1,1871500,0,
2026-06-26,R-035,PRD,1,84288,0,
2026-06-26,R-036,PRD,1,1,0,0
2026-06-26,R-037,PRD,1,84288,0,
2026-06-26,R-038,PRD,1,84288,0,
2026-06-26,R-039,PRD,1,84288,0,
2026-06-26,R-040,STO,1,642,0,
2026-06-26,R-041,STO,1,1,0,0
2026-06-26,R-042,STO,1,642,0,
2026-06-26,R-043,STO,1,642,0,
2026-06-26,R-044,STO,1,642,0,
2026-06-26,R-045,ECOM,1,147993,0,
2026-06-26,R-046,ECOM,1,147993,0,
2026-06-26,R-047,EDI,1,8819,0,
2026-06-26,R-048,POS,1,2603026,0,
2026-06-27,R-001,POS,1,2850510,0,
2026-06-27,R-002,POS,1,4,0,0
2026-06-27,R-003,POS,1,2850510,0,
2026-06-27,R-004,POS,1,21884651,0,
2026-06-27,R-005,POS,1,2850510,0,
2026-06-27,R-006,POS,1,2850510,0,
2026-06-27,R-007,ECOM,1,132449,0,
2026-06-27,R-008,ECOM,1,132449,0,
2026-06-27,R-009,ECOM,1,132450,1,
2026-06-27,R-013,LOY,1,1871846,0,
2026-06-27,R-014,LOY,1,1871846,5803,
2026-06-27,R-015,LOY,1,1871846,0,
2026-06-27,R-016,ECOM,1,940956,139,
2026-06-27,R-017,EDI,1,3,0,0
2026-06-27,R-018,EDI,1,7860,0,
2026-06-27,R-019,EDI,1,7860,0,
2026-06-27,R-020,EDI,1,7860,0,
2026-06-27,R-021,PRD,1,84298,0,
2026-06-27,R-022,EDI,1,1399334,0,
2026-06-27,R-023,ECOM,1,1,0,0
2026-06-27,R-027,LOG,1,28275,0,
2026-06-27,R-028,LOG,1,2,0,0
2026-06-27,R-029,LOG,1,28275,0,
2026-06-27,R-030,LOG,1,28275,0,
2026-06-27,R-031,LOG,1,28275,0,
2026-06-27,R-032,LOY,1,1,0,0
2026-06-27,R-033,LOY,1,1871846,0,
2026-06-27,R-034,LOY,1,1871846,0,
2026-06-27,R-035,PRD,1,84298,0,
2026-06-27,R-036,PRD,1,1,0,0
2026-06-27,R-037,PRD,1,84298,0,
2026-06-27,R-038,PRD,1,84298,0,
2026-06-27,R-039,PRD,1,84298,0,
2026-06-27,R-040,STO,1,642,0,
2026-06-27,R-041,STO,1,1,0,0
2026-06-27,R-042,STO,1,642,0,
2026-06-27,R-043,STO,1,642,0,
2026-06-27,R-044,STO,1,642,0,
2026-06-27,R-045,ECOM,1,132449,0,
2026-06-27,R-046,ECOM,1,132449,0,
2026-06-27,R-047,EDI,1,7860,0,
2026-06-27,R-048,POS,1,2850510,0,
2026-06-28,R-001,POS,1,2476552,0,
2026-06-28,R-002,POS,1,4,0,0
2026-06-28,R-003,POS,1,2476552,0,
2026-06-28,R-004,POS,1,18962603,0,
2026-06-28,R-005,POS,1,2476552,0,
2026-06-28,R-006,POS,1,2476552,0,
2026-06-28,R-007,ECOM,1,146358,0,
2026-06-28,R-008,ECOM,1,146358,0,
2026-06-28,R-009,ECOM,1,146360,2,
2026-06-28,R-013,LOY,1,1872145,0,
2026-06-28,R-014,LOY,1,1872145,8799,
2026-06-28,R-015,LOY,1,1872145,0,
2026-06-28,R-016,ECOM,1,1030923,260,
2026-06-28,R-021,PRD,1,84310,14,
2026-06-28,R-023,ECOM,1,1,0,0
2026-06-28,R-027,LOG,1,21899,0,
2026-06-28,R-028,LOG,1,2,0,0
2026-06-28,R-029,LOG,1,21899,0,
2026-06-28,R-030,LOG,1,21899,0,
2026-06-28,R-031,LOG,1,21899,0,
2026-06-28,R-032,LOY,1,1,0,0
2026-06-28,R-033,LOY,1,1872145,0,
2026-06-28,R-034,LOY,1,1872145,0,
2026-06-28,R-035,PRD,1,84310,0,
2026-06-28,R-036,PRD,1,1,0,0
2026-06-28,R-037,PRD,1,84310,0,
2026-06-28,R-038,PRD,1,84310,0,
2026-06-28,R-039,PRD,1,84310,0,
2026-06-28,R-040,STO,1,642,0,
2026-06-28,R-041,STO,1,1,0,0
2026-06-28,R-042,STO,1,642,0,
2026-06-28,R-043,STO,1,642,0,
2026-06-28,R-044,STO,1,642,0,
2026-06-28,R-045,ECOM,1,146358,0,
2026-06-28,R-046,ECOM,1,146358,0,
2026-06-28,R-048,POS,1,2476552,0,
2026-06-29,R-001,POS,1,2412384,0,
2026-06-29,R-002,POS,1,4,0,0
2026-06-29,R-003,POS,1,2412384,0,
2026-06-29,R-004,POS,1,18424913,0,
2026-06-29,R-005,POS,1,2412384,0,
2026-06-29,R-006,POS,1,2412384,0,
2026-06-29,R-007,ECOM,1,148059,0,
2026-06-29,R-008,ECOM,1,148059,214,
2026-06-29,R-009,ECOM,1,148062,3,
2026-06-29,R-010,GL,1,96410,0,
2026-06-29,R-011,GL,1,96410,0,
2026-06-29,R-012,GL,1,1,0,0
2026-06-29,R-013,LOY,1,1872455,0,
2026-06-29,R-014,LOY,1,1872455,12480,
2026-06-29,R-015,LOY,1,1872455,0,
2026-06-29,R-016,ECOM,1,1048650,412,
2026-06-29,R-017,EDI,1,3,1,41
2026-06-29,R-018,EDI,1,7736,0,
2026-06-29,R-019,EDI,1,8940,1204,
2026-06-29,R-020,EDI,1,7736,0,
2026-06-29,R-021,PRD,1,84312,14,
2026-06-29,R-022,EDI,1,1594208,214608,
2026-06-29,R-023,ECOM,1,1,0,7
2026-06-29,R-024,GL,1,96410,0,
2026-06-29,R-025,GL,1,96410,0,
2026-06-29,R-026,GL,1,42806114,0,
2026-06-29,R-027,LOG,1,31254,0,
2026-06-29,R-028,LOG,1,2,0,0
2026-06-29,R-029,LOG,1,31254,0,
2026-06-29,R-030,LOG,1,31254,0,
2026-06-29,R-031,LOG,1,31254,0,
2026-06-29,R-032,LOY,1,1,0,0
2026-06-29,R-033,LOY,1,1872455,0,
2026-06-29,R-034,LOY,1,1872455,0,
2026-06-29,R-035,PRD,1,84312,0,
2026-06-29,R-036,PRD,1,1,0,0
2026-06-29,R-037,PRD,1,84312,0,
2026-06-29,R-038,PRD,1,84312,0,
2026-06-29,R-039,PRD,1,84312,0,
2026-06-29,R-040,STO,1,642,0,
2026-06-29,R-041,STO,1,1,0,0
2026-06-29,R-042,STO,1,642,0,
2026-06-29,R-043,STO,1,642,0,
2026-06-29,R-044,STO,1,642,0,
2026-06-29,R-045,ECOM,1,148059,0,
2026-06-29,R-046,ECOM,1,148059,0,
2026-06-29,R-047,EDI,1,7736,0,
2026-06-29,R-048,POS,1,2412384,0,
