inspection_id,question_id,result,severity,inspector_note
SI-2025-0001,1,Pass,,
SI-2025-0001,2,Pass,,
SI-2025-0001,3,Pass,,
SI-2025-0001,4,Pass,,
SI-2025-0001,5,Pass,,
SI-2025-0001,6,Pass,,
SI-2025-0001,7,Pass,,
SI-2025-0001,8,Pass,,
SI-2025-0001,9,Pass,,
SI-2025-0001,10,Pass,,
SI-2025-0001,11,Fail,Low,Work bench at the north stairwell cluttered with offcuts
SI-2025-0001,12,Pass,,
SI-2025-0001,13,Pass,,
SI-2025-0001,14,Pass,,
SI-2025-0001,15,Pass,,
SI-2025-0001,16,Pass,,
SI-2025-0001,17,Pass,,
SI-2025-0001,18,Pass,,
SI-2025-0001,19,Pass,,
SI-2025-0001,20,Pass,,
SI-2025-0001,21,Pass,,
SI-2025-0001,22,Pass,,
SI-2025-0001,23,Pass,,
SI-2025-0001,24,Pass,,
SI-2025-0002,1,Pass,,
SI-2025-0002,2,Pass,,
SI-2025-0002,3,Fail,Low,Call point at level 2 blocked by stored materials
SI-2025-0002,4,Pass,,
SI-2025-0002,5,Pass,,
SI-2025-0002,6,Pass,,
SI-2025-0002,7,Pass,,
SI-2025-0002,8,Pass,,
SI-2025-0002,9,Pass,,
SI-2025-0002,10,Fail,Low,Waste bins overflowing at aisle 4
SI-2025-0002,11,Pass,,
SI-2025-0002,12,Fail,Low,Spill kit at store B missing absorbent pads
SI-2025-0002,13,Pass,,
SI-2025-0002,14,Pass,,
SI-2025-0002,15,Pass,,
SI-2025-0002,16,Fail,Medium,Welfare room at the welfare cabin without hot water
SI-2025-0002,17,Pass,,
SI-2025-0002,18,Pass,,
SI-2025-0002,19,Fail,Medium,Untagged stepladder in use at the dock office
SI-2025-0002,20,Pass,,
SI-2025-0002,21,Pass,,
SI-2025-0002,22,Pass,,
SI-2025-0002,23,Pass,,
SI-2025-0002,24,Pass,,
SI-2025-0003,1,Pass,,
SI-2025-0003,2,Fail,Medium,Extinguisher at the main workshop past its service date
SI-2025-0003,3,Pass,,
SI-2025-0003,4,Pass,,
SI-2025-0003,5,Pass,,
SI-2025-0003,6,Pass,,
SI-2025-0003,7,Pass,,
SI-2025-0003,8,Pass,,
SI-2025-0003,9,Pass,,
SI-2025-0003,10,Pass,,
SI-2025-0003,11,Pass,,
SI-2025-0003,12,Pass,,
SI-2025-0003,13,Pass,,
SI-2025-0003,14,Pass,,
SI-2025-0003,15,Pass,,
SI-2025-0003,16,Pass,,
SI-2025-0003,17,Fail,Medium,Racking tag at the mezzanine out of date
SI-2025-0003,18,Pass,,
SI-2025-0003,19,Pass,,
SI-2025-0003,20,Pass,,
SI-2025-0003,21,Pass,,
SI-2025-0003,22,Pass,,
SI-2025-0003,23,Pass,,
SI-2025-0003,24,Pass,,
SI-2025-0004,1,Pass,,
SI-2025-0004,2,Pass,,
SI-2025-0004,3,Pass,,
SI-2025-0004,4,Pass,,
SI-2025-0004,5,Pass,,
SI-2025-0004,6,Pass,,
SI-2025-0004,7,Pass,,
SI-2025-0004,8,Pass,,
SI-2025-0004,9,Pass,,
SI-2025-0004,10,Pass,,
SI-2025-0004,11,Pass,,
SI-2025-0004,12,Pass,,
SI-2025-0004,13,Pass,,
SI-2025-0004,14,Pass,,
SI-2025-0004,15,Pass,,
SI-2025-0004,16,Pass,,
SI-2025-0004,17,Pass,,
SI-2025-0004,18,Pass,,
SI-2025-0004,19,Pass,,
SI-2025-0004,20,Pass,,
SI-2025-0004,21,Pass,,
SI-2025-0004,22,Pass,,
SI-2025-0004,23,Pass,,
SI-2025-0004,24,Pass,,
SI-2025-0005,1,Fail,Low,Fire door at the north stairwell catches on frame and does not latch
SI-2025-0005,2,Pass,,
SI-2025-0005,3,Pass,,
SI-2025-0005,4,Pass,,
SI-2025-0005,5,Pass,,
SI-2025-0005,6,Pass,,
SI-2025-0005,7,Pass,,
SI-2025-0005,8,NA,,
SI-2025-0005,9,Pass,,
SI-2025-0005,10,Pass,,
SI-2025-0005,11,Pass,,
SI-2025-0005,12,Fail,Low,Spill kit at the mezzanine missing absorbent pads
SI-2025-0005,13,Pass,,
SI-2025-0005,14,Pass,,
SI-2025-0005,15,Pass,,
SI-2025-0005,16,Pass,,
SI-2025-0005,17,Pass,,
SI-2025-0005,18,Pass,,
SI-2025-0005,19,Pass,,
SI-2025-0005,20,Pass,,
SI-2025-0005,21,Pass,,
SI-2025-0005,22,Pass,,
SI-2025-0005,23,Pass,,
SI-2025-0005,24,Fail,Low,No vehicle warning signage at level 2 crossing
SI-2025-0006,1,Pass,,
SI-2025-0006,2,Pass,,
SI-2025-0006,3,Pass,,
SI-2025-0006,4,Pass,,
SI-2025-0006,5,Pass,,
SI-2025-0006,6,Pass,,
SI-2025-0006,7,Pass,,
SI-2025-0006,8,Pass,,
SI-2025-0006,9,Pass,,
SI-2025-0006,10,Pass,,
SI-2025-0006,11,Pass,,
SI-2025-0006,12,Pass,,
SI-2025-0006,13,Pass,,
SI-2025-0006,14,NA,,
SI-2025-0006,15,Pass,,
SI-2025-0006,16,Pass,,
SI-2025-0006,17,Pass,,
SI-2025-0006,18,Pass,,
SI-2025-0006,19,Pass,,
SI-2025-0006,20,Pass,,
SI-2025-0006,21,Pass,,
SI-2025-0006,22,Pass,,
SI-2025-0006,23,Pass,,
SI-2025-0006,24,Pass,,
SI-2025-0007,1,Pass,,
SI-2025-0007,2,Pass,,
SI-2025-0007,3,Fail,High,Call point at loading bay 6 blocked by stored materials
SI-2025-0007,4,Fail,Low,Emergency light at the welfare cabin not illuminating on test
SI-2025-0007,5,Pass,,
SI-2025-0007,6,Fail,Medium,Distribution board at bay 2 left open and unlabelled
SI-2025-0007,7,Pass,,
SI-2025-0007,8,Pass,,
SI-2025-0007,9,Pass,,
SI-2025-0007,10,Pass,,
SI-2025-0007,11,Pass,,
SI-2025-0007,12,Pass,,
SI-2025-0007,13,Pass,,
SI-2025-0007,14,Pass,,
SI-2025-0007,15,Fail,Medium,Operative without hi-vis near the main workshop
SI-2025-0007,16,Pass,,
SI-2025-0007,17,Pass,,
SI-2025-0007,18,Pass,,
SI-2025-0007,19,Pass,,
SI-2025-0007,20,Pass,,
SI-2025-0007,21,Pass,,
SI-2025-0007,22,Pass,,
SI-2025-0007,23,NA,,
SI-2025-0007,24,Pass,,
SI-2025-0008,1,Pass,,
SI-2025-0008,2,Pass,,
SI-2025-0008,3,Pass,,
SI-2025-0008,4,Pass,,
SI-2025-0008,5,Pass,,
SI-2025-0008,6,Pass,,
SI-2025-0008,7,Pass,,
SI-2025-0008,8,Pass,,
SI-2025-0008,9,Pass,,
SI-2025-0008,10,Pass,,
SI-2025-0008,11,Pass,,
SI-2025-0008,12,Pass,,
SI-2025-0008,13,Pass,,
SI-2025-0008,14,Pass,,
SI-2025-0008,15,Pass,,
SI-2025-0008,16,Pass,,
SI-2025-0008,17,Pass,,
SI-2025-0008,18,Pass,,
SI-2025-0008,19,Pass,,
SI-2025-0008,20,Pass,,
SI-2025-0008,21,Pass,,
SI-2025-0008,22,Pass,,
SI-2025-0008,23,Pass,,
SI-2025-0008,24,Fail,Medium,No vehicle warning signage at the welfare cabin crossing
SI-2025-0009,1,Pass,,
SI-2025-0009,2,Pass,,
SI-2025-0009,3,Fail,High,Call point at the welfare cabin blocked by stored materials
SI-2025-0009,4,Fail,Low,Emergency light at loading bay 6 not illuminating on test
SI-2025-0009,5,Pass,,
SI-2025-0009,6,Fail,Medium,Distribution board at aisle 4 left open and unlabelled
SI-2025-0009,7,Pass,,
SI-2025-0009,8,NA,,
SI-2025-0009,9,Pass,,
SI-2025-0009,10,Pass,,
SI-2025-0009,11,Pass,,
SI-2025-0009,12,Pass,,
SI-2025-0009,13,Pass,,
SI-2025-0009,14,Pass,,
SI-2025-0009,15,Pass,,
SI-2025-0009,16,Pass,,
SI-2025-0009,17,Pass,,
SI-2025-0009,18,Pass,,
SI-2025-0009,19,Pass,,
SI-2025-0009,20,Pass,,
SI-2025-0009,21,Pass,,
SI-2025-0009,22,Pass,,
SI-2025-0009,23,Fail,Low,Statutory notice board at bay 2 out of date
SI-2025-0009,24,Pass,,
SI-2025-0010,1,Pass,,
SI-2025-0010,2,Pass,,
SI-2025-0010,3,Pass,,
SI-2025-0010,4,Pass,,
SI-2025-0010,5,Pass,,
SI-2025-0010,6,Pass,,
SI-2025-0010,7,Pass,,
SI-2025-0010,8,Pass,,
SI-2025-0010,9,Pass,,
SI-2025-0010,10,Fail,Medium,Waste bins overflowing at bay 2
SI-2025-0010,11,Pass,,
SI-2025-0010,12,Pass,,
SI-2025-0010,13,Pass,,
SI-2025-0010,14,Pass,,
SI-2025-0010,15,Fail,High,Operative without hi-vis near store B
SI-2025-0010,16,Pass,,
SI-2025-0010,17,Pass,,
SI-2025-0010,18,Pass,,
SI-2025-0010,19,Pass,,
SI-2025-0010,20,Pass,,
SI-2025-0010,21,Pass,,
SI-2025-0010,22,Pass,,
SI-2025-0010,23,Fail,Low,Statutory notice board at store B out of date
SI-2025-0010,24,Pass,,
SI-2025-0011,1,Pass,,
SI-2025-0011,2,Pass,,
SI-2025-0011,3,Pass,,
SI-2025-0011,4,Pass,,
SI-2025-0011,5,NA,,
SI-2025-0011,6,Pass,,
SI-2025-0011,7,Pass,,
SI-2025-0011,8,Pass,,
SI-2025-0011,9,Pass,,
SI-2025-0011,10,Pass,,
SI-2025-0011,11,Pass,,
SI-2025-0011,12,Pass,,
SI-2025-0011,13,Pass,,
SI-2025-0011,14,Pass,,
SI-2025-0011,15,Pass,,
SI-2025-0011,16,Fail,Low,Welfare room at the mezzanine without hot water
SI-2025-0011,17,Pass,,
SI-2025-0011,18,Pass,,
SI-2025-0011,19,Pass,,
SI-2025-0011,20,Pass,,
SI-2025-0011,21,Pass,,
SI-2025-0011,22,Pass,,
SI-2025-0011,23,Pass,,
SI-2025-0011,24,Pass,,
SI-2025-0012,1,Pass,,
SI-2025-0012,2,Pass,,
SI-2025-0012,3,Pass,,
SI-2025-0012,4,Pass,,
SI-2025-0012,5,Pass,,
SI-2025-0012,6,Pass,,
SI-2025-0012,7,Pass,,
SI-2025-0012,8,Pass,,
SI-2025-0012,9,Pass,,
SI-2025-0012,10,Pass,,
SI-2025-0012,11,Pass,,
SI-2025-0012,12,Fail,Medium,Spill kit at level 2 missing absorbent pads
SI-2025-0012,13,Pass,,
SI-2025-0012,14,Pass,,
SI-2025-0012,15,Pass,,
SI-2025-0012,16,Pass,,
SI-2025-0012,17,Pass,,
SI-2025-0012,18,NA,,
SI-2025-0012,19,Pass,,
SI-2025-0012,20,Pass,,
SI-2025-0012,21,Pass,,
SI-2025-0012,22,Pass,,
SI-2025-0012,23,Fail,Medium,Statutory notice board at loading bay 6 out of date
SI-2025-0012,24,Pass,,
SI-2025-0013,1,Fail,Medium,Fire door at the main workshop catches on frame and does not latch
SI-2025-0013,2,Pass,,
SI-2025-0013,3,Pass,,
SI-2025-0013,4,Fail,High,Emergency light at the yard gate not illuminating on test
SI-2025-0013,5,Pass,,
SI-2025-0013,6,Pass,,
SI-2025-0013,7,Pass,,
SI-2025-0013,8,Pass,,
SI-2025-0013,9,Pass,,
SI-2025-0013,10,Pass,,
SI-2025-0013,11,NA,,
SI-2025-0013,12,Fail,Low,Spill kit at the main workshop missing absorbent pads
SI-2025-0013,13,Pass,,
SI-2025-0013,14,Pass,,
SI-2025-0013,15,Pass,,
SI-2025-0013,16,Pass,,
SI-2025-0013,17,Pass,,
SI-2025-0013,18,Pass,,
SI-2025-0013,19,Pass,,
SI-2025-0013,20,Pass,,
SI-2025-0013,21,Pass,,
SI-2025-0013,22,Pass,,
SI-2025-0013,23,Pass,,
SI-2025-0013,24,Pass,,
SI-2025-0014,1,Pass,,
SI-2025-0014,2,Pass,,
SI-2025-0014,3,Pass,,
SI-2025-0014,4,Fail,Low,Emergency light at aisle 4 not illuminating on test
SI-2025-0014,5,Pass,,
SI-2025-0014,6,Pass,,
SI-2025-0014,7,Pass,,
SI-2025-0014,8,Pass,,
SI-2025-0014,9,Fail,Medium,Pallets staged on pedestrian route near the north stairwell
SI-2025-0014,10,Pass,,
SI-2025-0014,11,Pass,,
SI-2025-0014,12,Pass,,
SI-2025-0014,13,Pass,,
SI-2025-0014,14,Pass,,
SI-2025-0014,15,Pass,,
SI-2025-0014,16,Pass,,
SI-2025-0014,17,Pass,,
SI-2025-0014,18,Pass,,
SI-2025-0014,19,Pass,,
SI-2025-0014,20,Pass,,
SI-2025-0014,21,Pass,,
SI-2025-0014,22,Fail,Low,Walkway markings at the main workshop worn and faded
SI-2025-0014,23,Pass,,
SI-2025-0014,24,Pass,,
SI-2025-0015,1,Pass,,
SI-2025-0015,2,Fail,Medium,Extinguisher at the yard gate past its service date
SI-2025-0015,3,Pass,,
SI-2025-0015,4,Pass,,
SI-2025-0015,5,Pass,,
SI-2025-0015,6,NA,,
SI-2025-0015,7,Pass,,
SI-2025-0015,8,Pass,,
SI-2025-0015,9,Fail,Low,Pallets staged on pedestrian route near the dock office
SI-2025-0015,10,Pass,,
SI-2025-0015,11,Fail,High,Work bench at the main workshop cluttered with offcuts
SI-2025-0015,12,Pass,,
SI-2025-0015,13,Pass,,
SI-2025-0015,14,Pass,,
SI-2025-0015,15,NA,,
SI-2025-0015,16,Pass,,
SI-2025-0015,17,Pass,,
SI-2025-0015,18,Pass,,
SI-2025-0015,19,Pass,,
SI-2025-0015,20,Pass,,
SI-2025-0015,21,Pass,,
SI-2025-0015,22,Pass,,
SI-2025-0015,23,Pass,,
SI-2025-0015,24,Fail,Low,No vehicle warning signage at the main workshop crossing
SI-2025-0016,1,NA,,
SI-2025-0016,2,Pass,,
SI-2025-0016,3,Pass,,
SI-2025-0016,4,NA,,
SI-2025-0016,5,Pass,,
SI-2025-0016,6,Pass,,
SI-2025-0016,7,Fail,Low,Damaged extension lead in use at store B
SI-2025-0016,8,Fail,Low,Isolation switch at the dock office obstructed
SI-2025-0016,9,Pass,,
SI-2025-0016,10,Pass,,
SI-2025-0016,11,Pass,,
SI-2025-0016,12,Fail,Low,Spill kit at the east exit missing absorbent pads
SI-2025-0016,13,Fail,High,Eye-wash bottle at the mezzanine past expiry
SI-2025-0016,14,Pass,,
SI-2025-0016,15,Pass,,
SI-2025-0016,16,Pass,,
SI-2025-0016,17,Pass,,
SI-2025-0016,18,Pass,,
SI-2025-0016,19,Fail,Low,Untagged stepladder in use at the yard gate
SI-2025-0016,20,Pass,,
SI-2025-0016,21,Pass,,
SI-2025-0016,22,Fail,High,Walkway markings at level 2 worn and faded
SI-2025-0016,23,Pass,,
SI-2025-0016,24,Pass,,
SI-2025-0017,1,Pass,,
SI-2025-0017,2,Pass,,
SI-2025-0017,3,Pass,,
SI-2025-0017,4,Pass,,
SI-2025-0017,5,Pass,,
SI-2025-0017,6,Fail,Medium,Distribution board at level 2 left open and unlabelled
SI-2025-0017,7,Pass,,
SI-2025-0017,8,Pass,,
SI-2025-0017,9,Fail,Low,Pallets staged on pedestrian route near the mezzanine
SI-2025-0017,10,Pass,,
SI-2025-0017,11,Pass,,
SI-2025-0017,12,Pass,,
SI-2025-0017,13,Pass,,
SI-2025-0017,14,Pass,,
SI-2025-0017,15,Pass,,
SI-2025-0017,16,Fail,Low,Welfare room at the dock office without hot water
SI-2025-0017,17,Pass,,
SI-2025-0017,18,Fail,Low,Overloaded top beam at the main workshop
SI-2025-0017,19,Fail,Medium,Untagged stepladder in use at store B
SI-2025-0017,20,Pass,,
SI-2025-0017,21,Fail,Low,Escape route sign above the yard gate obscured by stock
SI-2025-0017,22,Pass,,
SI-2025-0017,23,Pass,,
SI-2025-0017,24,Fail,Medium,No vehicle warning signage at the dock office crossing
SI-2025-0018,1,Pass,,
SI-2025-0018,2,Pass,,
SI-2025-0018,3,Pass,,
SI-2025-0018,4,Pass,,
SI-2025-0018,5,Pass,,
SI-2025-0018,6,Pass,,
SI-2025-0018,7,Pass,,
SI-2025-0018,8,Pass,,
SI-2025-0018,9,NA,,
SI-2025-0018,10,Pass,,
SI-2025-0018,11,Pass,,
SI-2025-0018,12,Pass,,
SI-2025-0018,13,Pass,,
SI-2025-0018,14,Fail,Low,First-aid kit at store B missing dressings
SI-2025-0018,15,Pass,,
SI-2025-0018,16,Pass,,
SI-2025-0018,17,Pass,,
SI-2025-0018,18,Pass,,
SI-2025-0018,19,Pass,,
SI-2025-0018,20,Pass,,
SI-2025-0018,21,Pass,,
SI-2025-0018,22,Pass,,
SI-2025-0018,23,Pass,,
SI-2025-0018,24,NA,,
SI-2025-0019,1,Pass,,
SI-2025-0019,2,Pass,,
SI-2025-0019,3,Pass,,
SI-2025-0019,4,Pass,,
SI-2025-0019,5,Pass,,
SI-2025-0019,6,Fail,Medium,Distribution board at the main workshop left open and unlabelled
SI-2025-0019,7,Pass,,
SI-2025-0019,8,Pass,,
SI-2025-0019,9,Pass,,
SI-2025-0019,10,Pass,,
SI-2025-0019,11,Pass,,
SI-2025-0019,12,Pass,,
SI-2025-0019,13,Fail,Low,Eye-wash bottle at the yard gate past expiry
SI-2025-0019,14,Pass,,
SI-2025-0019,15,Fail,High,Operative without hi-vis near the north stairwell
SI-2025-0019,16,Pass,,
SI-2025-0019,17,Pass,,
SI-2025-0019,18,Pass,,
SI-2025-0019,19,Pass,,
SI-2025-0019,20,Pass,,
SI-2025-0019,21,Pass,,
SI-2025-0019,22,Pass,,
SI-2025-0019,23,Fail,Medium,Statutory notice board at the main workshop out of date
SI-2025-0019,24,Pass,,
SI-2025-0020,1,Pass,,
SI-2025-0020,2,Pass,,
SI-2025-0020,3,Fail,Low,Call point at bay 2 blocked by stored materials
SI-2025-0020,4,Pass,,
SI-2025-0020,5,Pass,,
SI-2025-0020,6,Pass,,
SI-2025-0020,7,Pass,,
SI-2025-0020,8,Pass,,
SI-2025-0020,9,Pass,,
SI-2025-0020,10,Fail,Low,Waste bins overflowing at level 2
SI-2025-0020,11,Pass,,
SI-2025-0020,12,Pass,,
SI-2025-0020,13,Pass,,
SI-2025-0020,14,Pass,,
SI-2025-0020,15,Pass,,
SI-2025-0020,16,Pass,,
SI-2025-0020,17,Pass,,
SI-2025-0020,18,Fail,Medium,Overloaded top beam at the welfare cabin
SI-2025-0020,19,Pass,,
SI-2025-0020,20,NA,,
SI-2025-0020,21,Pass,,
SI-2025-0020,22,Fail,Low,Walkway markings at the main workshop worn and faded
SI-2025-0020,23,Fail,Low,Statutory notice board at loading bay 6 out of date
SI-2025-0020,24,Pass,,
SI-2025-0021,1,Pass,,
SI-2025-0021,2,Pass,,
SI-2025-0021,3,Pass,,
SI-2025-0021,4,Pass,,
SI-2025-0021,5,Pass,,
SI-2025-0021,6,Pass,,
SI-2025-0021,7,Pass,,
SI-2025-0021,8,Pass,,
SI-2025-0021,9,Fail,Low,Pallets staged on pedestrian route near the east exit
SI-2025-0021,10,NA,,
SI-2025-0021,11,Pass,,
SI-2025-0021,12,Fail,Low,Spill kit at the dock office missing absorbent pads
SI-2025-0021,13,NA,,
SI-2025-0021,14,Fail,Low,First-aid kit at the east exit missing dressings
SI-2025-0021,15,Fail,Medium,Operative without hi-vis near the dock office
SI-2025-0021,16,Fail,Low,Welfare room at bay 2 without hot water
SI-2025-0021,17,Pass,,
SI-2025-0021,18,Pass,,
SI-2025-0021,19,Pass,,
SI-2025-0021,20,Pass,,
SI-2025-0021,21,Pass,,
SI-2025-0021,22,Pass,,
SI-2025-0021,23,Fail,Medium,Statutory notice board at level 2 out of date
SI-2025-0021,24,Fail,Low,No vehicle warning signage at bay 2 crossing
SI-2025-0022,1,NA,,
SI-2025-0022,2,Pass,,
SI-2025-0022,3,Pass,,
SI-2025-0022,4,Pass,,
SI-2025-0022,5,NA,,
SI-2025-0022,6,Pass,,
SI-2025-0022,7,Pass,,
SI-2025-0022,8,Pass,,
SI-2025-0022,9,Pass,,
SI-2025-0022,10,Pass,,
SI-2025-0022,11,Pass,,
SI-2025-0022,12,Fail,Low,Spill kit at aisle 4 missing absorbent pads
SI-2025-0022,13,Fail,Medium,Eye-wash bottle at level 2 past expiry
SI-2025-0022,14,Pass,,
SI-2025-0022,15,Pass,,
SI-2025-0022,16,Pass,,
SI-2025-0022,17,Pass,,
SI-2025-0022,18,Pass,,
SI-2025-0022,19,Pass,,
SI-2025-0022,20,Pass,,
SI-2025-0022,21,Pass,,
SI-2025-0022,22,Fail,Medium,Walkway markings at the welfare cabin worn and faded
SI-2025-0022,23,Pass,,
SI-2025-0022,24,Pass,,
SI-2025-0023,1,Pass,,
SI-2025-0023,2,Pass,,
SI-2025-0023,3,Pass,,
SI-2025-0023,4,Pass,,
SI-2025-0023,5,Pass,,
SI-2025-0023,6,Pass,,
SI-2025-0023,7,Pass,,
SI-2025-0023,8,Pass,,
SI-2025-0023,9,Fail,Low,Pallets staged on pedestrian route near aisle 4
SI-2025-0023,10,Pass,,
SI-2025-0023,11,Pass,,
SI-2025-0023,12,Pass,,
SI-2025-0023,13,Pass,,
SI-2025-0023,14,Pass,,
SI-2025-0023,15,Fail,Low,Operative without hi-vis near loading bay 6
SI-2025-0023,16,Pass,,
SI-2025-0023,17,Pass,,
SI-2025-0023,18,Pass,,
SI-2025-0023,19,Pass,,
SI-2025-0023,20,Fail,High,COSHH register at the east exit not updated this quarter
SI-2025-0023,21,Pass,,
SI-2025-0023,22,Pass,,
SI-2025-0023,23,Pass,,
SI-2025-0023,24,Pass,,
SI-2025-0024,1,Fail,Medium,Fire door at bay 2 catches on frame and does not latch
SI-2025-0024,2,Pass,,
SI-2025-0024,3,Pass,,
SI-2025-0024,4,Pass,,
SI-2025-0024,5,Pass,,
SI-2025-0024,6,Pass,,
SI-2025-0024,7,Pass,,
SI-2025-0024,8,Pass,,
SI-2025-0024,9,Pass,,
SI-2025-0024,10,Pass,,
SI-2025-0024,11,Pass,,
SI-2025-0024,12,Pass,,
SI-2025-0024,13,Fail,Low,Eye-wash bottle at aisle 4 past expiry
SI-2025-0024,14,Pass,,
SI-2025-0024,15,Pass,,
SI-2025-0024,16,Pass,,
SI-2025-0024,17,Pass,,
SI-2025-0024,18,Pass,,
SI-2025-0024,19,Pass,,
SI-2025-0024,20,Pass,,
SI-2025-0024,21,Pass,,
SI-2025-0024,22,Pass,,
SI-2025-0024,23,NA,,
SI-2025-0024,24,Pass,,
SI-2025-0025,1,Pass,,
SI-2025-0025,2,Pass,,
SI-2025-0025,3,NA,,
SI-2025-0025,4,Pass,,
SI-2025-0025,5,Pass,,
SI-2025-0025,6,Fail,Low,Distribution board at loading bay 6 left open and unlabelled
SI-2025-0025,7,Pass,,
SI-2025-0025,8,NA,,
SI-2025-0025,9,Fail,Low,Pallets staged on pedestrian route near loading bay 6
SI-2025-0025,10,Fail,Low,Waste bins overflowing at the yard gate
SI-2025-0025,11,Fail,Low,Work bench at the yard gate cluttered with offcuts
SI-2025-0025,12,Pass,,
SI-2025-0025,13,Pass,,
SI-2025-0025,14,Pass,,
SI-2025-0025,15,Fail,Low,Operative without hi-vis near the mezzanine
SI-2025-0025,16,Pass,,
SI-2025-0025,17,Pass,,
SI-2025-0025,18,Fail,High,Overloaded top beam at the welfare cabin
SI-2025-0025,19,Fail,Medium,Untagged stepladder in use at loading bay 6
SI-2025-0025,20,Pass,,
SI-2025-0025,21,Pass,,
SI-2025-0025,22,Pass,,
SI-2025-0025,23,Pass,,
SI-2025-0025,24,Pass,,
SI-2025-0026,1,Pass,,
SI-2025-0026,2,Pass,,
SI-2025-0026,3,Pass,,
SI-2025-0026,4,Pass,,
SI-2025-0026,5,Pass,,
SI-2025-0026,6,Pass,,
SI-2025-0026,7,Pass,,
SI-2025-0026,8,Pass,,
SI-2025-0026,9,Pass,,
SI-2025-0026,10,Pass,,
SI-2025-0026,11,Pass,,
SI-2025-0026,12,Pass,,
SI-2025-0026,13,Pass,,
SI-2025-0026,14,Fail,Low,First-aid kit at the north stairwell missing dressings
SI-2025-0026,15,Pass,,
SI-2025-0026,16,Fail,High,Welfare room at aisle 4 without hot water
SI-2025-0026,17,Pass,,
SI-2025-0026,18,Pass,,
SI-2025-0026,19,Pass,,
SI-2025-0026,20,Pass,,
SI-2025-0026,21,Pass,,
SI-2025-0026,22,Pass,,
SI-2025-0026,23,Pass,,
SI-2025-0026,24,Pass,,
SI-2025-0027,1,Pass,,
SI-2025-0027,2,Pass,,
SI-2025-0027,3,Pass,,
SI-2025-0027,4,Fail,Medium,Emergency light at the dock office not illuminating on test
SI-2025-0027,5,Pass,,
SI-2025-0027,6,Pass,,
SI-2025-0027,7,Fail,Low,Damaged extension lead in use at the dock office
SI-2025-0027,8,Pass,,
SI-2025-0027,9,Pass,,
SI-2025-0027,10,Pass,,
SI-2025-0027,11,Pass,,
SI-2025-0027,12,Pass,,
SI-2025-0027,13,Pass,,
SI-2025-0027,14,Pass,,
SI-2025-0027,15,Pass,,
SI-2025-0027,16,Pass,,
SI-2025-0027,17,Pass,,
SI-2025-0027,18,Pass,,
SI-2025-0027,19,Pass,,
SI-2025-0027,20,Pass,,
SI-2025-0027,21,Pass,,
SI-2025-0027,22,Pass,,
SI-2025-0027,23,Fail,Low,Statutory notice board at the main workshop out of date
SI-2025-0027,24,Fail,Low,No vehicle warning signage at aisle 4 crossing
SI-2025-0028,1,Pass,,
SI-2025-0028,2,Pass,,
SI-2025-0028,3,Fail,Low,Call point at loading bay 6 blocked by stored materials
SI-2025-0028,4,Pass,,
SI-2025-0028,5,Pass,,
SI-2025-0028,6,Pass,,
SI-2025-0028,7,Pass,,
SI-2025-0028,8,NA,,
SI-2025-0028,9,Pass,,
SI-2025-0028,10,Pass,,
SI-2025-0028,11,Pass,,
SI-2025-0028,12,Pass,,
SI-2025-0028,13,Pass,,
SI-2025-0028,14,Fail,Medium,First-aid kit at store B missing dressings
SI-2025-0028,15,Pass,,
SI-2025-0028,16,Fail,Medium,Welfare room at store B without hot water
SI-2025-0028,17,Pass,,
SI-2025-0028,18,Pass,,
SI-2025-0028,19,Pass,,
SI-2025-0028,20,Pass,,
SI-2025-0028,21,Pass,,
SI-2025-0028,22,Pass,,
SI-2025-0028,23,Pass,,
SI-2025-0028,24,Fail,Low,No vehicle warning signage at aisle 4 crossing
SI-2025-0029,1,Pass,,
SI-2025-0029,2,Pass,,
SI-2025-0029,3,Pass,,
SI-2025-0029,4,Pass,,
SI-2025-0029,5,Pass,,
SI-2025-0029,6,Pass,,
SI-2025-0029,7,Pass,,
SI-2025-0029,8,Pass,,
SI-2025-0029,9,Pass,,
SI-2025-0029,10,Pass,,
SI-2025-0029,11,Pass,,
SI-2025-0029,12,Pass,,
SI-2025-0029,13,Pass,,
SI-2025-0029,14,Pass,,
SI-2025-0029,15,Pass,,
SI-2025-0029,16,NA,,
SI-2025-0029,17,Pass,,
SI-2025-0029,18,Pass,,
SI-2025-0029,19,Pass,,
SI-2025-0029,20,Pass,,
SI-2025-0029,21,Pass,,
SI-2025-0029,22,Pass,,
SI-2025-0029,23,Pass,,
SI-2025-0029,24,Pass,,
SI-2025-0030,1,Pass,,
SI-2025-0030,2,Pass,,
SI-2025-0030,3,Pass,,
SI-2025-0030,4,Pass,,
SI-2025-0030,5,Pass,,
SI-2025-0030,6,Pass,,
SI-2025-0030,7,Pass,,
SI-2025-0030,8,Pass,,
SI-2025-0030,9,Pass,,
SI-2025-0030,10,Pass,,
SI-2025-0030,11,Pass,,
SI-2025-0030,12,Pass,,
SI-2025-0030,13,Pass,,
SI-2025-0030,14,Pass,,
SI-2025-0030,15,Pass,,
SI-2025-0030,16,Pass,,
SI-2025-0030,17,Pass,,
SI-2025-0030,18,Pass,,
SI-2025-0030,19,Pass,,
SI-2025-0030,20,Pass,,
SI-2025-0030,21,Fail,Low,Escape route sign above the north stairwell obscured by stock
SI-2025-0030,22,Pass,,
SI-2025-0030,23,Pass,,
SI-2025-0030,24,Fail,Low,No vehicle warning signage at the north stairwell crossing
SI-2025-0031,1,Pass,,
SI-2025-0031,2,Pass,,
SI-2025-0031,3,Fail,Low,Call point at the dock office blocked by stored materials
SI-2025-0031,4,Pass,,
SI-2025-0031,5,NA,,
SI-2025-0031,6,Pass,,
SI-2025-0031,7,Pass,,
SI-2025-0031,8,Pass,,
SI-2025-0031,9,Pass,,
SI-2025-0031,10,Pass,,
SI-2025-0031,11,Pass,,
SI-2025-0031,12,Pass,,
SI-2025-0031,13,Pass,,
SI-2025-0031,14,Pass,,
SI-2025-0031,15,Pass,,
SI-2025-0031,16,Pass,,
SI-2025-0031,17,Pass,,
SI-2025-0031,18,Pass,,
SI-2025-0031,19,Pass,,
SI-2025-0031,20,NA,,
SI-2025-0031,21,Pass,,
SI-2025-0031,22,Fail,Low,Walkway markings at the north stairwell worn and faded
SI-2025-0031,23,Pass,,
SI-2025-0031,24,Fail,Medium,No vehicle warning signage at aisle 4 crossing
SI-2025-0032,1,Pass,,
SI-2025-0032,2,Pass,,
SI-2025-0032,3,Pass,,
SI-2025-0032,4,Fail,Low,Emergency light at bay 2 not illuminating on test
SI-2025-0032,5,Pass,,
SI-2025-0032,6,Pass,,
SI-2025-0032,7,Pass,,
SI-2025-0032,8,Pass,,
SI-2025-0032,9,Pass,,
SI-2025-0032,10,Pass,,
SI-2025-0032,11,Pass,,
SI-2025-0032,12,Pass,,
SI-2025-0032,13,Pass,,
SI-2025-0032,14,Pass,,
SI-2025-0032,15,Pass,,
SI-2025-0032,16,Pass,,
SI-2025-0032,17,Pass,,
SI-2025-0032,18,Pass,,
SI-2025-0032,19,Pass,,
SI-2025-0032,20,Pass,,
SI-2025-0032,21,Pass,,
SI-2025-0032,22,Pass,,
SI-2025-0032,23,Pass,,
SI-2025-0032,24,Pass,,
SI-2025-0033,1,NA,,
SI-2025-0033,2,Pass,,
SI-2025-0033,3,Pass,,
SI-2025-0033,4,Pass,,
SI-2025-0033,5,Fail,Medium,PAT label at the yard gate expired
SI-2025-0033,6,Pass,,
SI-2025-0033,7,Pass,,
SI-2025-0033,8,NA,,
SI-2025-0033,9,Pass,,
SI-2025-0033,10,Fail,High,Waste bins overflowing at the east exit
SI-2025-0033,11,Pass,,
SI-2025-0033,12,Pass,,
SI-2025-0033,13,Pass,,
SI-2025-0033,14,Fail,Medium,First-aid kit at aisle 4 missing dressings
SI-2025-0033,15,Pass,,
SI-2025-0033,16,Pass,,
SI-2025-0033,17,Pass,,
SI-2025-0033,18,Pass,,
SI-2025-0033,19,Fail,Medium,Untagged stepladder in use at loading bay 6
SI-2025-0033,20,Fail,Low,COSHH register at the north stairwell not updated this quarter
SI-2025-0033,21,Pass,,
SI-2025-0033,22,Fail,Low,Walkway markings at the north stairwell worn and faded
SI-2025-0033,23,NA,,
SI-2025-0033,24,Pass,,
SI-2025-0034,1,Pass,,
SI-2025-0034,2,Pass,,
SI-2025-0034,3,Pass,,
SI-2025-0034,4,Pass,,
SI-2025-0034,5,Pass,,
SI-2025-0034,6,Pass,,
SI-2025-0034,7,Fail,Low,Damaged extension lead in use at the dock office
SI-2025-0034,8,Pass,,
SI-2025-0034,9,Pass,,
SI-2025-0034,10,Pass,,
SI-2025-0034,11,Fail,Low,Work bench at the main workshop cluttered with offcuts
SI-2025-0034,12,Fail,Low,Spill kit at the main workshop missing absorbent pads
SI-2025-0034,13,Fail,Low,Eye-wash bottle at the welfare cabin past expiry
SI-2025-0034,14,Pass,,
SI-2025-0034,15,Pass,,
SI-2025-0034,16,Pass,,
SI-2025-0034,17,Pass,,
SI-2025-0034,18,Pass,,
SI-2025-0034,19,Pass,,
SI-2025-0034,20,Pass,,
SI-2025-0034,21,Fail,Low,Escape route sign above the yard gate obscured by stock
SI-2025-0034,22,Pass,,
SI-2025-0034,23,Pass,,
SI-2025-0034,24,NA,,
SI-2025-0035,1,Fail,Medium,Fire door at the yard gate catches on frame and does not latch
SI-2025-0035,2,Pass,,
SI-2025-0035,3,Pass,,
SI-2025-0035,4,Pass,,
SI-2025-0035,5,Pass,,
SI-2025-0035,6,NA,,
SI-2025-0035,7,Pass,,
SI-2025-0035,8,Pass,,
SI-2025-0035,9,Pass,,
SI-2025-0035,10,Pass,,
SI-2025-0035,11,Pass,,
SI-2025-0035,12,Pass,,
SI-2025-0035,13,Pass,,
SI-2025-0035,14,Pass,,
SI-2025-0035,15,Pass,,
SI-2025-0035,16,Pass,,
SI-2025-0035,17,Pass,,
SI-2025-0035,18,Pass,,
SI-2025-0035,19,Fail,Low,Untagged stepladder in use at the north stairwell
SI-2025-0035,20,Pass,,
SI-2025-0035,21,Pass,,
SI-2025-0035,22,Fail,Low,Walkway markings at bay 2 worn and faded
SI-2025-0035,23,Pass,,
SI-2025-0035,24,NA,,
SI-2025-0036,1,Pass,,
SI-2025-0036,2,Fail,Medium,Extinguisher at the north stairwell past its service date
SI-2025-0036,3,Pass,,
SI-2025-0036,4,Pass,,
SI-2025-0036,5,Pass,,
SI-2025-0036,6,Pass,,
SI-2025-0036,7,Pass,,
SI-2025-0036,8,Pass,,
SI-2025-0036,9,Fail,Low,Pallets staged on pedestrian route near the main workshop
SI-2025-0036,10,Fail,Low,Waste bins overflowing at bay 2
SI-2025-0036,11,Pass,,
SI-2025-0036,12,Pass,,
SI-2025-0036,13,Pass,,
SI-2025-0036,14,Fail,Low,First-aid kit at the dock office missing dressings
SI-2025-0036,15,Pass,,
SI-2025-0036,16,Pass,,
SI-2025-0036,17,Pass,,
SI-2025-0036,18,Pass,,
SI-2025-0036,19,Fail,Low,Untagged stepladder in use at the main workshop
SI-2025-0036,20,Pass,,
SI-2025-0036,21,Pass,,
SI-2025-0036,22,Pass,,
SI-2025-0036,23,Pass,,
SI-2025-0036,24,Pass,,
SI-2025-0037,1,Pass,,
SI-2025-0037,2,Pass,,
SI-2025-0037,3,Pass,,
SI-2025-0037,4,Pass,,
SI-2025-0037,5,Pass,,
SI-2025-0037,6,Pass,,
SI-2025-0037,7,Pass,,
SI-2025-0037,8,Pass,,
SI-2025-0037,9,Pass,,
SI-2025-0037,10,Pass,,
SI-2025-0037,11,Pass,,
SI-2025-0037,12,Fail,Low,Spill kit at the main workshop missing absorbent pads
SI-2025-0037,13,Pass,,
SI-2025-0037,14,Pass,,
SI-2025-0037,15,Pass,,
SI-2025-0037,16,Pass,,
SI-2025-0037,17,Pass,,
SI-2025-0037,18,Pass,,
SI-2025-0037,19,Pass,,
SI-2025-0037,20,Pass,,
SI-2025-0037,21,Pass,,
SI-2025-0037,22,Pass,,
SI-2025-0037,23,Fail,High,Statutory notice board at the main workshop out of date
SI-2025-0037,24,Pass,,
SI-2025-0038,1,Pass,,
SI-2025-0038,2,Pass,,
SI-2025-0038,3,Pass,,
SI-2025-0038,4,Fail,Medium,Emergency light at the main workshop not illuminating on test
SI-2025-0038,5,Fail,Low,PAT label at the east exit expired
SI-2025-0038,6,Pass,,
SI-2025-0038,7,Pass,,
SI-2025-0038,8,Pass,,
SI-2025-0038,9,Pass,,
SI-2025-0038,10,Pass,,
SI-2025-0038,11,Pass,,
SI-2025-0038,12,Pass,,
SI-2025-0038,13,Fail,Medium,Eye-wash bottle at level 2 past expiry
SI-2025-0038,14,Pass,,
SI-2025-0038,15,Pass,,
SI-2025-0038,16,Pass,,
SI-2025-0038,17,Pass,,
SI-2025-0038,18,Pass,,
SI-2025-0038,19,Pass,,
SI-2025-0038,20,Pass,,
SI-2025-0038,21,Fail,Low,Escape route sign above loading bay 6 obscured by stock
SI-2025-0038,22,Pass,,
SI-2025-0038,23,Pass,,
SI-2025-0038,24,Pass,,
SI-2025-0039,1,Pass,,
SI-2025-0039,2,Pass,,
SI-2025-0039,3,Fail,Low,Call point at bay 2 blocked by stored materials
SI-2025-0039,4,Pass,,
SI-2025-0039,5,Pass,,
SI-2025-0039,6,Pass,,
SI-2025-0039,7,Pass,,
SI-2025-0039,8,NA,,
SI-2025-0039,9,Pass,,
SI-2025-0039,10,Fail,Medium,Waste bins overflowing at the yard gate
SI-2025-0039,11,Pass,,
SI-2025-0039,12,Fail,Medium,Spill kit at the east exit missing absorbent pads
SI-2025-0039,13,Pass,,
SI-2025-0039,14,Fail,Medium,First-aid kit at aisle 4 missing dressings
SI-2025-0039,15,Pass,,
SI-2025-0039,16,Pass,,
SI-2025-0039,17,NA,,
SI-2025-0039,18,Pass,,
SI-2025-0039,19,Pass,,
SI-2025-0039,20,Pass,,
SI-2025-0039,21,Pass,,
SI-2025-0039,22,Pass,,
SI-2025-0039,23,Pass,,
SI-2025-0039,24,Fail,Low,No vehicle warning signage at the yard gate crossing
SI-2025-0040,1,Pass,,
SI-2025-0040,2,Fail,Low,Extinguisher at the main workshop past its service date
SI-2025-0040,3,Pass,,
SI-2025-0040,4,Pass,,
SI-2025-0040,5,Fail,Low,PAT label at the main workshop expired
SI-2025-0040,6,NA,,
SI-2025-0040,7,Pass,,
SI-2025-0040,8,Pass,,
SI-2025-0040,9,Pass,,
SI-2025-0040,10,Pass,,
SI-2025-0040,11,Pass,,
SI-2025-0040,12,Pass,,
SI-2025-0040,13,Pass,,
SI-2025-0040,14,Pass,,
SI-2025-0040,15,Pass,,
SI-2025-0040,16,Pass,,
SI-2025-0040,17,Pass,,
SI-2025-0040,18,Pass,,
SI-2025-0040,19,Pass,,
SI-2025-0040,20,Pass,,
SI-2025-0040,21,Pass,,
SI-2025-0040,22,Pass,,
SI-2025-0040,23,Pass,,
SI-2025-0040,24,Pass,,
SI-2025-0041,1,Pass,,
SI-2025-0041,2,Fail,Medium,Extinguisher at the mezzanine past its service date
SI-2025-0041,3,Pass,,
SI-2025-0041,4,Fail,Low,Emergency light at the main workshop not illuminating on test
SI-2025-0041,5,Pass,,
SI-2025-0041,6,Pass,,
SI-2025-0041,7,Fail,Low,Damaged extension lead in use at aisle 4
SI-2025-0041,8,Pass,,
SI-2025-0041,9,Pass,,
SI-2025-0041,10,Pass,,
SI-2025-0041,11,Pass,,
SI-2025-0041,12,Pass,,
SI-2025-0041,13,Pass,,
SI-2025-0041,14,Pass,,
SI-2025-0041,15,Fail,High,Operative without hi-vis near bay 2
SI-2025-0041,16,Pass,,
SI-2025-0041,17,Pass,,
SI-2025-0041,18,Pass,,
SI-2025-0041,19,Pass,,
SI-2025-0041,20,Pass,,
SI-2025-0041,21,Pass,,
SI-2025-0041,22,Pass,,
SI-2025-0041,23,Pass,,
SI-2025-0041,24,Pass,,
SI-2025-0042,1,Pass,,
SI-2025-0042,2,Pass,,
SI-2025-0042,3,Pass,,
SI-2025-0042,4,Pass,,
SI-2025-0042,5,Pass,,
SI-2025-0042,6,Pass,,
SI-2025-0042,7,Pass,,
SI-2025-0042,8,Pass,,
SI-2025-0042,9,Pass,,
SI-2025-0042,10,Pass,,
SI-2025-0042,11,Fail,Low,Work bench at aisle 4 cluttered with offcuts
SI-2025-0042,12,Pass,,
SI-2025-0042,13,Pass,,
SI-2025-0042,14,Pass,,
SI-2025-0042,15,Pass,,
SI-2025-0042,16,Pass,,
SI-2025-0042,17,Pass,,
SI-2025-0042,18,Pass,,
SI-2025-0042,19,Pass,,
SI-2025-0042,20,Pass,,
SI-2025-0042,21,Pass,,
SI-2025-0042,22,Pass,,
SI-2025-0042,23,Pass,,
SI-2025-0042,24,Pass,,
SI-2025-0043,1,Pass,,
SI-2025-0043,2,Pass,,
SI-2025-0043,3,Pass,,
SI-2025-0043,4,Fail,Low,Emergency light at loading bay 6 not illuminating on test
SI-2025-0043,5,NA,,
SI-2025-0043,6,Pass,,
SI-2025-0043,7,Pass,,
SI-2025-0043,8,Pass,,
SI-2025-0043,9,Pass,,
SI-2025-0043,10,Pass,,
SI-2025-0043,11,Fail,High,Work bench at aisle 4 cluttered with offcuts
SI-2025-0043,12,Pass,,
SI-2025-0043,13,NA,,
SI-2025-0043,14,Pass,,
SI-2025-0043,15,Pass,,
SI-2025-0043,16,Pass,,
SI-2025-0043,17,Pass,,
SI-2025-0043,18,Pass,,
SI-2025-0043,19,NA,,
SI-2025-0043,20,Pass,,
SI-2025-0043,21,Pass,,
SI-2025-0043,22,Pass,,
SI-2025-0043,23,Pass,,
SI-2025-0043,24,Pass,,
SI-2025-0044,1,Fail,High,Fire door at bay 2 catches on frame and does not latch
SI-2025-0044,2,Pass,,
SI-2025-0044,3,Pass,,
SI-2025-0044,4,Fail,Low,Emergency light at the yard gate not illuminating on test
SI-2025-0044,5,Pass,,
SI-2025-0044,6,Pass,,
SI-2025-0044,7,Pass,,
SI-2025-0044,8,Pass,,
SI-2025-0044,9,Pass,,
SI-2025-0044,10,Fail,Medium,Waste bins overflowing at level 2
SI-2025-0044,11,Pass,,
SI-2025-0044,12,Pass,,
SI-2025-0044,13,Pass,,
SI-2025-0044,14,Pass,,
SI-2025-0044,15,Pass,,
SI-2025-0044,16,Pass,,
SI-2025-0044,17,Pass,,
SI-2025-0044,18,Pass,,
SI-2025-0044,19,Pass,,
SI-2025-0044,20,Pass,,
SI-2025-0044,21,Pass,,
SI-2025-0044,22,Pass,,
SI-2025-0044,23,NA,,
SI-2025-0044,24,Pass,,
SI-2025-0045,1,Pass,,
SI-2025-0045,2,Pass,,
SI-2025-0045,3,Pass,,
SI-2025-0045,4,Pass,,
SI-2025-0045,5,Pass,,
SI-2025-0045,6,Pass,,
SI-2025-0045,7,Pass,,
SI-2025-0045,8,Pass,,
SI-2025-0045,9,Pass,,
SI-2025-0045,10,Pass,,
SI-2025-0045,11,Pass,,
SI-2025-0045,12,Pass,,
SI-2025-0045,13,Pass,,
SI-2025-0045,14,Pass,,
SI-2025-0045,15,NA,,
SI-2025-0045,16,Pass,,
SI-2025-0045,17,Pass,,
SI-2025-0045,18,Pass,,
SI-2025-0045,19,Pass,,
SI-2025-0045,20,Pass,,
SI-2025-0045,21,Pass,,
SI-2025-0045,22,Pass,,
SI-2025-0045,23,Pass,,
SI-2025-0045,24,Pass,,
SI-2025-0046,1,Pass,,
SI-2025-0046,2,Pass,,
SI-2025-0046,3,Pass,,
SI-2025-0046,4,Pass,,
SI-2025-0046,5,NA,,
SI-2025-0046,6,Pass,,
SI-2025-0046,7,Pass,,
SI-2025-0046,8,Pass,,
SI-2025-0046,9,Fail,Low,Pallets staged on pedestrian route near the north stairwell
SI-2025-0046,10,Pass,,
SI-2025-0046,11,Pass,,
SI-2025-0046,12,Pass,,
SI-2025-0046,13,Fail,Medium,Eye-wash bottle at the main workshop past expiry
SI-2025-0046,14,Pass,,
SI-2025-0046,15,Pass,,
SI-2025-0046,16,Pass,,
SI-2025-0046,17,NA,,
SI-2025-0046,18,Pass,,
SI-2025-0046,19,Pass,,
SI-2025-0046,20,Pass,,
SI-2025-0046,21,Fail,High,Escape route sign above the welfare cabin obscured by stock
SI-2025-0046,22,Pass,,
SI-2025-0046,23,Pass,,
SI-2025-0046,24,Pass,,
SI-2025-0047,1,Pass,,
SI-2025-0047,2,Pass,,
SI-2025-0047,3,Pass,,
SI-2025-0047,4,Pass,,
SI-2025-0047,5,Pass,,
SI-2025-0047,6,Pass,,
SI-2025-0047,7,Pass,,
SI-2025-0047,8,Pass,,
SI-2025-0047,9,Pass,,
SI-2025-0047,10,Pass,,
SI-2025-0047,11,Pass,,
SI-2025-0047,12,Pass,,
SI-2025-0047,13,Pass,,
SI-2025-0047,14,Pass,,
SI-2025-0047,15,Fail,Low,Operative without hi-vis near loading bay 6
SI-2025-0047,16,Pass,,
SI-2025-0047,17,Pass,,
SI-2025-0047,18,Pass,,
SI-2025-0047,19,Pass,,
SI-2025-0047,20,Pass,,
SI-2025-0047,21,Pass,,
SI-2025-0047,22,Fail,Low,Walkway markings at the dock office worn and faded
SI-2025-0047,23,Pass,,
SI-2025-0047,24,Pass,,
SI-2025-0048,1,Pass,,
SI-2025-0048,2,Fail,Medium,Extinguisher at the north stairwell past its service date
SI-2025-0048,3,Pass,,
SI-2025-0048,4,Pass,,
SI-2025-0048,5,Pass,,
SI-2025-0048,6,Pass,,
SI-2025-0048,7,Pass,,
SI-2025-0048,8,Pass,,
SI-2025-0048,9,Fail,Low,Pallets staged on pedestrian route near the dock office
SI-2025-0048,10,Pass,,
SI-2025-0048,11,Pass,,
SI-2025-0048,12,Pass,,
SI-2025-0048,13,Pass,,
SI-2025-0048,14,Pass,,
SI-2025-0048,15,Fail,Low,Operative without hi-vis near level 2
SI-2025-0048,16,Fail,Medium,Welfare room at level 2 without hot water
SI-2025-0048,17,Fail,Medium,Racking tag at the east exit out of date
SI-2025-0048,18,Pass,,
SI-2025-0048,19,Fail,Low,Untagged stepladder in use at the dock office
SI-2025-0048,20,Pass,,
SI-2025-0048,21,Pass,,
SI-2025-0048,22,Fail,Medium,Walkway markings at the welfare cabin worn and faded
SI-2025-0048,23,Pass,,
SI-2025-0048,24,Pass,,
SI-2025-0049,1,Pass,,
SI-2025-0049,2,Pass,,
SI-2025-0049,3,Pass,,
SI-2025-0049,4,Pass,,
SI-2025-0049,5,Pass,,
SI-2025-0049,6,Pass,,
SI-2025-0049,7,Pass,,
SI-2025-0049,8,Pass,,
SI-2025-0049,9,NA,,
SI-2025-0049,10,Pass,,
SI-2025-0049,11,Pass,,
SI-2025-0049,12,Pass,,
SI-2025-0049,13,Pass,,
SI-2025-0049,14,Pass,,
SI-2025-0049,15,Pass,,
SI-2025-0049,16,Fail,Low,Welfare room at loading bay 6 without hot water
SI-2025-0049,17,Fail,High,Racking tag at level 2 out of date
SI-2025-0049,18,Pass,,
SI-2025-0049,19,Pass,,
SI-2025-0049,20,Pass,,
SI-2025-0049,21,Fail,Low,Escape route sign above loading bay 6 obscured by stock
SI-2025-0049,22,Pass,,
SI-2025-0049,23,Pass,,
SI-2025-0049,24,Fail,High,No vehicle warning signage at bay 2 crossing
SI-2025-0050,1,Pass,,
SI-2025-0050,2,Fail,Low,Extinguisher at the yard gate past its service date
SI-2025-0050,3,Pass,,
SI-2025-0050,4,Pass,,
SI-2025-0050,5,NA,,
SI-2025-0050,6,Pass,,
SI-2025-0050,7,Pass,,
SI-2025-0050,8,Fail,Low,Isolation switch at aisle 4 obstructed
SI-2025-0050,9,Pass,,
SI-2025-0050,10,Pass,,
SI-2025-0050,11,Pass,,
SI-2025-0050,12,Pass,,
SI-2025-0050,13,Pass,,
SI-2025-0050,14,Pass,,
SI-2025-0050,15,Pass,,
SI-2025-0050,16,Pass,,
SI-2025-0050,17,Pass,,
SI-2025-0050,18,Pass,,
SI-2025-0050,19,Pass,,
SI-2025-0050,20,Pass,,
SI-2025-0050,21,Pass,,
SI-2025-0050,22,Pass,,
SI-2025-0050,23,Pass,,
SI-2025-0050,24,Pass,,
SI-2025-0051,1,Pass,,
SI-2025-0051,2,Pass,,
SI-2025-0051,3,Pass,,
SI-2025-0051,4,Fail,Medium,Emergency light at the welfare cabin not illuminating on test
SI-2025-0051,5,NA,,
SI-2025-0051,6,Pass,,
SI-2025-0051,7,Pass,,
SI-2025-0051,8,Pass,,
SI-2025-0051,9,Pass,,
SI-2025-0051,10,Pass,,
SI-2025-0051,11,Pass,,
SI-2025-0051,12,Pass,,
SI-2025-0051,13,Pass,,
SI-2025-0051,14,Pass,,
SI-2025-0051,15,Fail,Low,Operative without hi-vis near loading bay 6
SI-2025-0051,16,Pass,,
SI-2025-0051,17,NA,,
SI-2025-0051,18,Pass,,
SI-2025-0051,19,Pass,,
SI-2025-0051,20,Pass,,
SI-2025-0051,21,Pass,,
SI-2025-0051,22,Pass,,
SI-2025-0051,23,NA,,
SI-2025-0051,24,Pass,,
SI-2025-0052,1,Pass,,
SI-2025-0052,2,Pass,,
SI-2025-0052,3,Pass,,
SI-2025-0052,4,Pass,,
SI-2025-0052,5,Pass,,
SI-2025-0052,6,Pass,,
SI-2025-0052,7,Pass,,
SI-2025-0052,8,Pass,,
SI-2025-0052,9,Pass,,
SI-2025-0052,10,Pass,,
SI-2025-0052,11,Pass,,
SI-2025-0052,12,Pass,,
SI-2025-0052,13,Pass,,
SI-2025-0052,14,Pass,,
SI-2025-0052,15,Pass,,
SI-2025-0052,16,Pass,,
SI-2025-0052,17,Pass,,
SI-2025-0052,18,Fail,Low,Overloaded top beam at aisle 4
SI-2025-0052,19,Pass,,
SI-2025-0052,20,Pass,,
SI-2025-0052,21,Pass,,
SI-2025-0052,22,Pass,,
SI-2025-0052,23,Pass,,
SI-2025-0052,24,Fail,Low,No vehicle warning signage at the east exit crossing
SI-2025-0053,1,Fail,Low,Fire door at store B catches on frame and does not latch
SI-2025-0053,2,Fail,Medium,Extinguisher at the welfare cabin past its service date
SI-2025-0053,3,Pass,,
SI-2025-0053,4,Pass,,
SI-2025-0053,5,Pass,,
SI-2025-0053,6,Pass,,
SI-2025-0053,7,Pass,,
SI-2025-0053,8,Pass,,
SI-2025-0053,9,Pass,,
SI-2025-0053,10,Pass,,
SI-2025-0053,11,Pass,,
SI-2025-0053,12,Pass,,
SI-2025-0053,13,Pass,,
SI-2025-0053,14,Pass,,
SI-2025-0053,15,Pass,,
SI-2025-0053,16,Pass,,
SI-2025-0053,17,Pass,,
SI-2025-0053,18,Pass,,
SI-2025-0053,19,Pass,,
SI-2025-0053,20,Pass,,
SI-2025-0053,21,Pass,,
SI-2025-0053,22,Pass,,
SI-2025-0053,23,Pass,,
SI-2025-0053,24,Pass,,
SI-2025-0054,1,Fail,Medium,Fire door at bay 2 catches on frame and does not latch
SI-2025-0054,2,Pass,,
SI-2025-0054,3,Pass,,
SI-2025-0054,4,Pass,,
SI-2025-0054,5,Pass,,
SI-2025-0054,6,Fail,Low,Distribution board at level 2 left open and unlabelled
SI-2025-0054,7,Pass,,
SI-2025-0054,8,Pass,,
SI-2025-0054,9,Pass,,
SI-2025-0054,10,Pass,,
SI-2025-0054,11,Pass,,
SI-2025-0054,12,Pass,,
SI-2025-0054,13,Pass,,
SI-2025-0054,14,Pass,,
SI-2025-0054,15,Pass,,
SI-2025-0054,16,Pass,,
SI-2025-0054,17,Pass,,
SI-2025-0054,18,Pass,,
SI-2025-0054,19,Pass,,
SI-2025-0054,20,Pass,,
SI-2025-0054,21,Pass,,
SI-2025-0054,22,Pass,,
SI-2025-0054,23,Fail,Medium,Statutory notice board at bay 2 out of date
SI-2025-0054,24,Pass,,
SI-2025-0055,1,Pass,,
SI-2025-0055,2,Pass,,
SI-2025-0055,3,Pass,,
SI-2025-0055,4,Pass,,
SI-2025-0055,5,Pass,,
SI-2025-0055,6,Pass,,
SI-2025-0055,7,Pass,,
SI-2025-0055,8,Pass,,
SI-2025-0055,9,Pass,,
SI-2025-0055,10,NA,,
SI-2025-0055,11,Pass,,
SI-2025-0055,12,Pass,,
SI-2025-0055,13,Pass,,
SI-2025-0055,14,Pass,,
SI-2025-0055,15,Pass,,
SI-2025-0055,16,Pass,,
SI-2025-0055,17,Pass,,
SI-2025-0055,18,Pass,,
SI-2025-0055,19,Pass,,
SI-2025-0055,20,Fail,Low,COSHH register at bay 2 not updated this quarter
SI-2025-0055,21,Pass,,
SI-2025-0055,22,Pass,,
SI-2025-0055,23,Pass,,
SI-2025-0055,24,Pass,,
SI-2025-0056,1,Fail,Low,Fire door at bay 2 catches on frame and does not latch
SI-2025-0056,2,Pass,,
SI-2025-0056,3,Fail,Low,Call point at bay 2 blocked by stored materials
SI-2025-0056,4,Pass,,
SI-2025-0056,5,Pass,,
SI-2025-0056,6,Pass,,
SI-2025-0056,7,Pass,,
SI-2025-0056,8,Fail,Low,Isolation switch at store B obstructed
SI-2025-0056,9,Pass,,
SI-2025-0056,10,Pass,,
SI-2025-0056,11,NA,,
SI-2025-0056,12,Pass,,
SI-2025-0056,13,Pass,,
SI-2025-0056,14,Fail,High,First-aid kit at the dock office missing dressings
SI-2025-0056,15,Pass,,
SI-2025-0056,16,Pass,,
SI-2025-0056,17,Fail,Low,Racking tag at the mezzanine out of date
SI-2025-0056,18,Pass,,
SI-2025-0056,19,Pass,,
SI-2025-0056,20,Pass,,
SI-2025-0056,21,Pass,,
SI-2025-0056,22,Fail,Medium,Walkway markings at the mezzanine worn and faded
SI-2025-0056,23,Fail,Low,Statutory notice board at the yard gate out of date
SI-2025-0056,24,Fail,High,No vehicle warning signage at the mezzanine crossing
SI-2025-0057,1,Pass,,
SI-2025-0057,2,Pass,,
SI-2025-0057,3,Pass,,
SI-2025-0057,4,Pass,,
SI-2025-0057,5,Pass,,
SI-2025-0057,6,Pass,,
SI-2025-0057,7,Pass,,
SI-2025-0057,8,Pass,,
SI-2025-0057,9,Fail,Low,Pallets staged on pedestrian route near the dock office
SI-2025-0057,10,Fail,Medium,Waste bins overflowing at the dock office
SI-2025-0057,11,Pass,,
SI-2025-0057,12,Pass,,
SI-2025-0057,13,Pass,,
SI-2025-0057,14,Fail,Low,First-aid kit at level 2 missing dressings
SI-2025-0057,15,Pass,,
SI-2025-0057,16,Pass,,
SI-2025-0057,17,Pass,,
SI-2025-0057,18,Pass,,
SI-2025-0057,19,Pass,,
SI-2025-0057,20,Pass,,
SI-2025-0057,21,Pass,,
SI-2025-0057,22,Fail,Medium,Walkway markings at the east exit worn and faded
SI-2025-0057,23,Pass,,
SI-2025-0057,24,Pass,,
SI-2025-0058,1,Pass,,
SI-2025-0058,2,Pass,,
SI-2025-0058,3,Fail,Medium,Call point at the main workshop blocked by stored materials
SI-2025-0058,4,Fail,Low,Emergency light at the north stairwell not illuminating on test
SI-2025-0058,5,Pass,,
SI-2025-0058,6,Pass,,
SI-2025-0058,7,NA,,
SI-2025-0058,8,Pass,,
SI-2025-0058,9,Pass,,
SI-2025-0058,10,Pass,,
SI-2025-0058,11,Pass,,
SI-2025-0058,12,Pass,,
SI-2025-0058,13,Pass,,
SI-2025-0058,14,Pass,,
SI-2025-0058,15,Pass,,
SI-2025-0058,16,Pass,,
SI-2025-0058,17,Pass,,
SI-2025-0058,18,Fail,High,Overloaded top beam at the mezzanine
SI-2025-0058,19,Pass,,
SI-2025-0058,20,Fail,Low,COSHH register at the north stairwell not updated this quarter
SI-2025-0058,21,Pass,,
SI-2025-0058,22,Pass,,
SI-2025-0058,23,Pass,,
SI-2025-0058,24,Pass,,
SI-2025-0059,1,NA,,
SI-2025-0059,2,NA,,
SI-2025-0059,3,Pass,,
SI-2025-0059,4,Pass,,
SI-2025-0059,5,Pass,,
SI-2025-0059,6,Pass,,
SI-2025-0059,7,Pass,,
SI-2025-0059,8,Pass,,
SI-2025-0059,9,Pass,,
SI-2025-0059,10,Pass,,
SI-2025-0059,11,Pass,,
SI-2025-0059,12,Pass,,
SI-2025-0059,13,Fail,Low,Eye-wash bottle at the north stairwell past expiry
SI-2025-0059,14,Pass,,
SI-2025-0059,15,Pass,,
SI-2025-0059,16,Fail,Low,Welfare room at the dock office without hot water
SI-2025-0059,17,Pass,,
SI-2025-0059,18,Pass,,
SI-2025-0059,19,Fail,Medium,Untagged stepladder in use at the yard gate
SI-2025-0059,20,Pass,,
SI-2025-0059,21,Pass,,
SI-2025-0059,22,Pass,,
SI-2025-0059,23,Pass,,
SI-2025-0059,24,Pass,,
SI-2025-0060,1,Fail,Medium,Fire door at level 2 catches on frame and does not latch
SI-2025-0060,2,Fail,Low,Extinguisher at the welfare cabin past its service date
SI-2025-0060,3,Pass,,
SI-2025-0060,4,Pass,,
SI-2025-0060,5,Pass,,
SI-2025-0060,6,Pass,,
SI-2025-0060,7,Pass,,
SI-2025-0060,8,Pass,,
SI-2025-0060,9,Fail,Low,Pallets staged on pedestrian route near aisle 4
SI-2025-0060,10,Pass,,
SI-2025-0060,11,Fail,Medium,Work bench at the north stairwell cluttered with offcuts
SI-2025-0060,12,Pass,,
SI-2025-0060,13,Fail,Medium,Eye-wash bottle at bay 2 past expiry
SI-2025-0060,14,Pass,,
SI-2025-0060,15,Pass,,
SI-2025-0060,16,Pass,,
SI-2025-0060,17,Pass,,
SI-2025-0060,18,Pass,,
SI-2025-0060,19,Pass,,
SI-2025-0060,20,Pass,,
SI-2025-0060,21,Pass,,
SI-2025-0060,22,Pass,,
SI-2025-0060,23,Pass,,
SI-2025-0060,24,Pass,,
SI-2025-0061,1,Pass,,
SI-2025-0061,2,Pass,,
SI-2025-0061,3,Pass,,
SI-2025-0061,4,Pass,,
SI-2025-0061,5,Pass,,
SI-2025-0061,6,Pass,,
SI-2025-0061,7,Pass,,
SI-2025-0061,8,Pass,,
SI-2025-0061,9,Fail,Low,Pallets staged on pedestrian route near loading bay 6
SI-2025-0061,10,Pass,,
SI-2025-0061,11,Pass,,
SI-2025-0061,12,Pass,,
SI-2025-0061,13,Pass,,
SI-2025-0061,14,Pass,,
SI-2025-0061,15,Pass,,
SI-2025-0061,16,Pass,,
SI-2025-0061,17,Pass,,
SI-2025-0061,18,Fail,Medium,Overloaded top beam at the east exit
SI-2025-0061,19,Pass,,
SI-2025-0061,20,Pass,,
SI-2025-0061,21,Pass,,
SI-2025-0061,22,Pass,,
SI-2025-0061,23,Pass,,
SI-2025-0061,24,Pass,,
SI-2025-0062,1,Pass,,
SI-2025-0062,2,Pass,,
SI-2025-0062,3,Pass,,
SI-2025-0062,4,Pass,,
SI-2025-0062,5,Pass,,
SI-2025-0062,6,Pass,,
SI-2025-0062,7,Pass,,
SI-2025-0062,8,NA,,
SI-2025-0062,9,Pass,,
SI-2025-0062,10,Pass,,
SI-2025-0062,11,Pass,,
SI-2025-0062,12,Pass,,
SI-2025-0062,13,Pass,,
SI-2025-0062,14,Pass,,
SI-2025-0062,15,Pass,,
SI-2025-0062,16,Pass,,
SI-2025-0062,17,Pass,,
SI-2025-0062,18,Pass,,
SI-2025-0062,19,Pass,,
SI-2025-0062,20,Pass,,
SI-2025-0062,21,Pass,,
SI-2025-0062,22,Fail,High,Walkway markings at the north stairwell worn and faded
SI-2025-0062,23,Pass,,
SI-2025-0062,24,Pass,,
SI-2025-0063,1,Fail,Medium,Fire door at the welfare cabin catches on frame and does not latch
SI-2025-0063,2,Pass,,
SI-2025-0063,3,Pass,,
SI-2025-0063,4,Pass,,
SI-2025-0063,5,Pass,,
SI-2025-0063,6,Pass,,
SI-2025-0063,7,Pass,,
SI-2025-0063,8,Pass,,
SI-2025-0063,9,Pass,,
SI-2025-0063,10,Fail,High,Waste bins overflowing at the dock office
SI-2025-0063,11,Pass,,
SI-2025-0063,12,Pass,,
SI-2025-0063,13,Pass,,
SI-2025-0063,14,Pass,,
SI-2025-0063,15,Pass,,
SI-2025-0063,16,Pass,,
SI-2025-0063,17,Pass,,
SI-2025-0063,18,Pass,,
SI-2025-0063,19,Pass,,
SI-2025-0063,20,Pass,,
SI-2025-0063,21,Fail,Low,Escape route sign above the dock office obscured by stock
SI-2025-0063,22,Pass,,
SI-2025-0063,23,Fail,High,Statutory notice board at level 2 out of date
SI-2025-0063,24,Fail,Low,No vehicle warning signage at the main workshop crossing
SI-2025-0064,1,Pass,,
SI-2025-0064,2,Pass,,
SI-2025-0064,3,Fail,Low,Call point at bay 2 blocked by stored materials
SI-2025-0064,4,Fail,Low,Emergency light at aisle 4 not illuminating on test
SI-2025-0064,5,Pass,,
SI-2025-0064,6,Pass,,
SI-2025-0064,7,Pass,,
SI-2025-0064,8,Pass,,
SI-2025-0064,9,Pass,,
SI-2025-0064,10,Pass,,
SI-2025-0064,11,Pass,,
SI-2025-0064,12,Pass,,
SI-2025-0064,13,Pass,,
SI-2025-0064,14,Pass,,
SI-2025-0064,15,Pass,,
SI-2025-0064,16,Pass,,
SI-2025-0064,17,Pass,,
SI-2025-0064,18,Pass,,
SI-2025-0064,19,Pass,,
SI-2025-0064,20,Pass,,
SI-2025-0064,21,Pass,,
SI-2025-0064,22,Pass,,
SI-2025-0064,23,NA,,
SI-2025-0064,24,Fail,Low,No vehicle warning signage at aisle 4 crossing
SI-2025-0065,1,Fail,Low,Fire door at level 2 catches on frame and does not latch
SI-2025-0065,2,Pass,,
SI-2025-0065,3,Pass,,
SI-2025-0065,4,Pass,,
SI-2025-0065,5,Pass,,
SI-2025-0065,6,Pass,,
SI-2025-0065,7,Pass,,
SI-2025-0065,8,Pass,,
SI-2025-0065,9,Fail,Low,Pallets staged on pedestrian route near the dock office
SI-2025-0065,10,Pass,,
SI-2025-0065,11,Pass,,
SI-2025-0065,12,Pass,,
SI-2025-0065,13,Pass,,
SI-2025-0065,14,Pass,,
SI-2025-0065,15,Pass,,
SI-2025-0065,16,Pass,,
SI-2025-0065,17,Pass,,
SI-2025-0065,18,Pass,,
SI-2025-0065,19,Pass,,
SI-2025-0065,20,Pass,,
SI-2025-0065,21,Fail,Low,Escape route sign above bay 2 obscured by stock
SI-2025-0065,22,Pass,,
SI-2025-0065,23,Pass,,
SI-2025-0065,24,Pass,,
SI-2025-0066,1,Pass,,
SI-2025-0066,2,Pass,,
SI-2025-0066,3,Pass,,
SI-2025-0066,4,Pass,,
SI-2025-0066,5,NA,,
SI-2025-0066,6,Pass,,
SI-2025-0066,7,Pass,,
SI-2025-0066,8,Fail,Medium,Isolation switch at the main workshop obstructed
SI-2025-0066,9,Pass,,
SI-2025-0066,10,Fail,Low,Waste bins overflowing at store B
SI-2025-0066,11,Pass,,
SI-2025-0066,12,Fail,Low,Spill kit at aisle 4 missing absorbent pads
SI-2025-0066,13,Fail,Medium,Eye-wash bottle at level 2 past expiry
SI-2025-0066,14,Pass,,
SI-2025-0066,15,Pass,,
SI-2025-0066,16,Pass,,
SI-2025-0066,17,Fail,Low,Racking tag at bay 2 out of date
SI-2025-0066,18,Pass,,
SI-2025-0066,19,Pass,,
SI-2025-0066,20,Pass,,
SI-2025-0066,21,Fail,Medium,Escape route sign above the main workshop obscured by stock
SI-2025-0066,22,Pass,,
SI-2025-0066,23,Pass,,
SI-2025-0066,24,Pass,,
SI-2025-0067,1,Pass,,
SI-2025-0067,2,Pass,,
SI-2025-0067,3,Pass,,
SI-2025-0067,4,Pass,,
SI-2025-0067,5,Pass,,
SI-2025-0067,6,Pass,,
SI-2025-0067,7,Fail,Medium,Damaged extension lead in use at store B
SI-2025-0067,8,Pass,,
SI-2025-0067,9,Pass,,
SI-2025-0067,10,Pass,,
SI-2025-0067,11,Fail,Low,Work bench at the north stairwell cluttered with offcuts
SI-2025-0067,12,Pass,,
SI-2025-0067,13,Fail,Medium,Eye-wash bottle at level 2 past expiry
SI-2025-0067,14,Pass,,
SI-2025-0067,15,Pass,,
SI-2025-0067,16,Fail,High,Welfare room at the north stairwell without hot water
SI-2025-0067,17,Pass,,
SI-2025-0067,18,NA,,
SI-2025-0067,19,Pass,,
SI-2025-0067,20,Pass,,
SI-2025-0067,21,Fail,Medium,Escape route sign above the yard gate obscured by stock
SI-2025-0067,22,Fail,Low,Walkway markings at loading bay 6 worn and faded
SI-2025-0067,23,Pass,,
SI-2025-0067,24,Fail,Low,No vehicle warning signage at bay 2 crossing
SI-2025-0068,1,Fail,High,Fire door at the north stairwell catches on frame and does not latch
SI-2025-0068,2,Pass,,
SI-2025-0068,3,Fail,Low,Call point at the yard gate blocked by stored materials
SI-2025-0068,4,Fail,Medium,Emergency light at the welfare cabin not illuminating on test
SI-2025-0068,5,Pass,,
SI-2025-0068,6,Pass,,
SI-2025-0068,7,Pass,,
SI-2025-0068,8,Pass,,
SI-2025-0068,9,Pass,,
SI-2025-0068,10,Pass,,
SI-2025-0068,11,Pass,,
SI-2025-0068,12,Pass,,
SI-2025-0068,13,NA,,
SI-2025-0068,14,Pass,,
SI-2025-0068,15,Pass,,
SI-2025-0068,16,Pass,,
SI-2025-0068,17,Fail,Low,Racking tag at store B out of date
SI-2025-0068,18,Pass,,
SI-2025-0068,19,Pass,,
SI-2025-0068,20,Fail,Medium,COSHH register at the main workshop not updated this quarter
SI-2025-0068,21,Pass,,
SI-2025-0068,22,Pass,,
SI-2025-0068,23,Pass,,
SI-2025-0068,24,Pass,,
SI-2025-0069,1,Pass,,
SI-2025-0069,2,Pass,,
SI-2025-0069,3,Pass,,
SI-2025-0069,4,Pass,,
SI-2025-0069,5,Pass,,
SI-2025-0069,6,Pass,,
SI-2025-0069,7,Pass,,
SI-2025-0069,8,Pass,,
SI-2025-0069,9,NA,,
SI-2025-0069,10,Pass,,
SI-2025-0069,11,Pass,,
SI-2025-0069,12,Pass,,
SI-2025-0069,13,Pass,,
SI-2025-0069,14,Pass,,
SI-2025-0069,15,Pass,,
SI-2025-0069,16,Fail,Low,Welfare room at loading bay 6 without hot water
SI-2025-0069,17,Pass,,
SI-2025-0069,18,Pass,,
SI-2025-0069,19,Pass,,
SI-2025-0069,20,Pass,,
SI-2025-0069,21,Pass,,
SI-2025-0069,22,Pass,,
SI-2025-0069,23,Pass,,
SI-2025-0069,24,Fail,High,No vehicle warning signage at the mezzanine crossing
SI-2025-0070,1,Pass,,
SI-2025-0070,2,Pass,,
SI-2025-0070,3,Pass,,
SI-2025-0070,4,Pass,,
SI-2025-0070,5,Fail,Low,PAT label at the mezzanine expired
SI-2025-0070,6,Pass,,
SI-2025-0070,7,Pass,,
SI-2025-0070,8,Fail,Low,Isolation switch at the east exit obstructed
SI-2025-0070,9,Pass,,
SI-2025-0070,10,Fail,Low,Waste bins overflowing at level 2
SI-2025-0070,11,Pass,,
SI-2025-0070,12,Pass,,
SI-2025-0070,13,Pass,,
SI-2025-0070,14,NA,,
SI-2025-0070,15,Pass,,
SI-2025-0070,16,Pass,,
SI-2025-0070,17,Pass,,
SI-2025-0070,18,Pass,,
SI-2025-0070,19,Pass,,
SI-2025-0070,20,Pass,,
SI-2025-0070,21,Pass,,
SI-2025-0070,22,Pass,,
SI-2025-0070,23,Pass,,
SI-2025-0070,24,Pass,,
SI-2025-0071,1,Fail,Low,Fire door at bay 2 catches on frame and does not latch
SI-2025-0071,2,Pass,,
SI-2025-0071,3,Pass,,
SI-2025-0071,4,Pass,,
SI-2025-0071,5,Pass,,
SI-2025-0071,6,Pass,,
SI-2025-0071,7,Pass,,
SI-2025-0071,8,Pass,,
SI-2025-0071,9,Fail,Low,Pallets staged on pedestrian route near level 2
SI-2025-0071,10,Pass,,
SI-2025-0071,11,Fail,Low,Work bench at level 2 cluttered with offcuts
SI-2025-0071,12,Pass,,
SI-2025-0071,13,Pass,,
SI-2025-0071,14,Pass,,
SI-2025-0071,15,Pass,,
SI-2025-0071,16,Pass,,
SI-2025-0071,17,Pass,,
SI-2025-0071,18,Pass,,
SI-2025-0071,19,Fail,Medium,Untagged stepladder in use at level 2
SI-2025-0071,20,Pass,,
SI-2025-0071,21,Fail,Low,Escape route sign above the main workshop obscured by stock
SI-2025-0071,22,NA,,
SI-2025-0071,23,Pass,,
SI-2025-0071,24,Pass,,
SI-2025-0072,1,Pass,,
SI-2025-0072,2,NA,,
SI-2025-0072,3,Pass,,
SI-2025-0072,4,Pass,,
SI-2025-0072,5,Pass,,
SI-2025-0072,6,Fail,Low,Distribution board at loading bay 6 left open and unlabelled
SI-2025-0072,7,Pass,,
SI-2025-0072,8,Pass,,
SI-2025-0072,9,Pass,,
SI-2025-0072,10,Pass,,
SI-2025-0072,11,Pass,,
SI-2025-0072,12,Fail,Low,Spill kit at the welfare cabin missing absorbent pads
SI-2025-0072,13,Pass,,
SI-2025-0072,14,Fail,Low,First-aid kit at the main workshop missing dressings
SI-2025-0072,15,Pass,,
SI-2025-0072,16,Pass,,
SI-2025-0072,17,Pass,,
SI-2025-0072,18,Pass,,
SI-2025-0072,19,Pass,,
SI-2025-0072,20,Pass,,
SI-2025-0072,21,Fail,High,Escape route sign above the yard gate obscured by stock
SI-2025-0072,22,NA,,
SI-2025-0072,23,Pass,,
SI-2025-0072,24,Pass,,
SI-2025-0073,1,Pass,,
SI-2025-0073,2,Fail,Medium,Extinguisher at aisle 4 past its service date
SI-2025-0073,3,Fail,Medium,Call point at the dock office blocked by stored materials
SI-2025-0073,4,Fail,Low,Emergency light at the dock office not illuminating on test
SI-2025-0073,5,Pass,,
SI-2025-0073,6,Pass,,
SI-2025-0073,7,Pass,,
SI-2025-0073,8,Pass,,
SI-2025-0073,9,Fail,Low,Pallets staged on pedestrian route near the yard gate
SI-2025-0073,10,Pass,,
SI-2025-0073,11,Pass,,
SI-2025-0073,12,Fail,Low,Spill kit at the welfare cabin missing absorbent pads
SI-2025-0073,13,Pass,,
SI-2025-0073,14,Pass,,
SI-2025-0073,15,NA,,
SI-2025-0073,16,Pass,,
SI-2025-0073,17,Pass,,
SI-2025-0073,18,Pass,,
SI-2025-0073,19,Pass,,
SI-2025-0073,20,Pass,,
SI-2025-0073,21,Pass,,
SI-2025-0073,22,Pass,,
SI-2025-0073,23,Pass,,
SI-2025-0073,24,Pass,,
SI-2025-0074,1,Pass,,
SI-2025-0074,2,Pass,,
SI-2025-0074,3,Pass,,
SI-2025-0074,4,Pass,,
SI-2025-0074,5,Pass,,
SI-2025-0074,6,Pass,,
SI-2025-0074,7,Pass,,
SI-2025-0074,8,Pass,,
SI-2025-0074,9,Pass,,
SI-2025-0074,10,Pass,,
SI-2025-0074,11,Pass,,
SI-2025-0074,12,Pass,,
SI-2025-0074,13,Fail,Medium,Eye-wash bottle at the mezzanine past expiry
SI-2025-0074,14,Pass,,
SI-2025-0074,15,Pass,,
SI-2025-0074,16,Pass,,
SI-2025-0074,17,Fail,Low,Racking tag at loading bay 6 out of date
SI-2025-0074,18,Pass,,
SI-2025-0074,19,Pass,,
SI-2025-0074,20,Pass,,
SI-2025-0074,21,Pass,,
SI-2025-0074,22,Pass,,
SI-2025-0074,23,Pass,,
SI-2025-0074,24,Pass,,
SI-2025-0075,1,Pass,,
SI-2025-0075,2,Pass,,
SI-2025-0075,3,Pass,,
SI-2025-0075,4,NA,,
SI-2025-0075,5,Pass,,
SI-2025-0075,6,Pass,,
SI-2025-0075,7,Pass,,
SI-2025-0075,8,Pass,,
SI-2025-0075,9,Pass,,
SI-2025-0075,10,Fail,High,Waste bins overflowing at the mezzanine
SI-2025-0075,11,Pass,,
SI-2025-0075,12,Pass,,
SI-2025-0075,13,Pass,,
SI-2025-0075,14,Pass,,
SI-2025-0075,15,Fail,Low,Operative without hi-vis near bay 2
SI-2025-0075,16,Pass,,
SI-2025-0075,17,Pass,,
SI-2025-0075,18,Pass,,
SI-2025-0075,19,Pass,,
SI-2025-0075,20,Pass,,
SI-2025-0075,21,Fail,Medium,Escape route sign above the dock office obscured by stock
SI-2025-0075,22,Pass,,
SI-2025-0075,23,Pass,,
SI-2025-0075,24,Fail,High,No vehicle warning signage at the dock office crossing
SI-2025-0076,1,Pass,,
SI-2025-0076,2,Fail,Low,Extinguisher at the east exit past its service date
SI-2025-0076,3,Pass,,
SI-2025-0076,4,Fail,Medium,Emergency light at the yard gate not illuminating on test
SI-2025-0076,5,Pass,,
SI-2025-0076,6,Pass,,
SI-2025-0076,7,Pass,,
SI-2025-0076,8,Pass,,
SI-2025-0076,9,Pass,,
SI-2025-0076,10,Pass,,
SI-2025-0076,11,NA,,
SI-2025-0076,12,Pass,,
SI-2025-0076,13,Pass,,
SI-2025-0076,14,Pass,,
SI-2025-0076,15,Pass,,
SI-2025-0076,16,Pass,,
SI-2025-0076,17,Pass,,
SI-2025-0076,18,Pass,,
SI-2025-0076,19,Pass,,
SI-2025-0076,20,Fail,Medium,COSHH register at level 2 not updated this quarter
SI-2025-0076,21,Pass,,
SI-2025-0076,22,Pass,,
SI-2025-0076,23,Fail,Medium,Statutory notice board at the mezzanine out of date
SI-2025-0076,24,Fail,Low,No vehicle warning signage at the mezzanine crossing
SI-2025-0077,1,Pass,,
SI-2025-0077,2,Pass,,
SI-2025-0077,3,Pass,,
SI-2025-0077,4,Pass,,
SI-2025-0077,5,Pass,,
SI-2025-0077,6,Pass,,
SI-2025-0077,7,Pass,,
SI-2025-0077,8,Pass,,
SI-2025-0077,9,Pass,,
SI-2025-0077,10,Pass,,
SI-2025-0077,11,Pass,,
SI-2025-0077,12,Fail,Low,Spill kit at the mezzanine missing absorbent pads
SI-2025-0077,13,Pass,,
SI-2025-0077,14,Pass,,
SI-2025-0077,15,Pass,,
SI-2025-0077,16,Pass,,
SI-2025-0077,17,Fail,Low,Racking tag at aisle 4 out of date
SI-2025-0077,18,Pass,,
SI-2025-0077,19,NA,,
SI-2025-0077,20,Pass,,
SI-2025-0077,21,Fail,Low,Escape route sign above the welfare cabin obscured by stock
SI-2025-0077,22,Pass,,
SI-2025-0077,23,Pass,,
SI-2025-0077,24,Pass,,
SI-2025-0078,1,Pass,,
SI-2025-0078,2,Pass,,
SI-2025-0078,3,NA,,
SI-2025-0078,4,Pass,,
SI-2025-0078,5,Pass,,
SI-2025-0078,6,Pass,,
SI-2025-0078,7,Pass,,
SI-2025-0078,8,Pass,,
SI-2025-0078,9,Pass,,
SI-2025-0078,10,Pass,,
SI-2025-0078,11,Pass,,
SI-2025-0078,12,Pass,,
SI-2025-0078,13,Pass,,
SI-2025-0078,14,Pass,,
SI-2025-0078,15,Pass,,
SI-2025-0078,16,NA,,
SI-2025-0078,17,Pass,,
SI-2025-0078,18,Pass,,
SI-2025-0078,19,Pass,,
SI-2025-0078,20,Pass,,
SI-2025-0078,21,Pass,,
SI-2025-0078,22,Pass,,
SI-2025-0078,23,NA,,
SI-2025-0078,24,Pass,,
SI-2025-0079,1,Fail,Medium,Fire door at the dock office catches on frame and does not latch
SI-2025-0079,2,Pass,,
SI-2025-0079,3,Pass,,
SI-2025-0079,4,Pass,,
SI-2025-0079,5,Pass,,
SI-2025-0079,6,Pass,,
SI-2025-0079,7,Pass,,
SI-2025-0079,8,Pass,,
SI-2025-0079,9,Pass,,
SI-2025-0079,10,Pass,,
SI-2025-0079,11,Pass,,
SI-2025-0079,12,Fail,Medium,Spill kit at the main workshop missing absorbent pads
SI-2025-0079,13,Pass,,
SI-2025-0079,14,Pass,,
SI-2025-0079,15,Pass,,
SI-2025-0079,16,Pass,,
SI-2025-0079,17,Pass,,
SI-2025-0079,18,Fail,Low,Overloaded top beam at store B
SI-2025-0079,19,Pass,,
SI-2025-0079,20,Pass,,
SI-2025-0079,21,Pass,,
SI-2025-0079,22,Fail,Medium,Walkway markings at the dock office worn and faded
SI-2025-0079,23,Fail,Medium,Statutory notice board at loading bay 6 out of date
SI-2025-0079,24,Fail,Low,No vehicle warning signage at the east exit crossing
SI-2025-0080,1,Pass,,
SI-2025-0080,2,Pass,,
SI-2025-0080,3,Pass,,
SI-2025-0080,4,Pass,,
SI-2025-0080,5,Pass,,
SI-2025-0080,6,Pass,,
SI-2025-0080,7,Pass,,
SI-2025-0080,8,Pass,,
SI-2025-0080,9,Pass,,
SI-2025-0080,10,Pass,,
SI-2025-0080,11,Pass,,
SI-2025-0080,12,Pass,,
SI-2025-0080,13,Pass,,
SI-2025-0080,14,Fail,Low,First-aid kit at aisle 4 missing dressings
SI-2025-0080,15,Pass,,
SI-2025-0080,16,Pass,,
SI-2025-0080,17,Pass,,
SI-2025-0080,18,Pass,,
SI-2025-0080,19,Pass,,
SI-2025-0080,20,Pass,,
SI-2025-0080,21,Pass,,
SI-2025-0080,22,Fail,Low,Walkway markings at the yard gate worn and faded
SI-2025-0080,23,Pass,,
SI-2025-0080,24,Fail,Low,No vehicle warning signage at the welfare cabin crossing
SI-2025-0081,1,Pass,,
SI-2025-0081,2,Pass,,
SI-2025-0081,3,Pass,,
SI-2025-0081,4,Pass,,
SI-2025-0081,5,Pass,,
SI-2025-0081,6,Pass,,
SI-2025-0081,7,Pass,,
SI-2025-0081,8,Fail,Low,Isolation switch at the north stairwell obstructed
SI-2025-0081,9,Pass,,
SI-2025-0081,10,Pass,,
SI-2025-0081,11,Fail,Medium,Work bench at the north stairwell cluttered with offcuts
SI-2025-0081,12,Pass,,
SI-2025-0081,13,Pass,,
SI-2025-0081,14,Pass,,
SI-2025-0081,15,Pass,,
SI-2025-0081,16,Pass,,
SI-2025-0081,17,Pass,,
SI-2025-0081,18,Pass,,
SI-2025-0081,19,Pass,,
SI-2025-0081,20,NA,,
SI-2025-0081,21,Pass,,
SI-2025-0081,22,Pass,,
SI-2025-0081,23,Fail,Low,Statutory notice board at aisle 4 out of date
SI-2025-0081,24,Pass,,
SI-2025-0082,1,Pass,,
SI-2025-0082,2,Fail,High,Extinguisher at store B past its service date
SI-2025-0082,3,Pass,,
SI-2025-0082,4,Fail,Low,Emergency light at the dock office not illuminating on test
SI-2025-0082,5,Pass,,
SI-2025-0082,6,Pass,,
SI-2025-0082,7,Pass,,
SI-2025-0082,8,Fail,Low,Isolation switch at aisle 4 obstructed
SI-2025-0082,9,Pass,,
SI-2025-0082,10,Pass,,
SI-2025-0082,11,Pass,,
SI-2025-0082,12,Fail,Low,Spill kit at the north stairwell missing absorbent pads
SI-2025-0082,13,Pass,,
SI-2025-0082,14,Pass,,
SI-2025-0082,15,Pass,,
SI-2025-0082,16,Pass,,
SI-2025-0082,17,Pass,,
SI-2025-0082,18,Fail,Low,Overloaded top beam at the east exit
SI-2025-0082,19,Pass,,
SI-2025-0082,20,Fail,Low,COSHH register at the welfare cabin not updated this quarter
SI-2025-0082,21,Pass,,
SI-2025-0082,22,Fail,Medium,Walkway markings at the yard gate worn and faded
SI-2025-0082,23,Pass,,
SI-2025-0082,24,Fail,Low,No vehicle warning signage at level 2 crossing
SI-2025-0083,1,NA,,
SI-2025-0083,2,Pass,,
SI-2025-0083,3,Pass,,
SI-2025-0083,4,Pass,,
SI-2025-0083,5,Pass,,
SI-2025-0083,6,Pass,,
SI-2025-0083,7,Pass,,
SI-2025-0083,8,Pass,,
SI-2025-0083,9,Pass,,
SI-2025-0083,10,Pass,,
SI-2025-0083,11,Pass,,
SI-2025-0083,12,Pass,,
SI-2025-0083,13,Pass,,
SI-2025-0083,14,Pass,,
SI-2025-0083,15,Pass,,
SI-2025-0083,16,Fail,Low,Welfare room at the north stairwell without hot water
SI-2025-0083,17,Pass,,
SI-2025-0083,18,Pass,,
SI-2025-0083,19,Pass,,
SI-2025-0083,20,Fail,Low,COSHH register at the dock office not updated this quarter
SI-2025-0083,21,Pass,,
SI-2025-0083,22,Pass,,
SI-2025-0083,23,Fail,Medium,Statutory notice board at the dock office out of date
SI-2025-0083,24,Pass,,
SI-2025-0084,1,Fail,Low,Fire door at the east exit catches on frame and does not latch
SI-2025-0084,2,Pass,,
SI-2025-0084,3,Pass,,
SI-2025-0084,4,Pass,,
SI-2025-0084,5,NA,,
SI-2025-0084,6,Fail,Low,Distribution board at the north stairwell left open and unlabelled
SI-2025-0084,7,Pass,,
SI-2025-0084,8,Pass,,
SI-2025-0084,9,Pass,,
SI-2025-0084,10,Pass,,
SI-2025-0084,11,Pass,,
SI-2025-0084,12,Pass,,
SI-2025-0084,13,Pass,,
SI-2025-0084,14,Pass,,
SI-2025-0084,15,Pass,,
SI-2025-0084,16,Pass,,
SI-2025-0084,17,Pass,,
SI-2025-0084,18,Pass,,
SI-2025-0084,19,Pass,,
SI-2025-0084,20,Pass,,
SI-2025-0084,21,Fail,Medium,Escape route sign above loading bay 6 obscured by stock
SI-2025-0084,22,Pass,,
SI-2025-0084,23,Pass,,
SI-2025-0084,24,Pass,,
SI-2025-0085,1,Pass,,
SI-2025-0085,2,Pass,,
SI-2025-0085,3,Pass,,
SI-2025-0085,4,NA,,
SI-2025-0085,5,Pass,,
SI-2025-0085,6,Pass,,
SI-2025-0085,7,NA,,
SI-2025-0085,8,Pass,,
SI-2025-0085,9,Pass,,
SI-2025-0085,10,Pass,,
SI-2025-0085,11,Fail,Low,Work bench at the welfare cabin cluttered with offcuts
SI-2025-0085,12,Pass,,
SI-2025-0085,13,Pass,,
SI-2025-0085,14,Fail,High,First-aid kit at the east exit missing dressings
SI-2025-0085,15,Pass,,
SI-2025-0085,16,Pass,,
SI-2025-0085,17,Pass,,
SI-2025-0085,18,Pass,,
SI-2025-0085,19,Pass,,
SI-2025-0085,20,Pass,,
SI-2025-0085,21,Fail,Low,Escape route sign above the welfare cabin obscured by stock
SI-2025-0085,22,Pass,,
SI-2025-0085,23,Pass,,
SI-2025-0085,24,Pass,,
SI-2025-0086,1,Pass,,
SI-2025-0086,2,Pass,,
SI-2025-0086,3,Fail,High,Call point at the dock office blocked by stored materials
SI-2025-0086,4,Pass,,
SI-2025-0086,5,Pass,,
SI-2025-0086,6,Pass,,
SI-2025-0086,7,Pass,,
SI-2025-0086,8,Pass,,
SI-2025-0086,9,Pass,,
SI-2025-0086,10,Pass,,
SI-2025-0086,11,Pass,,
SI-2025-0086,12,Pass,,
SI-2025-0086,13,Fail,Low,Eye-wash bottle at the east exit past expiry
SI-2025-0086,14,Pass,,
SI-2025-0086,15,Pass,,
SI-2025-0086,16,Fail,Low,Welfare room at the mezzanine without hot water
SI-2025-0086,17,NA,,
SI-2025-0086,18,Fail,Medium,Overloaded top beam at the north stairwell
SI-2025-0086,19,NA,,
SI-2025-0086,20,Pass,,
SI-2025-0086,21,Fail,Low,Escape route sign above aisle 4 obscured by stock
SI-2025-0086,22,Pass,,
SI-2025-0086,23,Fail,High,Statutory notice board at the dock office out of date
SI-2025-0086,24,Pass,,
SI-2025-0087,1,Pass,,
SI-2025-0087,2,Pass,,
SI-2025-0087,3,Pass,,
SI-2025-0087,4,Pass,,
SI-2025-0087,5,Pass,,
SI-2025-0087,6,Pass,,
SI-2025-0087,7,Pass,,
SI-2025-0087,8,Pass,,
SI-2025-0087,9,Pass,,
SI-2025-0087,10,Pass,,
SI-2025-0087,11,NA,,
SI-2025-0087,12,Pass,,
SI-2025-0087,13,Pass,,
SI-2025-0087,14,Pass,,
SI-2025-0087,15,Pass,,
SI-2025-0087,16,Pass,,
SI-2025-0087,17,Pass,,
SI-2025-0087,18,Pass,,
SI-2025-0087,19,Pass,,
SI-2025-0087,20,Pass,,
SI-2025-0087,21,Pass,,
SI-2025-0087,22,Pass,,
SI-2025-0087,23,Pass,,
SI-2025-0087,24,Fail,Low,No vehicle warning signage at store B crossing
SI-2025-0088,1,Pass,,
SI-2025-0088,2,Pass,,
SI-2025-0088,3,Pass,,
SI-2025-0088,4,NA,,
SI-2025-0088,5,Pass,,
SI-2025-0088,6,Pass,,
SI-2025-0088,7,Pass,,
SI-2025-0088,8,Pass,,
SI-2025-0088,9,Pass,,
SI-2025-0088,10,Pass,,
SI-2025-0088,11,Pass,,
SI-2025-0088,12,Pass,,
SI-2025-0088,13,Pass,,
SI-2025-0088,14,Pass,,
SI-2025-0088,15,Pass,,
SI-2025-0088,16,Pass,,
SI-2025-0088,17,Pass,,
SI-2025-0088,18,Pass,,
SI-2025-0088,19,Fail,Low,Untagged stepladder in use at loading bay 6
SI-2025-0088,20,Pass,,
SI-2025-0088,21,Pass,,
SI-2025-0088,22,Fail,Low,Walkway markings at store B worn and faded
SI-2025-0088,23,Fail,Low,Statutory notice board at bay 2 out of date
SI-2025-0088,24,Pass,,
SI-2025-0089,1,Pass,,
SI-2025-0089,2,Pass,,
SI-2025-0089,3,Pass,,
SI-2025-0089,4,Pass,,
SI-2025-0089,5,Pass,,
SI-2025-0089,6,Pass,,
SI-2025-0089,7,Pass,,
SI-2025-0089,8,Pass,,
SI-2025-0089,9,Pass,,
SI-2025-0089,10,Pass,,
SI-2025-0089,11,Pass,,
SI-2025-0089,12,Pass,,
SI-2025-0089,13,Pass,,
SI-2025-0089,14,Pass,,
SI-2025-0089,15,Pass,,
SI-2025-0089,16,Fail,Low,Welfare room at aisle 4 without hot water
SI-2025-0089,17,Pass,,
SI-2025-0089,18,Pass,,
SI-2025-0089,19,Pass,,
SI-2025-0089,20,Pass,,
SI-2025-0089,21,Pass,,
SI-2025-0089,22,Pass,,
SI-2025-0089,23,Pass,,
SI-2025-0089,24,Pass,,
SI-2025-0090,1,Pass,,
SI-2025-0090,2,Pass,,
SI-2025-0090,3,Pass,,
SI-2025-0090,4,Pass,,
SI-2025-0090,5,Pass,,
SI-2025-0090,6,Fail,Medium,Distribution board at the east exit left open and unlabelled
SI-2025-0090,7,Pass,,
SI-2025-0090,8,Pass,,
SI-2025-0090,9,Pass,,
SI-2025-0090,10,Pass,,
SI-2025-0090,11,Pass,,
SI-2025-0090,12,Fail,Low,Spill kit at loading bay 6 missing absorbent pads
SI-2025-0090,13,Fail,Low,Eye-wash bottle at the dock office past expiry
SI-2025-0090,14,Pass,,
SI-2025-0090,15,Pass,,
SI-2025-0090,16,Pass,,
SI-2025-0090,17,Pass,,
SI-2025-0090,18,Pass,,
SI-2025-0090,19,Pass,,
SI-2025-0090,20,Pass,,
SI-2025-0090,21,Fail,Low,Escape route sign above bay 2 obscured by stock
SI-2025-0090,22,Fail,Medium,Walkway markings at the dock office worn and faded
SI-2025-0090,23,Fail,Low,Statutory notice board at the dock office out of date
SI-2025-0090,24,Pass,,
SI-2025-0091,1,Pass,,
SI-2025-0091,2,Pass,,
SI-2025-0091,3,Fail,Medium,Call point at the yard gate blocked by stored materials
SI-2025-0091,4,Fail,Low,Emergency light at aisle 4 not illuminating on test
SI-2025-0091,5,Pass,,
SI-2025-0091,6,Pass,,
SI-2025-0091,7,Pass,,
SI-2025-0091,8,Pass,,
SI-2025-0091,9,Pass,,
SI-2025-0091,10,NA,,
SI-2025-0091,11,Pass,,
SI-2025-0091,12,Pass,,
SI-2025-0091,13,Pass,,
SI-2025-0091,14,Pass,,
SI-2025-0091,15,Pass,,
SI-2025-0091,16,Fail,Low,Welfare room at the welfare cabin without hot water
SI-2025-0091,17,Fail,Low,Racking tag at loading bay 6 out of date
SI-2025-0091,18,Pass,,
SI-2025-0091,19,Pass,,
SI-2025-0091,20,Pass,,
SI-2025-0091,21,Pass,,
SI-2025-0091,22,Pass,,
SI-2025-0091,23,Pass,,
SI-2025-0091,24,Pass,,
SI-2025-0092,1,Fail,Low,Fire door at store B catches on frame and does not latch
SI-2025-0092,2,Pass,,
SI-2025-0092,3,Pass,,
SI-2025-0092,4,Pass,,
SI-2025-0092,5,Pass,,
SI-2025-0092,6,Pass,,
SI-2025-0092,7,Fail,Medium,Damaged extension lead in use at the yard gate
SI-2025-0092,8,Pass,,
SI-2025-0092,9,Pass,,
SI-2025-0092,10,Pass,,
SI-2025-0092,11,Pass,,
SI-2025-0092,12,Pass,,
SI-2025-0092,13,Pass,,
SI-2025-0092,14,Fail,Low,First-aid kit at the north stairwell missing dressings
SI-2025-0092,15,Pass,,
SI-2025-0092,16,NA,,
SI-2025-0092,17,Pass,,
SI-2025-0092,18,Pass,,
SI-2025-0092,19,Pass,,
SI-2025-0092,20,Pass,,
SI-2025-0092,21,Pass,,
SI-2025-0092,22,Pass,,
SI-2025-0092,23,Pass,,
SI-2025-0092,24,Pass,,
SI-2025-0093,1,Pass,,
SI-2025-0093,2,Pass,,
SI-2025-0093,3,Pass,,
SI-2025-0093,4,Pass,,
SI-2025-0093,5,Pass,,
SI-2025-0093,6,Pass,,
SI-2025-0093,7,Pass,,
SI-2025-0093,8,Pass,,
SI-2025-0093,9,Fail,Low,Pallets staged on pedestrian route near level 2
SI-2025-0093,10,Pass,,
SI-2025-0093,11,Pass,,
SI-2025-0093,12,Pass,,
SI-2025-0093,13,Pass,,
SI-2025-0093,14,Pass,,
SI-2025-0093,15,Pass,,
SI-2025-0093,16,Pass,,
SI-2025-0093,17,Pass,,
SI-2025-0093,18,Pass,,
SI-2025-0093,19,Pass,,
SI-2025-0093,20,Pass,,
SI-2025-0093,21,Pass,,
SI-2025-0093,22,Pass,,
SI-2025-0093,23,Pass,,
SI-2025-0093,24,Pass,,
SI-2025-0094,1,Fail,High,Fire door at level 2 catches on frame and does not latch
SI-2025-0094,2,Pass,,
SI-2025-0094,3,Pass,,
SI-2025-0094,4,Pass,,
SI-2025-0094,5,Pass,,
SI-2025-0094,6,Pass,,
SI-2025-0094,7,Pass,,
SI-2025-0094,8,Pass,,
SI-2025-0094,9,Pass,,
SI-2025-0094,10,Pass,,
SI-2025-0094,11,Pass,,
SI-2025-0094,12,Pass,,
SI-2025-0094,13,Pass,,
SI-2025-0094,14,Pass,,
SI-2025-0094,15,Pass,,
SI-2025-0094,16,Fail,Low,Welfare room at aisle 4 without hot water
SI-2025-0094,17,Pass,,
SI-2025-0094,18,Pass,,
SI-2025-0094,19,Pass,,
SI-2025-0094,20,Fail,Low,COSHH register at the welfare cabin not updated this quarter
SI-2025-0094,21,Pass,,
SI-2025-0094,22,Pass,,
SI-2025-0094,23,Pass,,
SI-2025-0094,24,Pass,,
SI-2025-0095,1,Pass,,
SI-2025-0095,2,Pass,,
SI-2025-0095,3,Pass,,
SI-2025-0095,4,NA,,
SI-2025-0095,5,Pass,,
SI-2025-0095,6,Pass,,
SI-2025-0095,7,Pass,,
SI-2025-0095,8,Pass,,
SI-2025-0095,9,Fail,Low,Pallets staged on pedestrian route near level 2
SI-2025-0095,10,Pass,,
SI-2025-0095,11,Fail,Low,Work bench at aisle 4 cluttered with offcuts
SI-2025-0095,12,Pass,,
SI-2025-0095,13,Pass,,
SI-2025-0095,14,Pass,,
SI-2025-0095,15,Pass,,
SI-2025-0095,16,Pass,,
SI-2025-0095,17,Pass,,
SI-2025-0095,18,Pass,,
SI-2025-0095,19,Pass,,
SI-2025-0095,20,Pass,,
SI-2025-0095,21,Pass,,
SI-2025-0095,22,NA,,
SI-2025-0095,23,NA,,
SI-2025-0095,24,Pass,,
SI-2025-0096,1,Pass,,
SI-2025-0096,2,Pass,,
SI-2025-0096,3,Pass,,
SI-2025-0096,4,Pass,,
SI-2025-0096,5,Fail,Low,PAT label at the main workshop expired
SI-2025-0096,6,Pass,,
SI-2025-0096,7,Fail,Low,Damaged extension lead in use at store B
SI-2025-0096,8,Pass,,
SI-2025-0096,9,Pass,,
SI-2025-0096,10,Pass,,
SI-2025-0096,11,Fail,Low,Work bench at the mezzanine cluttered with offcuts
SI-2025-0096,12,Fail,Medium,Spill kit at the east exit missing absorbent pads
SI-2025-0096,13,NA,,
SI-2025-0096,14,Pass,,
SI-2025-0096,15,NA,,
SI-2025-0096,16,Pass,,
SI-2025-0096,17,Pass,,
SI-2025-0096,18,Pass,,
SI-2025-0096,19,Fail,Low,Untagged stepladder in use at the mezzanine
SI-2025-0096,20,Pass,,
SI-2025-0096,21,Fail,Low,Escape route sign above the main workshop obscured by stock
SI-2025-0096,22,Fail,Low,Walkway markings at loading bay 6 worn and faded
SI-2025-0096,23,Fail,Low,Statutory notice board at the welfare cabin out of date
SI-2025-0096,24,Pass,,
SI-2025-0097,1,Pass,,
SI-2025-0097,2,Pass,,
SI-2025-0097,3,Pass,,
SI-2025-0097,4,Pass,,
SI-2025-0097,5,Pass,,
SI-2025-0097,6,Pass,,
SI-2025-0097,7,Pass,,
SI-2025-0097,8,Pass,,
SI-2025-0097,9,Pass,,
SI-2025-0097,10,Pass,,
SI-2025-0097,11,NA,,
SI-2025-0097,12,Pass,,
SI-2025-0097,13,Pass,,
SI-2025-0097,14,Pass,,
SI-2025-0097,15,Pass,,
SI-2025-0097,16,Pass,,
SI-2025-0097,17,Pass,,
SI-2025-0097,18,Pass,,
SI-2025-0097,19,Pass,,
SI-2025-0097,20,Pass,,
SI-2025-0097,21,Pass,,
SI-2025-0097,22,Fail,Low,Walkway markings at bay 2 worn and faded
SI-2025-0097,23,Pass,,
SI-2025-0097,24,Pass,,
SI-2025-0098,1,Pass,,
SI-2025-0098,2,Pass,,
SI-2025-0098,3,Fail,Low,Call point at the dock office blocked by stored materials
SI-2025-0098,4,Pass,,
SI-2025-0098,5,Pass,,
SI-2025-0098,6,Pass,,
SI-2025-0098,7,Pass,,
SI-2025-0098,8,Pass,,
SI-2025-0098,9,Pass,,
SI-2025-0098,10,Pass,,
SI-2025-0098,11,Pass,,
SI-2025-0098,12,Fail,Low,Spill kit at the welfare cabin missing absorbent pads
SI-2025-0098,13,Pass,,
SI-2025-0098,14,Fail,Low,First-aid kit at store B missing dressings
SI-2025-0098,15,Pass,,
SI-2025-0098,16,NA,,
SI-2025-0098,17,Fail,Medium,Racking tag at the dock office out of date
SI-2025-0098,18,Pass,,
SI-2025-0098,19,Pass,,
SI-2025-0098,20,Pass,,
SI-2025-0098,21,Pass,,
SI-2025-0098,22,Pass,,
SI-2025-0098,23,Pass,,
SI-2025-0098,24,Pass,,
SI-2025-0099,1,Pass,,
SI-2025-0099,2,Pass,,
SI-2025-0099,3,Pass,,
SI-2025-0099,4,Pass,,
SI-2025-0099,5,Fail,Medium,PAT label at the welfare cabin expired
SI-2025-0099,6,Pass,,
SI-2025-0099,7,Pass,,
SI-2025-0099,8,Pass,,
SI-2025-0099,9,Pass,,
SI-2025-0099,10,Pass,,
SI-2025-0099,11,Pass,,
SI-2025-0099,12,Pass,,
SI-2025-0099,13,Pass,,
SI-2025-0099,14,Pass,,
SI-2025-0099,15,Pass,,
SI-2025-0099,16,Pass,,
SI-2025-0099,17,Pass,,
SI-2025-0099,18,Pass,,
SI-2025-0099,19,Fail,Medium,Untagged stepladder in use at the north stairwell
SI-2025-0099,20,NA,,
SI-2025-0099,21,Pass,,
SI-2025-0099,22,Pass,,
SI-2025-0099,23,Pass,,
SI-2025-0099,24,Pass,,
SI-2025-0100,1,Pass,,
SI-2025-0100,2,Pass,,
SI-2025-0100,3,Pass,,
SI-2025-0100,4,Pass,,
SI-2025-0100,5,Pass,,
SI-2025-0100,6,NA,,
SI-2025-0100,7,Pass,,
SI-2025-0100,8,Pass,,
SI-2025-0100,9,Pass,,
SI-2025-0100,10,Pass,,
SI-2025-0100,11,Pass,,
SI-2025-0100,12,Fail,Low,Spill kit at the welfare cabin missing absorbent pads
SI-2025-0100,13,NA,,
SI-2025-0100,14,Pass,,
SI-2025-0100,15,Pass,,
SI-2025-0100,16,NA,,
SI-2025-0100,17,Pass,,
SI-2025-0100,18,Pass,,
SI-2025-0100,19,Pass,,
SI-2025-0100,20,Pass,,
SI-2025-0100,21,Pass,,
SI-2025-0100,22,Pass,,
SI-2025-0100,23,Fail,High,Statutory notice board at level 2 out of date
SI-2025-0100,24,Fail,Low,No vehicle warning signage at store B crossing
SI-2025-0101,1,Pass,,
SI-2025-0101,2,Pass,,
SI-2025-0101,3,Pass,,
SI-2025-0101,4,Pass,,
SI-2025-0101,5,NA,,
SI-2025-0101,6,Pass,,
SI-2025-0101,7,NA,,
SI-2025-0101,8,Pass,,
SI-2025-0101,9,Pass,,
SI-2025-0101,10,Pass,,
SI-2025-0101,11,Fail,Low,Work bench at the mezzanine cluttered with offcuts
SI-2025-0101,12,Pass,,
SI-2025-0101,13,Pass,,
SI-2025-0101,14,Pass,,
SI-2025-0101,15,Pass,,
SI-2025-0101,16,Pass,,
SI-2025-0101,17,Pass,,
SI-2025-0101,18,Pass,,
SI-2025-0101,19,Pass,,
SI-2025-0101,20,Fail,Low,COSHH register at the dock office not updated this quarter
SI-2025-0101,21,Pass,,
SI-2025-0101,22,Pass,,
SI-2025-0101,23,Fail,Low,Statutory notice board at bay 2 out of date
SI-2025-0101,24,Pass,,
SI-2025-0102,1,Pass,,
SI-2025-0102,2,Pass,,
SI-2025-0102,3,Pass,,
SI-2025-0102,4,Pass,,
SI-2025-0102,5,Pass,,
SI-2025-0102,6,Pass,,
SI-2025-0102,7,NA,,
SI-2025-0102,8,Pass,,
SI-2025-0102,9,Fail,Medium,Pallets staged on pedestrian route near level 2
SI-2025-0102,10,Pass,,
SI-2025-0102,11,Pass,,
SI-2025-0102,12,Pass,,
SI-2025-0102,13,Fail,Medium,Eye-wash bottle at the north stairwell past expiry
SI-2025-0102,14,Pass,,
SI-2025-0102,15,Fail,Medium,Operative without hi-vis near the main workshop
SI-2025-0102,16,Fail,High,Welfare room at aisle 4 without hot water
SI-2025-0102,17,Pass,,
SI-2025-0102,18,Pass,,
SI-2025-0102,19,NA,,
SI-2025-0102,20,Pass,,
SI-2025-0102,21,Pass,,
SI-2025-0102,22,Pass,,
SI-2025-0102,23,Fail,Medium,Statutory notice board at aisle 4 out of date
SI-2025-0102,24,Pass,,
SI-2025-0103,1,Fail,Low,Fire door at the north stairwell catches on frame and does not latch
SI-2025-0103,2,Fail,Medium,Extinguisher at the mezzanine past its service date
SI-2025-0103,3,Pass,,
SI-2025-0103,4,Pass,,
SI-2025-0103,5,Fail,Medium,PAT label at store B expired
SI-2025-0103,6,Pass,,
SI-2025-0103,7,Pass,,
SI-2025-0103,8,Pass,,
SI-2025-0103,9,Pass,,
SI-2025-0103,10,Pass,,
SI-2025-0103,11,Fail,Low,Work bench at store B cluttered with offcuts
SI-2025-0103,12,Pass,,
SI-2025-0103,13,Pass,,
SI-2025-0103,14,Pass,,
SI-2025-0103,15,Pass,,
SI-2025-0103,16,Fail,Low,Welfare room at level 2 without hot water
SI-2025-0103,17,Pass,,
SI-2025-0103,18,Pass,,
SI-2025-0103,19,Fail,Low,Untagged stepladder in use at store B
SI-2025-0103,20,Pass,,
SI-2025-0103,21,Pass,,
SI-2025-0103,22,Pass,,
SI-2025-0103,23,Pass,,
SI-2025-0103,24,Pass,,
SI-2025-0104,1,Pass,,
SI-2025-0104,2,Pass,,
SI-2025-0104,3,Pass,,
SI-2025-0104,4,Pass,,
SI-2025-0104,5,Pass,,
SI-2025-0104,6,Pass,,
SI-2025-0104,7,Pass,,
SI-2025-0104,8,NA,,
SI-2025-0104,9,Pass,,
SI-2025-0104,10,Pass,,
SI-2025-0104,11,Pass,,
SI-2025-0104,12,Pass,,
SI-2025-0104,13,Pass,,
SI-2025-0104,14,NA,,
SI-2025-0104,15,Pass,,
SI-2025-0104,16,Pass,,
SI-2025-0104,17,Pass,,
SI-2025-0104,18,Fail,Low,Overloaded top beam at the yard gate
SI-2025-0104,19,Pass,,
SI-2025-0104,20,Pass,,
SI-2025-0104,21,Fail,Low,Escape route sign above bay 2 obscured by stock
SI-2025-0104,22,Fail,Low,Walkway markings at the mezzanine worn and faded
SI-2025-0104,23,Fail,Medium,Statutory notice board at the dock office out of date
SI-2025-0104,24,NA,,
SI-2025-0105,1,Pass,,
SI-2025-0105,2,Pass,,
SI-2025-0105,3,Pass,,
SI-2025-0105,4,Pass,,
SI-2025-0105,5,Pass,,
SI-2025-0105,6,Pass,,
SI-2025-0105,7,Pass,,
SI-2025-0105,8,Pass,,
SI-2025-0105,9,Pass,,
SI-2025-0105,10,Pass,,
SI-2025-0105,11,Pass,,
SI-2025-0105,12,Pass,,
SI-2025-0105,13,Pass,,
SI-2025-0105,14,Pass,,
SI-2025-0105,15,Pass,,
SI-2025-0105,16,Pass,,
SI-2025-0105,17,Pass,,
SI-2025-0105,18,Pass,,
SI-2025-0105,19,Pass,,
SI-2025-0105,20,Pass,,
SI-2025-0105,21,Pass,,
SI-2025-0105,22,Pass,,
SI-2025-0105,23,Fail,High,Statutory notice board at the welfare cabin out of date
SI-2025-0105,24,Pass,,
SI-2025-0106,1,Pass,,
SI-2025-0106,2,Pass,,
SI-2025-0106,3,Pass,,
SI-2025-0106,4,Pass,,
SI-2025-0106,5,Pass,,
SI-2025-0106,6,Pass,,
SI-2025-0106,7,Pass,,
SI-2025-0106,8,Pass,,
SI-2025-0106,9,Pass,,
SI-2025-0106,10,Pass,,
SI-2025-0106,11,Fail,High,Work bench at bay 2 cluttered with offcuts
SI-2025-0106,12,Pass,,
SI-2025-0106,13,Pass,,
SI-2025-0106,14,Fail,Medium,First-aid kit at the east exit missing dressings
SI-2025-0106,15,Pass,,
SI-2025-0106,16,Pass,,
SI-2025-0106,17,Pass,,
SI-2025-0106,18,Fail,Low,Overloaded top beam at loading bay 6
SI-2025-0106,19,Pass,,
SI-2025-0106,20,Pass,,
SI-2025-0106,21,Fail,Medium,Escape route sign above aisle 4 obscured by stock
SI-2025-0106,22,Pass,,
SI-2025-0106,23,Pass,,
SI-2025-0106,24,Pass,,
SI-2025-0107,1,Pass,,
SI-2025-0107,2,Pass,,
SI-2025-0107,3,Pass,,
SI-2025-0107,4,Pass,,
SI-2025-0107,5,Pass,,
SI-2025-0107,6,Pass,,
SI-2025-0107,7,Pass,,
SI-2025-0107,8,Pass,,
SI-2025-0107,9,Pass,,
SI-2025-0107,10,NA,,
SI-2025-0107,11,Pass,,
SI-2025-0107,12,Pass,,
SI-2025-0107,13,Pass,,
SI-2025-0107,14,Pass,,
SI-2025-0107,15,Pass,,
SI-2025-0107,16,Pass,,
SI-2025-0107,17,Pass,,
SI-2025-0107,18,Pass,,
SI-2025-0107,19,Pass,,
SI-2025-0107,20,Pass,,
SI-2025-0107,21,Pass,,
SI-2025-0107,22,Fail,Medium,Walkway markings at the yard gate worn and faded
SI-2025-0107,23,Fail,Low,Statutory notice board at the mezzanine out of date
SI-2025-0107,24,Pass,,
SI-2025-0108,1,Pass,,
SI-2025-0108,2,Pass,,
SI-2025-0108,3,Pass,,
SI-2025-0108,4,Pass,,
SI-2025-0108,5,Pass,,
SI-2025-0108,6,Pass,,
SI-2025-0108,7,Pass,,
SI-2025-0108,8,Pass,,
SI-2025-0108,9,Pass,,
SI-2025-0108,10,Pass,,
SI-2025-0108,11,Pass,,
SI-2025-0108,12,Pass,,
SI-2025-0108,13,Pass,,
SI-2025-0108,14,Pass,,
SI-2025-0108,15,Pass,,
SI-2025-0108,16,Pass,,
SI-2025-0108,17,Pass,,
SI-2025-0108,18,Pass,,
SI-2025-0108,19,Pass,,
SI-2025-0108,20,Pass,,
SI-2025-0108,21,Pass,,
SI-2025-0108,22,NA,,
SI-2025-0108,23,Pass,,
SI-2025-0108,24,Pass,,
SI-2025-0109,1,Fail,Medium,Fire door at the mezzanine catches on frame and does not latch
SI-2025-0109,2,Pass,,
SI-2025-0109,3,Fail,Medium,Call point at level 2 blocked by stored materials
SI-2025-0109,4,Pass,,
SI-2025-0109,5,Pass,,
SI-2025-0109,6,NA,,
SI-2025-0109,7,Pass,,
SI-2025-0109,8,Pass,,
SI-2025-0109,9,Pass,,
SI-2025-0109,10,Pass,,
SI-2025-0109,11,Pass,,
SI-2025-0109,12,Pass,,
SI-2025-0109,13,Pass,,
SI-2025-0109,14,Pass,,
SI-2025-0109,15,Pass,,
SI-2025-0109,16,Pass,,
SI-2025-0109,17,Pass,,
SI-2025-0109,18,Pass,,
SI-2025-0109,19,Pass,,
SI-2025-0109,20,Pass,,
SI-2025-0109,21,Pass,,
SI-2025-0109,22,Pass,,
SI-2025-0109,23,Pass,,
SI-2025-0109,24,Pass,,
SI-2025-0110,1,Pass,,
SI-2025-0110,2,Pass,,
SI-2025-0110,3,Fail,High,Call point at the east exit blocked by stored materials
SI-2025-0110,4,Pass,,
SI-2025-0110,5,Pass,,
SI-2025-0110,6,Pass,,
SI-2025-0110,7,Pass,,
SI-2025-0110,8,Pass,,
SI-2025-0110,9,Pass,,
SI-2025-0110,10,Pass,,
SI-2025-0110,11,Fail,Low,Work bench at the main workshop cluttered with offcuts
SI-2025-0110,12,Pass,,
SI-2025-0110,13,Pass,,
SI-2025-0110,14,Pass,,
SI-2025-0110,15,Pass,,
SI-2025-0110,16,Pass,,
SI-2025-0110,17,Pass,,
SI-2025-0110,18,Pass,,
SI-2025-0110,19,Pass,,
SI-2025-0110,20,Pass,,
SI-2025-0110,21,Pass,,
SI-2025-0110,22,Pass,,
SI-2025-0110,23,Fail,Low,Statutory notice board at the east exit out of date
SI-2025-0110,24,Fail,Medium,No vehicle warning signage at loading bay 6 crossing
SI-2025-0111,1,Pass,,
SI-2025-0111,2,Pass,,
SI-2025-0111,3,Pass,,
SI-2025-0111,4,Pass,,
SI-2025-0111,5,Pass,,
SI-2025-0111,6,NA,,
SI-2025-0111,7,Pass,,
SI-2025-0111,8,Pass,,
SI-2025-0111,9,Pass,,
SI-2025-0111,10,Pass,,
SI-2025-0111,11,Pass,,
SI-2025-0111,12,Fail,Low,Spill kit at the welfare cabin missing absorbent pads
SI-2025-0111,13,Pass,,
SI-2025-0111,14,Pass,,
SI-2025-0111,15,Pass,,
SI-2025-0111,16,Pass,,
SI-2025-0111,17,Pass,,
SI-2025-0111,18,Pass,,
SI-2025-0111,19,Pass,,
SI-2025-0111,20,Pass,,
SI-2025-0111,21,Pass,,
SI-2025-0111,22,Pass,,
SI-2025-0111,23,Pass,,
SI-2025-0111,24,Pass,,
SI-2025-0112,1,Pass,,
SI-2025-0112,2,Pass,,
SI-2025-0112,3,Pass,,
SI-2025-0112,4,Pass,,
SI-2025-0112,5,Pass,,
SI-2025-0112,6,Pass,,
SI-2025-0112,7,Pass,,
SI-2025-0112,8,Pass,,
SI-2025-0112,9,Pass,,
SI-2025-0112,10,Pass,,
SI-2025-0112,11,Fail,Medium,Work bench at the east exit cluttered with offcuts
SI-2025-0112,12,Pass,,
SI-2025-0112,13,Pass,,
SI-2025-0112,14,Pass,,
SI-2025-0112,15,Pass,,
SI-2025-0112,16,Pass,,
SI-2025-0112,17,Pass,,
SI-2025-0112,18,Pass,,
SI-2025-0112,19,Pass,,
SI-2025-0112,20,Fail,High,COSHH register at the mezzanine not updated this quarter
SI-2025-0112,21,Pass,,
SI-2025-0112,22,Pass,,
SI-2025-0112,23,Fail,Low,Statutory notice board at the dock office out of date
SI-2025-0112,24,Fail,Low,No vehicle warning signage at the dock office crossing
SI-2025-0113,1,Pass,,
SI-2025-0113,2,Pass,,
SI-2025-0113,3,Pass,,
SI-2025-0113,4,Pass,,
SI-2025-0113,5,Pass,,
SI-2025-0113,6,Pass,,
SI-2025-0113,7,Pass,,
SI-2025-0113,8,Pass,,
SI-2025-0113,9,Pass,,
SI-2025-0113,10,Fail,Low,Waste bins overflowing at aisle 4
SI-2025-0113,11,Pass,,
SI-2025-0113,12,Pass,,
SI-2025-0113,13,Pass,,
SI-2025-0113,14,Pass,,
SI-2025-0113,15,Pass,,
SI-2025-0113,16,Pass,,
SI-2025-0113,17,Pass,,
SI-2025-0113,18,Pass,,
SI-2025-0113,19,Pass,,
SI-2025-0113,20,Fail,Low,COSHH register at level 2 not updated this quarter
SI-2025-0113,21,Pass,,
SI-2025-0113,22,Pass,,
SI-2025-0113,23,NA,,
SI-2025-0113,24,Pass,,
SI-2025-0114,1,Fail,Medium,Fire door at the welfare cabin catches on frame and does not latch
SI-2025-0114,2,Pass,,
SI-2025-0114,3,Pass,,
SI-2025-0114,4,Fail,Medium,Emergency light at aisle 4 not illuminating on test
SI-2025-0114,5,Pass,,
SI-2025-0114,6,Pass,,
SI-2025-0114,7,Pass,,
SI-2025-0114,8,Pass,,
SI-2025-0114,9,Pass,,
SI-2025-0114,10,Pass,,
SI-2025-0114,11,Pass,,
SI-2025-0114,12,Pass,,
SI-2025-0114,13,Pass,,
SI-2025-0114,14,Pass,,
SI-2025-0114,15,Pass,,
SI-2025-0114,16,Pass,,
SI-2025-0114,17,Pass,,
SI-2025-0114,18,Pass,,
SI-2025-0114,19,Pass,,
SI-2025-0114,20,Pass,,
SI-2025-0114,21,Fail,Medium,Escape route sign above bay 2 obscured by stock
SI-2025-0114,22,Pass,,
SI-2025-0114,23,Pass,,
SI-2025-0114,24,Pass,,
SI-2025-0115,1,Pass,,
SI-2025-0115,2,Pass,,
SI-2025-0115,3,Pass,,
SI-2025-0115,4,Pass,,
SI-2025-0115,5,Pass,,
SI-2025-0115,6,Pass,,
SI-2025-0115,7,Pass,,
SI-2025-0115,8,Pass,,
SI-2025-0115,9,NA,,
SI-2025-0115,10,Pass,,
SI-2025-0115,11,Pass,,
SI-2025-0115,12,Pass,,
SI-2025-0115,13,Pass,,
SI-2025-0115,14,Pass,,
SI-2025-0115,15,Pass,,
SI-2025-0115,16,Pass,,
SI-2025-0115,17,Pass,,
SI-2025-0115,18,Pass,,
SI-2025-0115,19,Pass,,
SI-2025-0115,20,Pass,,
SI-2025-0115,21,Pass,,
SI-2025-0115,22,Pass,,
SI-2025-0115,23,Pass,,
SI-2025-0115,24,NA,,
SI-2025-0116,1,Pass,,
SI-2025-0116,2,Pass,,
SI-2025-0116,3,Pass,,
SI-2025-0116,4,Pass,,
SI-2025-0116,5,Pass,,
SI-2025-0116,6,Pass,,
SI-2025-0116,7,Pass,,
SI-2025-0116,8,Pass,,
SI-2025-0116,9,Pass,,
SI-2025-0116,10,Pass,,
SI-2025-0116,11,Pass,,
SI-2025-0116,12,Pass,,
SI-2025-0116,13,Pass,,
SI-2025-0116,14,Pass,,
SI-2025-0116,15,Pass,,
SI-2025-0116,16,Pass,,
SI-2025-0116,17,Pass,,
SI-2025-0116,18,Pass,,
SI-2025-0116,19,Fail,High,Untagged stepladder in use at aisle 4
SI-2025-0116,20,Pass,,
SI-2025-0116,21,Fail,Medium,Escape route sign above the yard gate obscured by stock
SI-2025-0116,22,Pass,,
SI-2025-0116,23,Fail,Low,Statutory notice board at level 2 out of date
SI-2025-0116,24,Pass,,
SI-2025-0117,1,Pass,,
SI-2025-0117,2,Pass,,
SI-2025-0117,3,Pass,,
SI-2025-0117,4,Fail,Medium,Emergency light at the dock office not illuminating on test
SI-2025-0117,5,Pass,,
SI-2025-0117,6,Pass,,
SI-2025-0117,7,Pass,,
SI-2025-0117,8,Pass,,
SI-2025-0117,9,Pass,,
SI-2025-0117,10,Pass,,
SI-2025-0117,11,Pass,,
SI-2025-0117,12,Fail,Low,Spill kit at the yard gate missing absorbent pads
SI-2025-0117,13,NA,,
SI-2025-0117,14,Pass,,
SI-2025-0117,15,Pass,,
SI-2025-0117,16,Pass,,
SI-2025-0117,17,Pass,,
SI-2025-0117,18,Fail,Low,Overloaded top beam at the dock office
SI-2025-0117,19,Pass,,
SI-2025-0117,20,Pass,,
SI-2025-0117,21,Pass,,
SI-2025-0117,22,Pass,,
SI-2025-0117,23,Pass,,
SI-2025-0117,24,Pass,,
SI-2025-0118,1,Fail,Medium,Fire door at the mezzanine catches on frame and does not latch
SI-2025-0118,2,Pass,,
SI-2025-0118,3,Fail,Low,Call point at level 2 blocked by stored materials
SI-2025-0118,4,Pass,,
SI-2025-0118,5,Pass,,
SI-2025-0118,6,Pass,,
SI-2025-0118,7,Pass,,
SI-2025-0118,8,Pass,,
SI-2025-0118,9,Pass,,
SI-2025-0118,10,Pass,,
SI-2025-0118,11,Pass,,
SI-2025-0118,12,Pass,,
SI-2025-0118,13,Pass,,
SI-2025-0118,14,Pass,,
SI-2025-0118,15,Pass,,
SI-2025-0118,16,Fail,Medium,Welfare room at loading bay 6 without hot water
SI-2025-0118,17,Pass,,
SI-2025-0118,18,Pass,,
SI-2025-0118,19,Pass,,
SI-2025-0118,20,Pass,,
SI-2025-0118,21,Fail,High,Escape route sign above the mezzanine obscured by stock
SI-2025-0118,22,Fail,Medium,Walkway markings at the dock office worn and faded
SI-2025-0118,23,Pass,,
SI-2025-0118,24,Fail,Medium,No vehicle warning signage at the main workshop crossing
SI-2025-0119,1,Pass,,
SI-2025-0119,2,Pass,,
SI-2025-0119,3,Pass,,
SI-2025-0119,4,Pass,,
SI-2025-0119,5,Pass,,
SI-2025-0119,6,Pass,,
SI-2025-0119,7,Pass,,
SI-2025-0119,8,Pass,,
SI-2025-0119,9,Pass,,
SI-2025-0119,10,Pass,,
SI-2025-0119,11,Pass,,
SI-2025-0119,12,Pass,,
SI-2025-0119,13,Pass,,
SI-2025-0119,14,Pass,,
SI-2025-0119,15,Pass,,
SI-2025-0119,16,Pass,,
SI-2025-0119,17,Pass,,
SI-2025-0119,18,Pass,,
SI-2025-0119,19,Pass,,
SI-2025-0119,20,Pass,,
SI-2025-0119,21,Pass,,
SI-2025-0119,22,Pass,,
SI-2025-0119,23,Pass,,
SI-2025-0119,24,Pass,,
SI-2025-0120,1,Pass,,
SI-2025-0120,2,NA,,
SI-2025-0120,3,NA,,
SI-2025-0120,4,Pass,,
SI-2025-0120,5,Pass,,
SI-2025-0120,6,Pass,,
SI-2025-0120,7,Pass,,
SI-2025-0120,8,Pass,,
SI-2025-0120,9,Pass,,
SI-2025-0120,10,Fail,Low,Waste bins overflowing at the welfare cabin
SI-2025-0120,11,Fail,Low,Work bench at the yard gate cluttered with offcuts
SI-2025-0120,12,Pass,,
SI-2025-0120,13,Pass,,
SI-2025-0120,14,Pass,,
SI-2025-0120,15,Pass,,
SI-2025-0120,16,Pass,,
SI-2025-0120,17,Pass,,
SI-2025-0120,18,Pass,,
SI-2025-0120,19,Pass,,
SI-2025-0120,20,Fail,High,COSHH register at level 2 not updated this quarter
SI-2025-0120,21,Pass,,
SI-2025-0120,22,Pass,,
SI-2025-0120,23,Pass,,
SI-2025-0120,24,Pass,,
SI-2025-0121,1,Pass,,
SI-2025-0121,2,Pass,,
SI-2025-0121,3,Fail,Medium,Call point at the yard gate blocked by stored materials
SI-2025-0121,4,Pass,,
SI-2025-0121,5,Pass,,
SI-2025-0121,6,Pass,,
SI-2025-0121,7,Pass,,
SI-2025-0121,8,Pass,,
SI-2025-0121,9,NA,,
SI-2025-0121,10,Pass,,
SI-2025-0121,11,Pass,,
SI-2025-0121,12,Pass,,
SI-2025-0121,13,NA,,
SI-2025-0121,14,Pass,,
SI-2025-0121,15,Fail,High,Operative without hi-vis near the yard gate
SI-2025-0121,16,Pass,,
SI-2025-0121,17,Pass,,
SI-2025-0121,18,Pass,,
SI-2025-0121,19,Pass,,
SI-2025-0121,20,Pass,,
SI-2025-0121,21,Pass,,
SI-2025-0121,22,Pass,,
SI-2025-0121,23,Pass,,
SI-2025-0121,24,Pass,,
SI-2025-0122,1,Pass,,
SI-2025-0122,2,Pass,,
SI-2025-0122,3,Pass,,
SI-2025-0122,4,Pass,,
SI-2025-0122,5,Pass,,
SI-2025-0122,6,Pass,,
SI-2025-0122,7,Pass,,
SI-2025-0122,8,Pass,,
SI-2025-0122,9,Pass,,
SI-2025-0122,10,Pass,,
SI-2025-0122,11,Pass,,
SI-2025-0122,12,Pass,,
SI-2025-0122,13,Pass,,
SI-2025-0122,14,Pass,,
SI-2025-0122,15,Pass,,
SI-2025-0122,16,Pass,,
SI-2025-0122,17,Fail,Medium,Racking tag at bay 2 out of date
SI-2025-0122,18,Fail,High,Overloaded top beam at the east exit
SI-2025-0122,19,Pass,,
SI-2025-0122,20,Pass,,
SI-2025-0122,21,Pass,,
SI-2025-0122,22,Pass,,
SI-2025-0122,23,Pass,,
SI-2025-0122,24,Fail,Low,No vehicle warning signage at the north stairwell crossing
SI-2025-0123,1,Pass,,
SI-2025-0123,2,Pass,,
SI-2025-0123,3,Fail,Medium,Call point at loading bay 6 blocked by stored materials
SI-2025-0123,4,Pass,,
SI-2025-0123,5,Pass,,
SI-2025-0123,6,Pass,,
SI-2025-0123,7,Pass,,
SI-2025-0123,8,Pass,,
SI-2025-0123,9,Pass,,
SI-2025-0123,10,Pass,,
SI-2025-0123,11,Pass,,
SI-2025-0123,12,Pass,,
SI-2025-0123,13,Pass,,
SI-2025-0123,14,Pass,,
SI-2025-0123,15,Pass,,
SI-2025-0123,16,Pass,,
SI-2025-0123,17,Pass,,
SI-2025-0123,18,Pass,,
SI-2025-0123,19,Fail,Low,Untagged stepladder in use at loading bay 6
SI-2025-0123,20,Pass,,
SI-2025-0123,21,Pass,,
SI-2025-0123,22,Fail,Low,Walkway markings at the dock office worn and faded
SI-2025-0123,23,Pass,,
SI-2025-0123,24,Pass,,
SI-2025-0124,1,Pass,,
SI-2025-0124,2,Pass,,
SI-2025-0124,3,Pass,,
SI-2025-0124,4,Pass,,
SI-2025-0124,5,Fail,Medium,PAT label at loading bay 6 expired
SI-2025-0124,6,NA,,
SI-2025-0124,7,Pass,,
SI-2025-0124,8,Pass,,
SI-2025-0124,9,Pass,,
SI-2025-0124,10,Fail,Low,Waste bins overflowing at the north stairwell
SI-2025-0124,11,Pass,,
SI-2025-0124,12,Pass,,
SI-2025-0124,13,Fail,Medium,Eye-wash bottle at level 2 past expiry
SI-2025-0124,14,Fail,Low,First-aid kit at the mezzanine missing dressings
SI-2025-0124,15,Pass,,
SI-2025-0124,16,Pass,,
SI-2025-0124,17,Pass,,
SI-2025-0124,18,Pass,,
SI-2025-0124,19,Pass,,
SI-2025-0124,20,Fail,Low,COSHH register at store B not updated this quarter
SI-2025-0124,21,Pass,,
SI-2025-0124,22,Pass,,
SI-2025-0124,23,Pass,,
SI-2025-0124,24,Pass,,
SI-2025-0125,1,Pass,,
SI-2025-0125,2,Pass,,
SI-2025-0125,3,Fail,Low,Call point at the yard gate blocked by stored materials
SI-2025-0125,4,Pass,,
SI-2025-0125,5,Pass,,
SI-2025-0125,6,Pass,,
SI-2025-0125,7,Pass,,
SI-2025-0125,8,Pass,,
SI-2025-0125,9,Pass,,
SI-2025-0125,10,Pass,,
SI-2025-0125,11,NA,,
SI-2025-0125,12,Pass,,
SI-2025-0125,13,Pass,,
SI-2025-0125,14,Pass,,
SI-2025-0125,15,Pass,,
SI-2025-0125,16,Pass,,
SI-2025-0125,17,Pass,,
SI-2025-0125,18,Pass,,
SI-2025-0125,19,Pass,,
SI-2025-0125,20,Pass,,
SI-2025-0125,21,Pass,,
SI-2025-0125,22,Pass,,
SI-2025-0125,23,Pass,,
SI-2025-0125,24,Pass,,
SI-2025-0126,1,Pass,,
SI-2025-0126,2,Pass,,
SI-2025-0126,3,Pass,,
SI-2025-0126,4,Pass,,
SI-2025-0126,5,NA,,
SI-2025-0126,6,Pass,,
SI-2025-0126,7,Pass,,
SI-2025-0126,8,Pass,,
SI-2025-0126,9,Pass,,
SI-2025-0126,10,Pass,,
SI-2025-0126,11,Pass,,
SI-2025-0126,12,Pass,,
SI-2025-0126,13,Pass,,
SI-2025-0126,14,Pass,,
SI-2025-0126,15,Fail,Low,Operative without hi-vis near loading bay 6
SI-2025-0126,16,Pass,,
SI-2025-0126,17,Pass,,
SI-2025-0126,18,Fail,High,Overloaded top beam at the dock office
SI-2025-0126,19,Pass,,
SI-2025-0126,20,Pass,,
SI-2025-0126,21,Pass,,
SI-2025-0126,22,Pass,,
SI-2025-0126,23,Pass,,
SI-2025-0126,24,Pass,,
SI-2025-0127,1,Pass,,
SI-2025-0127,2,Fail,Low,Extinguisher at store B past its service date
SI-2025-0127,3,Pass,,
SI-2025-0127,4,Pass,,
SI-2025-0127,5,Pass,,
SI-2025-0127,6,Pass,,
SI-2025-0127,7,Fail,Low,Damaged extension lead in use at the main workshop
SI-2025-0127,8,Pass,,
SI-2025-0127,9,Pass,,
SI-2025-0127,10,Pass,,
SI-2025-0127,11,Pass,,
SI-2025-0127,12,Pass,,
SI-2025-0127,13,Fail,Low,Eye-wash bottle at loading bay 6 past expiry
SI-2025-0127,14,Pass,,
SI-2025-0127,15,Pass,,
SI-2025-0127,16,Pass,,
SI-2025-0127,17,Pass,,
SI-2025-0127,18,Pass,,
SI-2025-0127,19,Pass,,
SI-2025-0127,20,Fail,Low,COSHH register at the main workshop not updated this quarter
SI-2025-0127,21,Fail,High,Escape route sign above the north stairwell obscured by stock
SI-2025-0127,22,Pass,,
SI-2025-0127,23,Pass,,
SI-2025-0127,24,Fail,Low,No vehicle warning signage at the yard gate crossing
SI-2025-0128,1,Pass,,
SI-2025-0128,2,Pass,,
SI-2025-0128,3,Pass,,
SI-2025-0128,4,Pass,,
SI-2025-0128,5,Pass,,
SI-2025-0128,6,Pass,,
SI-2025-0128,7,Pass,,
SI-2025-0128,8,Pass,,
SI-2025-0128,9,Pass,,
SI-2025-0128,10,Pass,,
SI-2025-0128,11,Pass,,
SI-2025-0128,12,Pass,,
SI-2025-0128,13,Pass,,
SI-2025-0128,14,Pass,,
SI-2025-0128,15,Pass,,
SI-2025-0128,16,Pass,,
SI-2025-0128,17,Pass,,
SI-2025-0128,18,Pass,,
SI-2025-0128,19,Pass,,
SI-2025-0128,20,Pass,,
SI-2025-0128,21,Pass,,
SI-2025-0128,22,Fail,Medium,Walkway markings at the main workshop worn and faded
SI-2025-0128,23,Pass,,
SI-2025-0128,24,Fail,Low,No vehicle warning signage at the main workshop crossing
SI-2025-0129,1,Pass,,
SI-2025-0129,2,Pass,,
SI-2025-0129,3,Fail,Low,Call point at the north stairwell blocked by stored materials
SI-2025-0129,4,Pass,,
SI-2025-0129,5,Pass,,
SI-2025-0129,6,Pass,,
SI-2025-0129,7,Pass,,
SI-2025-0129,8,Pass,,
SI-2025-0129,9,Pass,,
SI-2025-0129,10,Pass,,
SI-2025-0129,11,Pass,,
SI-2025-0129,12,Pass,,
SI-2025-0129,13,Pass,,
SI-2025-0129,14,Fail,Low,First-aid kit at store B missing dressings
SI-2025-0129,15,Pass,,
SI-2025-0129,16,Pass,,
SI-2025-0129,17,Pass,,
SI-2025-0129,18,Pass,,
SI-2025-0129,19,Pass,,
SI-2025-0129,20,Pass,,
SI-2025-0129,21,Pass,,
SI-2025-0129,22,Pass,,
SI-2025-0129,23,Pass,,
SI-2025-0129,24,Pass,,
SI-2025-0130,1,Fail,Medium,Fire door at the yard gate catches on frame and does not latch
SI-2025-0130,2,NA,,
SI-2025-0130,3,Pass,,
SI-2025-0130,4,Pass,,
SI-2025-0130,5,Pass,,
SI-2025-0130,6,Pass,,
SI-2025-0130,7,Pass,,
SI-2025-0130,8,Pass,,
SI-2025-0130,9,Pass,,
SI-2025-0130,10,Pass,,
SI-2025-0130,11,Pass,,
SI-2025-0130,12,Pass,,
SI-2025-0130,13,Pass,,
SI-2025-0130,14,Pass,,
SI-2025-0130,15,Pass,,
SI-2025-0130,16,Pass,,
SI-2025-0130,17,Pass,,
SI-2025-0130,18,Pass,,
SI-2025-0130,19,Pass,,
SI-2025-0130,20,Pass,,
SI-2025-0130,21,Pass,,
SI-2025-0130,22,Pass,,
SI-2025-0130,23,Pass,,
SI-2025-0130,24,Fail,Low,No vehicle warning signage at store B crossing
SI-2025-0131,1,Fail,Low,Fire door at level 2 catches on frame and does not latch
SI-2025-0131,2,Pass,,
SI-2025-0131,3,Pass,,
SI-2025-0131,4,Pass,,
SI-2025-0131,5,Fail,High,PAT label at the welfare cabin expired
SI-2025-0131,6,Pass,,
SI-2025-0131,7,Pass,,
SI-2025-0131,8,Pass,,
SI-2025-0131,9,NA,,
SI-2025-0131,10,Fail,Medium,Waste bins overflowing at aisle 4
SI-2025-0131,11,Pass,,
SI-2025-0131,12,Fail,High,Spill kit at the north stairwell missing absorbent pads
SI-2025-0131,13,Pass,,
SI-2025-0131,14,Pass,,
SI-2025-0131,15,NA,,
SI-2025-0131,16,Pass,,
SI-2025-0131,17,Fail,Medium,Racking tag at store B out of date
SI-2025-0131,18,Pass,,
SI-2025-0131,19,Pass,,
SI-2025-0131,20,Fail,Low,COSHH register at the welfare cabin not updated this quarter
SI-2025-0131,21,Fail,Low,Escape route sign above the welfare cabin obscured by stock
SI-2025-0131,22,Pass,,
SI-2025-0131,23,Pass,,
SI-2025-0131,24,Pass,,
SI-2025-0132,1,Pass,,
SI-2025-0132,2,Pass,,
SI-2025-0132,3,Pass,,
SI-2025-0132,4,Pass,,
SI-2025-0132,5,Pass,,
SI-2025-0132,6,Pass,,
SI-2025-0132,7,Pass,,
SI-2025-0132,8,Pass,,
SI-2025-0132,9,Pass,,
SI-2025-0132,10,Pass,,
SI-2025-0132,11,Pass,,
SI-2025-0132,12,Pass,,
SI-2025-0132,13,Fail,Low,Eye-wash bottle at the main workshop past expiry
SI-2025-0132,14,Pass,,
SI-2025-0132,15,Pass,,
SI-2025-0132,16,Pass,,
SI-2025-0132,17,Pass,,
SI-2025-0132,18,Pass,,
SI-2025-0132,19,Pass,,
SI-2025-0132,20,Pass,,
SI-2025-0132,21,Fail,Medium,Escape route sign above aisle 4 obscured by stock
SI-2025-0132,22,Pass,,
SI-2025-0132,23,Pass,,
SI-2025-0132,24,Fail,Low,No vehicle warning signage at the mezzanine crossing
SI-2025-0133,1,Pass,,
SI-2025-0133,2,Fail,Low,Extinguisher at the main workshop past its service date
SI-2025-0133,3,Pass,,
SI-2025-0133,4,Pass,,
SI-2025-0133,5,Pass,,
SI-2025-0133,6,NA,,
SI-2025-0133,7,Pass,,
SI-2025-0133,8,Pass,,
SI-2025-0133,9,Pass,,
SI-2025-0133,10,Fail,Low,Waste bins overflowing at bay 2
SI-2025-0133,11,Pass,,
SI-2025-0133,12,Pass,,
SI-2025-0133,13,Pass,,
SI-2025-0133,14,Pass,,
SI-2025-0133,15,Pass,,
SI-2025-0133,16,Fail,Low,Welfare room at the north stairwell without hot water
SI-2025-0133,17,Fail,Medium,Racking tag at bay 2 out of date
SI-2025-0133,18,Pass,,
SI-2025-0133,19,Pass,,
SI-2025-0133,20,Pass,,
SI-2025-0133,21,Pass,,
SI-2025-0133,22,Pass,,
SI-2025-0133,23,Pass,,
SI-2025-0133,24,Fail,Low,No vehicle warning signage at the east exit crossing
SI-2025-0134,1,NA,,
SI-2025-0134,2,Pass,,
SI-2025-0134,3,Pass,,
SI-2025-0134,4,Pass,,
SI-2025-0134,5,Pass,,
SI-2025-0134,6,Pass,,
SI-2025-0134,7,Fail,Medium,Damaged extension lead in use at the welfare cabin
SI-2025-0134,8,Pass,,
SI-2025-0134,9,Pass,,
SI-2025-0134,10,Pass,,
SI-2025-0134,11,Pass,,
SI-2025-0134,12,Pass,,
SI-2025-0134,13,Pass,,
SI-2025-0134,14,Pass,,
SI-2025-0134,15,Pass,,
SI-2025-0134,16,Pass,,
SI-2025-0134,17,Pass,,
SI-2025-0134,18,Fail,Medium,Overloaded top beam at bay 2
SI-2025-0134,19,Pass,,
SI-2025-0134,20,Pass,,
SI-2025-0134,21,Pass,,
SI-2025-0134,22,Fail,Low,Walkway markings at loading bay 6 worn and faded
SI-2025-0134,23,NA,,
SI-2025-0134,24,Pass,,
SI-2025-0135,1,NA,,
SI-2025-0135,2,Pass,,
SI-2025-0135,3,Pass,,
SI-2025-0135,4,Fail,High,Emergency light at the main workshop not illuminating on test
SI-2025-0135,5,Pass,,
SI-2025-0135,6,Pass,,
SI-2025-0135,7,Pass,,
SI-2025-0135,8,Pass,,
SI-2025-0135,9,Pass,,
SI-2025-0135,10,Pass,,
SI-2025-0135,11,Pass,,
SI-2025-0135,12,Pass,,
SI-2025-0135,13,Pass,,
SI-2025-0135,14,Fail,Low,First-aid kit at the mezzanine missing dressings
SI-2025-0135,15,Pass,,
SI-2025-0135,16,Pass,,
SI-2025-0135,17,Fail,Medium,Racking tag at the mezzanine out of date
SI-2025-0135,18,Pass,,
SI-2025-0135,19,Pass,,
SI-2025-0135,20,Pass,,
SI-2025-0135,21,Pass,,
SI-2025-0135,22,Pass,,
SI-2025-0135,23,Fail,Medium,Statutory notice board at the welfare cabin out of date
SI-2025-0135,24,Pass,,
SI-2025-0136,1,Pass,,
SI-2025-0136,2,Pass,,
SI-2025-0136,3,Pass,,
SI-2025-0136,4,Pass,,
SI-2025-0136,5,Pass,,
SI-2025-0136,6,Pass,,
SI-2025-0136,7,Pass,,
SI-2025-0136,8,Pass,,
SI-2025-0136,9,Pass,,
SI-2025-0136,10,Pass,,
SI-2025-0136,11,Pass,,
SI-2025-0136,12,Pass,,
SI-2025-0136,13,Pass,,
SI-2025-0136,14,Pass,,
SI-2025-0136,15,Pass,,
SI-2025-0136,16,Pass,,
SI-2025-0136,17,Pass,,
SI-2025-0136,18,Pass,,
SI-2025-0136,19,Pass,,
SI-2025-0136,20,Pass,,
SI-2025-0136,21,Pass,,
SI-2025-0136,22,Pass,,
SI-2025-0136,23,Pass,,
SI-2025-0136,24,Pass,,
SI-2025-0137,1,Pass,,
SI-2025-0137,2,Pass,,
SI-2025-0137,3,Pass,,
SI-2025-0137,4,NA,,
SI-2025-0137,5,Fail,Medium,PAT label at loading bay 6 expired
SI-2025-0137,6,NA,,
SI-2025-0137,7,Pass,,
SI-2025-0137,8,Fail,Medium,Isolation switch at store B obstructed
SI-2025-0137,9,Pass,,
SI-2025-0137,10,Pass,,
SI-2025-0137,11,Pass,,
SI-2025-0137,12,Pass,,
SI-2025-0137,13,Pass,,
SI-2025-0137,14,Pass,,
SI-2025-0137,15,Pass,,
SI-2025-0137,16,Pass,,
SI-2025-0137,17,Pass,,
SI-2025-0137,18,Pass,,
SI-2025-0137,19,Pass,,
SI-2025-0137,20,Pass,,
SI-2025-0137,21,Pass,,
SI-2025-0137,22,Pass,,
SI-2025-0137,23,Pass,,
SI-2025-0137,24,Fail,Low,No vehicle warning signage at the main workshop crossing
SI-2025-0138,1,Pass,,
SI-2025-0138,2,Fail,Medium,Extinguisher at bay 2 past its service date
SI-2025-0138,3,NA,,
SI-2025-0138,4,Pass,,
SI-2025-0138,5,Pass,,
SI-2025-0138,6,Pass,,
SI-2025-0138,7,Pass,,
SI-2025-0138,8,Pass,,
SI-2025-0138,9,Pass,,
SI-2025-0138,10,Pass,,
SI-2025-0138,11,Pass,,
SI-2025-0138,12,Fail,High,Spill kit at the mezzanine missing absorbent pads
SI-2025-0138,13,Pass,,
SI-2025-0138,14,Pass,,
SI-2025-0138,15,Fail,Medium,Operative without hi-vis near the welfare cabin
SI-2025-0138,16,Pass,,
SI-2025-0138,17,Fail,Low,Racking tag at bay 2 out of date
SI-2025-0138,18,Fail,Low,Overloaded top beam at the welfare cabin
SI-2025-0138,19,Pass,,
SI-2025-0138,20,Pass,,
SI-2025-0138,21,Pass,,
SI-2025-0138,22,Pass,,
SI-2025-0138,23,Fail,Medium,Statutory notice board at the main workshop out of date
SI-2025-0138,24,Pass,,
SI-2025-0139,1,Pass,,
SI-2025-0139,2,Pass,,
SI-2025-0139,3,Fail,Medium,Call point at level 2 blocked by stored materials
SI-2025-0139,4,Pass,,
SI-2025-0139,5,Pass,,
SI-2025-0139,6,Pass,,
SI-2025-0139,7,Pass,,
SI-2025-0139,8,Pass,,
SI-2025-0139,9,Pass,,
SI-2025-0139,10,Pass,,
SI-2025-0139,11,Fail,Medium,Work bench at loading bay 6 cluttered with offcuts
SI-2025-0139,12,NA,,
SI-2025-0139,13,Pass,,
SI-2025-0139,14,Pass,,
SI-2025-0139,15,Pass,,
SI-2025-0139,16,Pass,,
SI-2025-0139,17,Pass,,
SI-2025-0139,18,Pass,,
SI-2025-0139,19,Pass,,
SI-2025-0139,20,Pass,,
SI-2025-0139,21,Pass,,
SI-2025-0139,22,Fail,Low,Walkway markings at the north stairwell worn and faded
SI-2025-0139,23,Pass,,
SI-2025-0139,24,NA,,
SI-2025-0140,1,Fail,Low,Fire door at the north stairwell catches on frame and does not latch
SI-2025-0140,2,Pass,,
SI-2025-0140,3,Pass,,
SI-2025-0140,4,Pass,,
SI-2025-0140,5,Pass,,
SI-2025-0140,6,Pass,,
SI-2025-0140,7,Pass,,
SI-2025-0140,8,Fail,Low,Isolation switch at the dock office obstructed
SI-2025-0140,9,Pass,,
SI-2025-0140,10,Pass,,
SI-2025-0140,11,Pass,,
SI-2025-0140,12,Pass,,
SI-2025-0140,13,Pass,,
SI-2025-0140,14,Pass,,
SI-2025-0140,15,Pass,,
SI-2025-0140,16,Pass,,
SI-2025-0140,17,Pass,,
SI-2025-0140,18,NA,,
SI-2025-0140,19,Pass,,
SI-2025-0140,20,Pass,,
SI-2025-0140,21,Pass,,
SI-2025-0140,22,NA,,
SI-2025-0140,23,Fail,Medium,Statutory notice board at store B out of date
SI-2025-0140,24,Pass,,
SI-2025-0141,1,Pass,,
SI-2025-0141,2,Pass,,
SI-2025-0141,3,Pass,,
SI-2025-0141,4,Pass,,
SI-2025-0141,5,Pass,,
SI-2025-0141,6,Pass,,
SI-2025-0141,7,Pass,,
SI-2025-0141,8,Pass,,
SI-2025-0141,9,Pass,,
SI-2025-0141,10,Pass,,
SI-2025-0141,11,Pass,,
SI-2025-0141,12,Pass,,
SI-2025-0141,13,Pass,,
SI-2025-0141,14,Pass,,
SI-2025-0141,15,Pass,,
SI-2025-0141,16,Pass,,
SI-2025-0141,17,Pass,,
SI-2025-0141,18,Pass,,
SI-2025-0141,19,Pass,,
SI-2025-0141,20,Fail,High,COSHH register at the welfare cabin not updated this quarter
SI-2025-0141,21,Pass,,
SI-2025-0141,22,Fail,Medium,Walkway markings at the mezzanine worn and faded
SI-2025-0141,23,Pass,,
SI-2025-0141,24,Fail,Low,No vehicle warning signage at the east exit crossing
SI-2025-0142,1,Pass,,
SI-2025-0142,2,Fail,Low,Extinguisher at the mezzanine past its service date
SI-2025-0142,3,Fail,Low,Call point at bay 2 blocked by stored materials
SI-2025-0142,4,Pass,,
SI-2025-0142,5,Pass,,
SI-2025-0142,6,Pass,,
SI-2025-0142,7,Pass,,
SI-2025-0142,8,Pass,,
SI-2025-0142,9,Pass,,
SI-2025-0142,10,Fail,Low,Waste bins overflowing at the yard gate
SI-2025-0142,11,Fail,Medium,Work bench at store B cluttered with offcuts
SI-2025-0142,12,Pass,,
SI-2025-0142,13,Pass,,
SI-2025-0142,14,Pass,,
SI-2025-0142,15,Pass,,
SI-2025-0142,16,Pass,,
SI-2025-0142,17,Pass,,
SI-2025-0142,18,Pass,,
SI-2025-0142,19,Pass,,
SI-2025-0142,20,Pass,,
SI-2025-0142,21,Fail,Low,Escape route sign above loading bay 6 obscured by stock
SI-2025-0142,22,Fail,Low,Walkway markings at aisle 4 worn and faded
SI-2025-0142,23,NA,,
SI-2025-0142,24,Pass,,
SI-2025-0143,1,Pass,,
SI-2025-0143,2,Fail,Medium,Extinguisher at the north stairwell past its service date
SI-2025-0143,3,Pass,,
SI-2025-0143,4,Pass,,
SI-2025-0143,5,Fail,Medium,PAT label at loading bay 6 expired
SI-2025-0143,6,Pass,,
SI-2025-0143,7,Pass,,
SI-2025-0143,8,Pass,,
SI-2025-0143,9,Pass,,
SI-2025-0143,10,Pass,,
SI-2025-0143,11,Pass,,
SI-2025-0143,12,Pass,,
SI-2025-0143,13,Pass,,
SI-2025-0143,14,Pass,,
SI-2025-0143,15,Pass,,
SI-2025-0143,16,Pass,,
SI-2025-0143,17,Pass,,
SI-2025-0143,18,Pass,,
SI-2025-0143,19,Pass,,
SI-2025-0143,20,Pass,,
SI-2025-0143,21,Pass,,
SI-2025-0143,22,Pass,,
SI-2025-0143,23,Pass,,
SI-2025-0143,24,Pass,,
SI-2025-0144,1,NA,,
SI-2025-0144,2,Pass,,
SI-2025-0144,3,Pass,,
SI-2025-0144,4,Fail,Medium,Emergency light at the north stairwell not illuminating on test
SI-2025-0144,5,Pass,,
SI-2025-0144,6,Pass,,
SI-2025-0144,7,Pass,,
SI-2025-0144,8,Pass,,
SI-2025-0144,9,Pass,,
SI-2025-0144,10,Pass,,
SI-2025-0144,11,Pass,,
SI-2025-0144,12,Pass,,
SI-2025-0144,13,Pass,,
SI-2025-0144,14,Pass,,
SI-2025-0144,15,Pass,,
SI-2025-0144,16,Pass,,
SI-2025-0144,17,Pass,,
SI-2025-0144,18,Pass,,
SI-2025-0144,19,Pass,,
SI-2025-0144,20,Pass,,
SI-2025-0144,21,Pass,,
SI-2025-0144,22,Pass,,
SI-2025-0144,23,Pass,,
SI-2025-0144,24,NA,,
SI-2025-0145,1,Fail,Low,Fire door at the main workshop catches on frame and does not latch
SI-2025-0145,2,Pass,,
SI-2025-0145,3,Fail,Medium,Call point at aisle 4 blocked by stored materials
SI-2025-0145,4,Pass,,
SI-2025-0145,5,Pass,,
SI-2025-0145,6,Pass,,
SI-2025-0145,7,Pass,,
SI-2025-0145,8,Fail,High,Isolation switch at the yard gate obstructed
SI-2025-0145,9,Pass,,
SI-2025-0145,10,Pass,,
SI-2025-0145,11,Pass,,
SI-2025-0145,12,Pass,,
SI-2025-0145,13,NA,,
SI-2025-0145,14,Pass,,
SI-2025-0145,15,Pass,,
SI-2025-0145,16,Fail,High,Welfare room at store B without hot water
SI-2025-0145,17,Pass,,
SI-2025-0145,18,Fail,Medium,Overloaded top beam at level 2
SI-2025-0145,19,Pass,,
SI-2025-0145,20,Pass,,
SI-2025-0145,21,Pass,,
SI-2025-0145,22,Pass,,
SI-2025-0145,23,Pass,,
SI-2025-0145,24,Pass,,
SI-2025-0146,1,Fail,Low,Fire door at the mezzanine catches on frame and does not latch
SI-2025-0146,2,Pass,,
SI-2025-0146,3,Pass,,
SI-2025-0146,4,Pass,,
SI-2025-0146,5,Pass,,
SI-2025-0146,6,Pass,,
SI-2025-0146,7,Pass,,
SI-2025-0146,8,Pass,,
SI-2025-0146,9,Pass,,
SI-2025-0146,10,Pass,,
SI-2025-0146,11,Pass,,
SI-2025-0146,12,Pass,,
SI-2025-0146,13,Pass,,
SI-2025-0146,14,Pass,,
SI-2025-0146,15,Pass,,
SI-2025-0146,16,Pass,,
SI-2025-0146,17,Fail,Low,Racking tag at the welfare cabin out of date
SI-2025-0146,18,Pass,,
SI-2025-0146,19,Pass,,
SI-2025-0146,20,Pass,,
SI-2025-0146,21,Pass,,
SI-2025-0146,22,NA,,
SI-2025-0146,23,Pass,,
SI-2025-0146,24,Pass,,
SI-2025-0147,1,Pass,,
SI-2025-0147,2,Pass,,
SI-2025-0147,3,Pass,,
SI-2025-0147,4,Pass,,
SI-2025-0147,5,Pass,,
SI-2025-0147,6,NA,,
SI-2025-0147,7,Pass,,
SI-2025-0147,8,Pass,,
SI-2025-0147,9,Pass,,
SI-2025-0147,10,Pass,,
SI-2025-0147,11,Pass,,
SI-2025-0147,12,Pass,,
SI-2025-0147,13,Pass,,
SI-2025-0147,14,Pass,,
SI-2025-0147,15,Fail,Low,Operative without hi-vis near the main workshop
SI-2025-0147,16,Pass,,
SI-2025-0147,17,Pass,,
SI-2025-0147,18,Pass,,
SI-2025-0147,19,Pass,,
SI-2025-0147,20,Fail,Medium,COSHH register at the main workshop not updated this quarter
SI-2025-0147,21,Pass,,
SI-2025-0147,22,Pass,,
SI-2025-0147,23,Fail,Medium,Statutory notice board at store B out of date
SI-2025-0147,24,Pass,,
SI-2025-0148,1,Pass,,
SI-2025-0148,2,Pass,,
SI-2025-0148,3,Pass,,
SI-2025-0148,4,Pass,,
SI-2025-0148,5,Fail,Medium,PAT label at the east exit expired
SI-2025-0148,6,Fail,Medium,Distribution board at the main workshop left open and unlabelled
SI-2025-0148,7,Pass,,
SI-2025-0148,8,Pass,,
SI-2025-0148,9,Fail,High,Pallets staged on pedestrian route near the welfare cabin
SI-2025-0148,10,Pass,,
SI-2025-0148,11,Pass,,
SI-2025-0148,12,Pass,,
SI-2025-0148,13,Pass,,
SI-2025-0148,14,Pass,,
SI-2025-0148,15,Pass,,
SI-2025-0148,16,Pass,,
SI-2025-0148,17,NA,,
SI-2025-0148,18,Pass,,
SI-2025-0148,19,Fail,Low,Untagged stepladder in use at the welfare cabin
SI-2025-0148,20,Pass,,
SI-2025-0148,21,Pass,,
SI-2025-0148,22,Pass,,
SI-2025-0148,23,Fail,Medium,Statutory notice board at the welfare cabin out of date
SI-2025-0148,24,Pass,,
SI-2025-0149,1,Pass,,
SI-2025-0149,2,Pass,,
SI-2025-0149,3,Pass,,
SI-2025-0149,4,Pass,,
SI-2025-0149,5,Pass,,
SI-2025-0149,6,Pass,,
SI-2025-0149,7,Pass,,
SI-2025-0149,8,NA,,
SI-2025-0149,9,Pass,,
SI-2025-0149,10,Pass,,
SI-2025-0149,11,Fail,Low,Work bench at loading bay 6 cluttered with offcuts
SI-2025-0149,12,Pass,,
SI-2025-0149,13,Pass,,
SI-2025-0149,14,Pass,,
SI-2025-0149,15,Pass,,
SI-2025-0149,16,Pass,,
SI-2025-0149,17,Fail,Low,Racking tag at the mezzanine out of date
SI-2025-0149,18,Pass,,
SI-2025-0149,19,Pass,,
SI-2025-0149,20,Pass,,
SI-2025-0149,21,Pass,,
SI-2025-0149,22,Fail,High,Walkway markings at the mezzanine worn and faded
SI-2025-0149,23,Pass,,
SI-2025-0149,24,Pass,,
SI-2025-0150,1,Pass,,
SI-2025-0150,2,Fail,Low,Extinguisher at level 2 past its service date
SI-2025-0150,3,Pass,,
SI-2025-0150,4,NA,,
SI-2025-0150,5,Fail,Low,PAT label at the north stairwell expired
SI-2025-0150,6,Pass,,
SI-2025-0150,7,Pass,,
SI-2025-0150,8,Pass,,
SI-2025-0150,9,Pass,,
SI-2025-0150,10,Pass,,
SI-2025-0150,11,Pass,,
SI-2025-0150,12,Pass,,
SI-2025-0150,13,Pass,,
SI-2025-0150,14,Pass,,
SI-2025-0150,15,Pass,,
SI-2025-0150,16,Pass,,
SI-2025-0150,17,Pass,,
SI-2025-0150,18,Pass,,
SI-2025-0150,19,Pass,,
SI-2025-0150,20,Pass,,
SI-2025-0150,21,Pass,,
SI-2025-0150,22,Pass,,
SI-2025-0150,23,Pass,,
SI-2025-0150,24,Pass,,
SI-2025-0151,1,Pass,,
SI-2025-0151,2,Fail,Medium,Extinguisher at aisle 4 past its service date
SI-2025-0151,3,Pass,,
SI-2025-0151,4,Fail,Medium,Emergency light at aisle 4 not illuminating on test
SI-2025-0151,5,Pass,,
SI-2025-0151,6,Pass,,
SI-2025-0151,7,Pass,,
SI-2025-0151,8,Pass,,
SI-2025-0151,9,Pass,,
SI-2025-0151,10,Pass,,
SI-2025-0151,11,Pass,,
SI-2025-0151,12,Pass,,
SI-2025-0151,13,Pass,,
SI-2025-0151,14,Pass,,
SI-2025-0151,15,Pass,,
SI-2025-0151,16,Pass,,
SI-2025-0151,17,Pass,,
SI-2025-0151,18,Pass,,
SI-2025-0151,19,Pass,,
SI-2025-0151,20,Fail,Low,COSHH register at the dock office not updated this quarter
SI-2025-0151,21,Fail,Medium,Escape route sign above the yard gate obscured by stock
SI-2025-0151,22,Fail,Low,Walkway markings at level 2 worn and faded
SI-2025-0151,23,Pass,,
SI-2025-0151,24,Pass,,
SI-2025-0152,1,Pass,,
SI-2025-0152,2,Pass,,
SI-2025-0152,3,Pass,,
SI-2025-0152,4,Fail,Low,Emergency light at the north stairwell not illuminating on test
SI-2025-0152,5,Pass,,
SI-2025-0152,6,Pass,,
SI-2025-0152,7,Pass,,
SI-2025-0152,8,Pass,,
SI-2025-0152,9,Fail,Low,Pallets staged on pedestrian route near the north stairwell
SI-2025-0152,10,Pass,,
SI-2025-0152,11,Pass,,
SI-2025-0152,12,Pass,,
SI-2025-0152,13,Fail,Low,Eye-wash bottle at loading bay 6 past expiry
SI-2025-0152,14,Pass,,
SI-2025-0152,15,Pass,,
SI-2025-0152,16,Pass,,
SI-2025-0152,17,Pass,,
SI-2025-0152,18,Pass,,
SI-2025-0152,19,Pass,,
SI-2025-0152,20,NA,,
SI-2025-0152,21,Pass,,
SI-2025-0152,22,Pass,,
SI-2025-0152,23,Pass,,
SI-2025-0152,24,Pass,,
SI-2025-0153,1,Pass,,
SI-2025-0153,2,Pass,,
SI-2025-0153,3,Pass,,
SI-2025-0153,4,Pass,,
SI-2025-0153,5,Pass,,
SI-2025-0153,6,Pass,,
SI-2025-0153,7,Pass,,
SI-2025-0153,8,Pass,,
SI-2025-0153,9,Pass,,
SI-2025-0153,10,Pass,,
SI-2025-0153,11,Pass,,
SI-2025-0153,12,Pass,,
SI-2025-0153,13,Pass,,
SI-2025-0153,14,Pass,,
SI-2025-0153,15,Pass,,
SI-2025-0153,16,Pass,,
SI-2025-0153,17,Pass,,
SI-2025-0153,18,Pass,,
SI-2025-0153,19,Pass,,
SI-2025-0153,20,Pass,,
SI-2025-0153,21,Fail,Low,Escape route sign above the north stairwell obscured by stock
SI-2025-0153,22,Pass,,
SI-2025-0153,23,NA,,
SI-2025-0153,24,Pass,,
SI-2025-0154,1,Pass,,
SI-2025-0154,2,Fail,Medium,Extinguisher at the east exit past its service date
SI-2025-0154,3,Pass,,
SI-2025-0154,4,Pass,,
SI-2025-0154,5,Pass,,
SI-2025-0154,6,Pass,,
SI-2025-0154,7,Pass,,
SI-2025-0154,8,Pass,,
SI-2025-0154,9,Pass,,
SI-2025-0154,10,Pass,,
SI-2025-0154,11,Pass,,
SI-2025-0154,12,Pass,,
SI-2025-0154,13,Pass,,
SI-2025-0154,14,Pass,,
SI-2025-0154,15,Pass,,
SI-2025-0154,16,Pass,,
SI-2025-0154,17,Pass,,
SI-2025-0154,18,Pass,,
SI-2025-0154,19,Pass,,
SI-2025-0154,20,Fail,Low,COSHH register at the welfare cabin not updated this quarter
SI-2025-0154,21,NA,,
SI-2025-0154,22,Fail,Low,Walkway markings at the main workshop worn and faded
SI-2025-0154,23,Fail,Low,Statutory notice board at aisle 4 out of date
SI-2025-0154,24,Pass,,
SI-2025-0155,1,Pass,,
SI-2025-0155,2,Pass,,
SI-2025-0155,3,Fail,Medium,Call point at store B blocked by stored materials
SI-2025-0155,4,Pass,,
SI-2025-0155,5,Pass,,
SI-2025-0155,6,Pass,,
SI-2025-0155,7,Fail,Low,Damaged extension lead in use at the yard gate
SI-2025-0155,8,Pass,,
SI-2025-0155,9,Pass,,
SI-2025-0155,10,Pass,,
SI-2025-0155,11,Fail,Medium,Work bench at the welfare cabin cluttered with offcuts
SI-2025-0155,12,Pass,,
SI-2025-0155,13,Pass,,
SI-2025-0155,14,NA,,
SI-2025-0155,15,Pass,,
SI-2025-0155,16,Pass,,
SI-2025-0155,17,NA,,
SI-2025-0155,18,NA,,
SI-2025-0155,19,Pass,,
SI-2025-0155,20,Pass,,
SI-2025-0155,21,NA,,
SI-2025-0155,22,Pass,,
SI-2025-0155,23,Fail,Low,Statutory notice board at the main workshop out of date
SI-2025-0155,24,Pass,,
SI-2025-0156,1,NA,,
SI-2025-0156,2,Pass,,
SI-2025-0156,3,Pass,,
SI-2025-0156,4,Pass,,
SI-2025-0156,5,Pass,,
SI-2025-0156,6,Pass,,
SI-2025-0156,7,Pass,,
SI-2025-0156,8,Pass,,
SI-2025-0156,9,Fail,High,Pallets staged on pedestrian route near the dock office
SI-2025-0156,10,NA,,
SI-2025-0156,11,Pass,,
SI-2025-0156,12,Fail,Low,Spill kit at aisle 4 missing absorbent pads
SI-2025-0156,13,Pass,,
SI-2025-0156,14,Pass,,
SI-2025-0156,15,Pass,,
SI-2025-0156,16,Pass,,
SI-2025-0156,17,Pass,,
SI-2025-0156,18,Pass,,
SI-2025-0156,19,Pass,,
SI-2025-0156,20,Pass,,
SI-2025-0156,21,Pass,,
SI-2025-0156,22,Pass,,
SI-2025-0156,23,Pass,,
SI-2025-0156,24,Pass,,
SI-2025-0157,1,Pass,,
SI-2025-0157,2,Pass,,
SI-2025-0157,3,Pass,,
SI-2025-0157,4,Pass,,
SI-2025-0157,5,Pass,,
SI-2025-0157,6,Pass,,
SI-2025-0157,7,Pass,,
SI-2025-0157,8,Pass,,
SI-2025-0157,9,Fail,Low,Pallets staged on pedestrian route near the yard gate
SI-2025-0157,10,Pass,,
SI-2025-0157,11,Fail,Low,Work bench at store B cluttered with offcuts
SI-2025-0157,12,Pass,,
SI-2025-0157,13,Pass,,
SI-2025-0157,14,Pass,,
SI-2025-0157,15,Pass,,
SI-2025-0157,16,Fail,Medium,Welfare room at the yard gate without hot water
SI-2025-0157,17,Pass,,
SI-2025-0157,18,Pass,,
SI-2025-0157,19,Pass,,
SI-2025-0157,20,Pass,,
SI-2025-0157,21,Pass,,
SI-2025-0157,22,Fail,High,Walkway markings at loading bay 6 worn and faded
SI-2025-0157,23,Pass,,
SI-2025-0157,24,Pass,,
SI-2025-0158,1,Pass,,
SI-2025-0158,2,Fail,High,Extinguisher at the welfare cabin past its service date
SI-2025-0158,3,Pass,,
SI-2025-0158,4,Fail,High,Emergency light at bay 2 not illuminating on test
SI-2025-0158,5,Pass,,
SI-2025-0158,6,Pass,,
SI-2025-0158,7,Pass,,
SI-2025-0158,8,Pass,,
SI-2025-0158,9,Pass,,
SI-2025-0158,10,NA,,
SI-2025-0158,11,Pass,,
SI-2025-0158,12,Pass,,
SI-2025-0158,13,Pass,,
SI-2025-0158,14,Fail,Low,First-aid kit at the north stairwell missing dressings
SI-2025-0158,15,Pass,,
SI-2025-0158,16,Pass,,
SI-2025-0158,17,Pass,,
SI-2025-0158,18,Pass,,
SI-2025-0158,19,Pass,,
SI-2025-0158,20,Pass,,
SI-2025-0158,21,Pass,,
SI-2025-0158,22,Pass,,
SI-2025-0158,23,Pass,,
SI-2025-0158,24,Pass,,
SI-2025-0159,1,Pass,,
SI-2025-0159,2,Pass,,
SI-2025-0159,3,Pass,,
SI-2025-0159,4,Pass,,
SI-2025-0159,5,Pass,,
SI-2025-0159,6,Pass,,
SI-2025-0159,7,Pass,,
SI-2025-0159,8,Pass,,
SI-2025-0159,9,Pass,,
SI-2025-0159,10,Fail,Medium,Waste bins overflowing at the yard gate
SI-2025-0159,11,Pass,,
SI-2025-0159,12,Fail,Low,Spill kit at the main workshop missing absorbent pads
SI-2025-0159,13,Pass,,
SI-2025-0159,14,Pass,,
SI-2025-0159,15,Pass,,
SI-2025-0159,16,Fail,Low,Welfare room at loading bay 6 without hot water
SI-2025-0159,17,Pass,,
SI-2025-0159,18,Pass,,
SI-2025-0159,19,Pass,,
SI-2025-0159,20,Pass,,
SI-2025-0159,21,Pass,,
SI-2025-0159,22,Pass,,
SI-2025-0159,23,Pass,,
SI-2025-0159,24,Pass,,
SI-2025-0160,1,Pass,,
SI-2025-0160,2,Pass,,
SI-2025-0160,3,Pass,,
SI-2025-0160,4,Pass,,
SI-2025-0160,5,Pass,,
SI-2025-0160,6,Pass,,
SI-2025-0160,7,Pass,,
SI-2025-0160,8,Pass,,
SI-2025-0160,9,Pass,,
SI-2025-0160,10,Pass,,
SI-2025-0160,11,Pass,,
SI-2025-0160,12,Pass,,
SI-2025-0160,13,Pass,,
SI-2025-0160,14,Pass,,
SI-2025-0160,15,Pass,,
SI-2025-0160,16,Pass,,
SI-2025-0160,17,Pass,,
SI-2025-0160,18,Pass,,
SI-2025-0160,19,Fail,Low,Untagged stepladder in use at aisle 4
SI-2025-0160,20,Pass,,
SI-2025-0160,21,NA,,
SI-2025-0160,22,Fail,Medium,Walkway markings at the dock office worn and faded
SI-2025-0160,23,Pass,,
SI-2025-0160,24,Pass,,
SI-2025-0161,1,Pass,,
SI-2025-0161,2,Fail,Low,Extinguisher at the yard gate past its service date
SI-2025-0161,3,Pass,,
SI-2025-0161,4,Fail,Low,Emergency light at the mezzanine not illuminating on test
SI-2025-0161,5,Pass,,
SI-2025-0161,6,Pass,,
SI-2025-0161,7,Pass,,
SI-2025-0161,8,Pass,,
SI-2025-0161,9,Pass,,
SI-2025-0161,10,Pass,,
SI-2025-0161,11,Fail,Low,Work bench at the north stairwell cluttered with offcuts
SI-2025-0161,12,Pass,,
SI-2025-0161,13,Pass,,
SI-2025-0161,14,Pass,,
SI-2025-0161,15,Pass,,
SI-2025-0161,16,Pass,,
SI-2025-0161,17,Pass,,
SI-2025-0161,18,Pass,,
SI-2025-0161,19,Pass,,
SI-2025-0161,20,Pass,,
SI-2025-0161,21,Fail,Low,Escape route sign above level 2 obscured by stock
SI-2025-0161,22,Fail,Medium,Walkway markings at the mezzanine worn and faded
SI-2025-0161,23,Fail,Low,Statutory notice board at level 2 out of date
SI-2025-0161,24,Pass,,
SI-2025-0162,1,Pass,,
SI-2025-0162,2,Pass,,
SI-2025-0162,3,Pass,,
SI-2025-0162,4,Pass,,
SI-2025-0162,5,Pass,,
SI-2025-0162,6,Pass,,
SI-2025-0162,7,Pass,,
SI-2025-0162,8,Fail,Low,Isolation switch at the dock office obstructed
SI-2025-0162,9,Fail,Low,Pallets staged on pedestrian route near the yard gate
SI-2025-0162,10,Pass,,
SI-2025-0162,11,Pass,,
SI-2025-0162,12,Pass,,
SI-2025-0162,13,Fail,High,Eye-wash bottle at level 2 past expiry
SI-2025-0162,14,Pass,,
SI-2025-0162,15,Pass,,
SI-2025-0162,16,Pass,,
SI-2025-0162,17,Pass,,
SI-2025-0162,18,Pass,,
SI-2025-0162,19,NA,,
SI-2025-0162,20,Pass,,
SI-2025-0162,21,Pass,,
SI-2025-0162,22,Pass,,
SI-2025-0162,23,Pass,,
SI-2025-0162,24,Pass,,
SI-2025-0163,1,Pass,,
SI-2025-0163,2,Pass,,
SI-2025-0163,3,NA,,
SI-2025-0163,4,Pass,,
SI-2025-0163,5,Pass,,
SI-2025-0163,6,Pass,,
SI-2025-0163,7,Pass,,
SI-2025-0163,8,Pass,,
SI-2025-0163,9,Pass,,
SI-2025-0163,10,Pass,,
SI-2025-0163,11,Pass,,
SI-2025-0163,12,Pass,,
SI-2025-0163,13,Pass,,
SI-2025-0163,14,Pass,,
SI-2025-0163,15,Fail,Low,Operative without hi-vis near store B
SI-2025-0163,16,Pass,,
SI-2025-0163,17,Pass,,
SI-2025-0163,18,Pass,,
SI-2025-0163,19,Pass,,
SI-2025-0163,20,Pass,,
SI-2025-0163,21,Fail,Medium,Escape route sign above the yard gate obscured by stock
SI-2025-0163,22,Pass,,
SI-2025-0163,23,Fail,Low,Statutory notice board at bay 2 out of date
SI-2025-0163,24,Fail,Low,No vehicle warning signage at the welfare cabin crossing
SI-2025-0164,1,Fail,High,Fire door at the main workshop catches on frame and does not latch
SI-2025-0164,2,Pass,,
SI-2025-0164,3,Fail,High,Call point at loading bay 6 blocked by stored materials
SI-2025-0164,4,Pass,,
SI-2025-0164,5,Pass,,
SI-2025-0164,6,Pass,,
SI-2025-0164,7,Pass,,
SI-2025-0164,8,Fail,Low,Isolation switch at the main workshop obstructed
SI-2025-0164,9,Pass,,
SI-2025-0164,10,Pass,,
SI-2025-0164,11,Pass,,
SI-2025-0164,12,Pass,,
SI-2025-0164,13,Fail,Low,Eye-wash bottle at level 2 past expiry
SI-2025-0164,14,Pass,,
SI-2025-0164,15,Pass,,
SI-2025-0164,16,Pass,,
SI-2025-0164,17,Pass,,
SI-2025-0164,18,Pass,,
SI-2025-0164,19,Pass,,
SI-2025-0164,20,Pass,,
SI-2025-0164,21,Pass,,
SI-2025-0164,22,Pass,,
SI-2025-0164,23,Pass,,
SI-2025-0164,24,NA,,
SI-2025-0165,1,Pass,,
SI-2025-0165,2,Pass,,
SI-2025-0165,3,Pass,,
SI-2025-0165,4,Pass,,
SI-2025-0165,5,Pass,,
SI-2025-0165,6,Pass,,
SI-2025-0165,7,Pass,,
SI-2025-0165,8,Pass,,
SI-2025-0165,9,Pass,,
SI-2025-0165,10,Pass,,
SI-2025-0165,11,Pass,,
SI-2025-0165,12,Pass,,
SI-2025-0165,13,Pass,,
SI-2025-0165,14,Pass,,
SI-2025-0165,15,Pass,,
SI-2025-0165,16,Pass,,
SI-2025-0165,17,Pass,,
SI-2025-0165,18,Pass,,
SI-2025-0165,19,Pass,,
SI-2025-0165,20,Pass,,
SI-2025-0165,21,Pass,,
SI-2025-0165,22,Pass,,
SI-2025-0165,23,Pass,,
SI-2025-0165,24,Pass,,
SI-2025-0166,1,Pass,,
SI-2025-0166,2,Pass,,
SI-2025-0166,3,Pass,,
SI-2025-0166,4,Pass,,
SI-2025-0166,5,Pass,,
SI-2025-0166,6,Pass,,
SI-2025-0166,7,Pass,,
SI-2025-0166,8,Pass,,
SI-2025-0166,9,Pass,,
SI-2025-0166,10,Pass,,
SI-2025-0166,11,Fail,Low,Work bench at the yard gate cluttered with offcuts
SI-2025-0166,12,Pass,,
SI-2025-0166,13,Pass,,
SI-2025-0166,14,Pass,,
SI-2025-0166,15,Pass,,
SI-2025-0166,16,Pass,,
SI-2025-0166,17,Pass,,
SI-2025-0166,18,Pass,,
SI-2025-0166,19,Pass,,
SI-2025-0166,20,Pass,,
SI-2025-0166,21,Pass,,
SI-2025-0166,22,Fail,Low,Walkway markings at the north stairwell worn and faded
SI-2025-0166,23,Pass,,
SI-2025-0166,24,Pass,,
SI-2025-0167,1,Pass,,
SI-2025-0167,2,Pass,,
SI-2025-0167,3,NA,,
SI-2025-0167,4,Fail,Low,Emergency light at bay 2 not illuminating on test
SI-2025-0167,5,Pass,,
SI-2025-0167,6,Pass,,
SI-2025-0167,7,Pass,,
SI-2025-0167,8,Pass,,
SI-2025-0167,9,Pass,,
SI-2025-0167,10,Fail,High,Waste bins overflowing at the yard gate
SI-2025-0167,11,Pass,,
SI-2025-0167,12,Pass,,
SI-2025-0167,13,Pass,,
SI-2025-0167,14,Pass,,
SI-2025-0167,15,Pass,,
SI-2025-0167,16,Pass,,
SI-2025-0167,17,Pass,,
SI-2025-0167,18,Pass,,
SI-2025-0167,19,Pass,,
SI-2025-0167,20,Pass,,
SI-2025-0167,21,Fail,Medium,Escape route sign above the north stairwell obscured by stock
SI-2025-0167,22,Fail,Medium,Walkway markings at the welfare cabin worn and faded
SI-2025-0167,23,Fail,Low,Statutory notice board at the yard gate out of date
SI-2025-0167,24,Pass,,
SI-2025-0168,1,Fail,Low,Fire door at aisle 4 catches on frame and does not latch
SI-2025-0168,2,Fail,High,Extinguisher at store B past its service date
SI-2025-0168,3,Pass,,
SI-2025-0168,4,Pass,,
SI-2025-0168,5,NA,,
SI-2025-0168,6,Pass,,
SI-2025-0168,7,NA,,
SI-2025-0168,8,Pass,,
SI-2025-0168,9,Pass,,
SI-2025-0168,10,Pass,,
SI-2025-0168,11,Pass,,
SI-2025-0168,12,Pass,,
SI-2025-0168,13,Pass,,
SI-2025-0168,14,Pass,,
SI-2025-0168,15,Pass,,
SI-2025-0168,16,Pass,,
SI-2025-0168,17,Pass,,
SI-2025-0168,18,Pass,,
SI-2025-0168,19,Pass,,
SI-2025-0168,20,Fail,Low,COSHH register at the east exit not updated this quarter
SI-2025-0168,21,Pass,,
SI-2025-0168,22,Pass,,
SI-2025-0168,23,Pass,,
SI-2025-0168,24,Pass,,
SI-2025-0169,1,Pass,,
SI-2025-0169,2,Fail,Low,Extinguisher at the dock office past its service date
SI-2025-0169,3,Pass,,
SI-2025-0169,4,Pass,,
SI-2025-0169,5,Pass,,
SI-2025-0169,6,Pass,,
SI-2025-0169,7,Pass,,
SI-2025-0169,8,Pass,,
SI-2025-0169,9,Pass,,
SI-2025-0169,10,Pass,,
SI-2025-0169,11,Pass,,
SI-2025-0169,12,NA,,
SI-2025-0169,13,Pass,,
SI-2025-0169,14,Pass,,
SI-2025-0169,15,Pass,,
SI-2025-0169,16,Pass,,
SI-2025-0169,17,Pass,,
SI-2025-0169,18,Pass,,
SI-2025-0169,19,Pass,,
SI-2025-0169,20,Pass,,
SI-2025-0169,21,Pass,,
SI-2025-0169,22,Pass,,
SI-2025-0169,23,Fail,Low,Statutory notice board at aisle 4 out of date
SI-2025-0169,24,Pass,,
SI-2025-0170,1,Pass,,
SI-2025-0170,2,Pass,,
SI-2025-0170,3,Pass,,
SI-2025-0170,4,Pass,,
SI-2025-0170,5,Pass,,
SI-2025-0170,6,Pass,,
SI-2025-0170,7,Pass,,
SI-2025-0170,8,Pass,,
SI-2025-0170,9,Pass,,
SI-2025-0170,10,Pass,,
SI-2025-0170,11,Pass,,
SI-2025-0170,12,Pass,,
SI-2025-0170,13,Fail,Medium,Eye-wash bottle at store B past expiry
SI-2025-0170,14,Pass,,
SI-2025-0170,15,Pass,,
SI-2025-0170,16,Pass,,
SI-2025-0170,17,Pass,,
SI-2025-0170,18,Pass,,
SI-2025-0170,19,Pass,,
SI-2025-0170,20,Pass,,
SI-2025-0170,21,Pass,,
SI-2025-0170,22,Pass,,
SI-2025-0170,23,Pass,,
SI-2025-0170,24,Fail,Low,No vehicle warning signage at level 2 crossing
SI-2025-0171,1,Pass,,
SI-2025-0171,2,Fail,Low,Extinguisher at the yard gate past its service date
SI-2025-0171,3,Pass,,
SI-2025-0171,4,Pass,,
SI-2025-0171,5,NA,,
SI-2025-0171,6,Pass,,
SI-2025-0171,7,Pass,,
SI-2025-0171,8,Pass,,
SI-2025-0171,9,Pass,,
SI-2025-0171,10,Fail,Medium,Waste bins overflowing at aisle 4
SI-2025-0171,11,Pass,,
SI-2025-0171,12,Pass,,
SI-2025-0171,13,Pass,,
SI-2025-0171,14,Pass,,
SI-2025-0171,15,Pass,,
SI-2025-0171,16,Pass,,
SI-2025-0171,17,Pass,,
SI-2025-0171,18,Pass,,
SI-2025-0171,19,Pass,,
SI-2025-0171,20,Pass,,
SI-2025-0171,21,NA,,
SI-2025-0171,22,Pass,,
SI-2025-0171,23,Pass,,
SI-2025-0171,24,Pass,,
SI-2025-0172,1,Pass,,
SI-2025-0172,2,Fail,Low,Extinguisher at the welfare cabin past its service date
SI-2025-0172,3,Pass,,
SI-2025-0172,4,Pass,,
SI-2025-0172,5,Fail,Medium,PAT label at the main workshop expired
SI-2025-0172,6,Pass,,
SI-2025-0172,7,Pass,,
SI-2025-0172,8,Pass,,
SI-2025-0172,9,Pass,,
SI-2025-0172,10,Fail,Low,Waste bins overflowing at the yard gate
SI-2025-0172,11,Pass,,
SI-2025-0172,12,Pass,,
SI-2025-0172,13,Pass,,
SI-2025-0172,14,Pass,,
SI-2025-0172,15,Pass,,
SI-2025-0172,16,Pass,,
SI-2025-0172,17,Pass,,
SI-2025-0172,18,Pass,,
SI-2025-0172,19,Fail,Low,Untagged stepladder in use at store B
SI-2025-0172,20,Pass,,
SI-2025-0172,21,Fail,Low,Escape route sign above the welfare cabin obscured by stock
SI-2025-0172,22,Pass,,
SI-2025-0172,23,Pass,,
SI-2025-0172,24,Pass,,
SI-2025-0173,1,Pass,,
SI-2025-0173,2,Pass,,
SI-2025-0173,3,Pass,,
SI-2025-0173,4,Pass,,
SI-2025-0173,5,Pass,,
SI-2025-0173,6,Pass,,
SI-2025-0173,7,Fail,Low,Damaged extension lead in use at bay 2
SI-2025-0173,8,Pass,,
SI-2025-0173,9,Pass,,
SI-2025-0173,10,Pass,,
SI-2025-0173,11,NA,,
SI-2025-0173,12,Pass,,
SI-2025-0173,13,Pass,,
SI-2025-0173,14,Pass,,
SI-2025-0173,15,Pass,,
SI-2025-0173,16,Fail,Medium,Welfare room at bay 2 without hot water
SI-2025-0173,17,Pass,,
SI-2025-0173,18,Pass,,
SI-2025-0173,19,Pass,,
SI-2025-0173,20,Fail,Low,COSHH register at store B not updated this quarter
SI-2025-0173,21,Pass,,
SI-2025-0173,22,Pass,,
SI-2025-0173,23,Pass,,
SI-2025-0173,24,Pass,,
SI-2025-0174,1,Fail,Low,Fire door at the east exit catches on frame and does not latch
SI-2025-0174,2,Pass,,
SI-2025-0174,3,Pass,,
SI-2025-0174,4,Pass,,
SI-2025-0174,5,Pass,,
SI-2025-0174,6,Pass,,
SI-2025-0174,7,Pass,,
SI-2025-0174,8,Pass,,
SI-2025-0174,9,Pass,,
SI-2025-0174,10,Pass,,
SI-2025-0174,11,Pass,,
SI-2025-0174,12,Pass,,
SI-2025-0174,13,NA,,
SI-2025-0174,14,Pass,,
SI-2025-0174,15,Pass,,
SI-2025-0174,16,NA,,
SI-2025-0174,17,NA,,
SI-2025-0174,18,Pass,,
SI-2025-0174,19,NA,,
SI-2025-0174,20,Pass,,
SI-2025-0174,21,Pass,,
SI-2025-0174,22,Pass,,
SI-2025-0174,23,NA,,
SI-2025-0174,24,Pass,,
SI-2025-0175,1,Pass,,
SI-2025-0175,2,NA,,
SI-2025-0175,3,Pass,,
SI-2025-0175,4,Pass,,
SI-2025-0175,5,Pass,,
SI-2025-0175,6,Pass,,
SI-2025-0175,7,Pass,,
SI-2025-0175,8,Pass,,
SI-2025-0175,9,Pass,,
SI-2025-0175,10,Fail,Low,Waste bins overflowing at the dock office
SI-2025-0175,11,Pass,,
SI-2025-0175,12,Pass,,
SI-2025-0175,13,Pass,,
SI-2025-0175,14,Pass,,
SI-2025-0175,15,Pass,,
SI-2025-0175,16,Pass,,
SI-2025-0175,17,Pass,,
SI-2025-0175,18,Pass,,
SI-2025-0175,19,Pass,,
SI-2025-0175,20,Fail,Medium,COSHH register at the north stairwell not updated this quarter
SI-2025-0175,21,Pass,,
SI-2025-0175,22,Pass,,
SI-2025-0175,23,Pass,,
SI-2025-0175,24,Pass,,
SI-2025-0176,1,Pass,,
SI-2025-0176,2,Pass,,
SI-2025-0176,3,Pass,,
SI-2025-0176,4,Pass,,
SI-2025-0176,5,Pass,,
SI-2025-0176,6,Fail,High,Distribution board at the dock office left open and unlabelled
SI-2025-0176,7,Pass,,
SI-2025-0176,8,Pass,,
SI-2025-0176,9,Pass,,
SI-2025-0176,10,Pass,,
SI-2025-0176,11,Pass,,
SI-2025-0176,12,Pass,,
SI-2025-0176,13,Fail,Medium,Eye-wash bottle at aisle 4 past expiry
SI-2025-0176,14,Pass,,
SI-2025-0176,15,Pass,,
SI-2025-0176,16,Pass,,
SI-2025-0176,17,Pass,,
SI-2025-0176,18,Pass,,
SI-2025-0176,19,Pass,,
SI-2025-0176,20,Pass,,
SI-2025-0176,21,Pass,,
SI-2025-0176,22,Pass,,
SI-2025-0176,23,Pass,,
SI-2025-0176,24,Pass,,
SI-2025-0177,1,Pass,,
SI-2025-0177,2,Pass,,
SI-2025-0177,3,Pass,,
SI-2025-0177,4,Pass,,
SI-2025-0177,5,Pass,,
SI-2025-0177,6,Pass,,
SI-2025-0177,7,Pass,,
SI-2025-0177,8,Pass,,
SI-2025-0177,9,Pass,,
SI-2025-0177,10,Pass,,
SI-2025-0177,11,Pass,,
SI-2025-0177,12,Pass,,
SI-2025-0177,13,Pass,,
SI-2025-0177,14,Pass,,
SI-2025-0177,15,Fail,Low,Operative without hi-vis near store B
SI-2025-0177,16,Pass,,
SI-2025-0177,17,Pass,,
SI-2025-0177,18,Pass,,
SI-2025-0177,19,Pass,,
SI-2025-0177,20,Pass,,
SI-2025-0177,21,Pass,,
SI-2025-0177,22,Pass,,
SI-2025-0177,23,Pass,,
SI-2025-0177,24,Pass,,
SI-2025-0178,1,Pass,,
SI-2025-0178,2,Pass,,
SI-2025-0178,3,Pass,,
SI-2025-0178,4,Fail,Medium,Emergency light at the mezzanine not illuminating on test
SI-2025-0178,5,Pass,,
SI-2025-0178,6,Pass,,
SI-2025-0178,7,Pass,,
SI-2025-0178,8,Pass,,
SI-2025-0178,9,Pass,,
SI-2025-0178,10,Pass,,
SI-2025-0178,11,Pass,,
SI-2025-0178,12,Pass,,
SI-2025-0178,13,Pass,,
SI-2025-0178,14,Pass,,
SI-2025-0178,15,Pass,,
SI-2025-0178,16,Pass,,
SI-2025-0178,17,Pass,,
SI-2025-0178,18,Pass,,
SI-2025-0178,19,Pass,,
SI-2025-0178,20,Pass,,
SI-2025-0178,21,Pass,,
SI-2025-0178,22,Pass,,
SI-2025-0178,23,Pass,,
SI-2025-0178,24,Fail,High,No vehicle warning signage at the mezzanine crossing
SI-2025-0179,1,Pass,,
SI-2025-0179,2,Pass,,
SI-2025-0179,3,Pass,,
SI-2025-0179,4,Pass,,
SI-2025-0179,5,Pass,,
SI-2025-0179,6,Pass,,
SI-2025-0179,7,Pass,,
SI-2025-0179,8,Pass,,
SI-2025-0179,9,Pass,,
SI-2025-0179,10,Pass,,
SI-2025-0179,11,Pass,,
SI-2025-0179,12,Pass,,
SI-2025-0179,13,NA,,
SI-2025-0179,14,Pass,,
SI-2025-0179,15,Pass,,
SI-2025-0179,16,Pass,,
SI-2025-0179,17,Pass,,
SI-2025-0179,18,Pass,,
SI-2025-0179,19,Pass,,
SI-2025-0179,20,Pass,,
SI-2025-0179,21,Pass,,
SI-2025-0179,22,Pass,,
SI-2025-0179,23,Pass,,
SI-2025-0179,24,Pass,,
SI-2025-0180,1,NA,,
SI-2025-0180,2,Pass,,
SI-2025-0180,3,Fail,Low,Call point at the north stairwell blocked by stored materials
SI-2025-0180,4,Fail,Low,Emergency light at the north stairwell not illuminating on test
SI-2025-0180,5,Pass,,
SI-2025-0180,6,Pass,,
SI-2025-0180,7,Pass,,
SI-2025-0180,8,Pass,,
SI-2025-0180,9,Pass,,
SI-2025-0180,10,Pass,,
SI-2025-0180,11,Pass,,
SI-2025-0180,12,Pass,,
SI-2025-0180,13,Pass,,
SI-2025-0180,14,Pass,,
SI-2025-0180,15,Pass,,
SI-2025-0180,16,Pass,,
SI-2025-0180,17,Pass,,
SI-2025-0180,18,Pass,,
SI-2025-0180,19,Pass,,
SI-2025-0180,20,Pass,,
SI-2025-0180,21,Fail,Low,Escape route sign above aisle 4 obscured by stock
SI-2025-0180,22,Pass,,
SI-2025-0180,23,Pass,,
SI-2025-0180,24,Pass,,
SI-2025-0181,1,Pass,,
SI-2025-0181,2,Pass,,
SI-2025-0181,3,Pass,,
SI-2025-0181,4,Pass,,
SI-2025-0181,5,Pass,,
SI-2025-0181,6,Fail,High,Distribution board at the yard gate left open and unlabelled
SI-2025-0181,7,Pass,,
SI-2025-0181,8,Pass,,
SI-2025-0181,9,Pass,,
SI-2025-0181,10,Fail,Low,Waste bins overflowing at the north stairwell
SI-2025-0181,11,Pass,,
SI-2025-0181,12,Pass,,
SI-2025-0181,13,NA,,
SI-2025-0181,14,Pass,,
SI-2025-0181,15,Pass,,
SI-2025-0181,16,Pass,,
SI-2025-0181,17,Pass,,
SI-2025-0181,18,Pass,,
SI-2025-0181,19,Fail,High,Untagged stepladder in use at the east exit
SI-2025-0181,20,NA,,
SI-2025-0181,21,Fail,Medium,Escape route sign above the yard gate obscured by stock
SI-2025-0181,22,Fail,Low,Walkway markings at bay 2 worn and faded
SI-2025-0181,23,Fail,Low,Statutory notice board at the mezzanine out of date
SI-2025-0181,24,Pass,,
SI-2025-0182,1,Pass,,
SI-2025-0182,2,Fail,Low,Extinguisher at store B past its service date
SI-2025-0182,3,Fail,Low,Call point at aisle 4 blocked by stored materials
SI-2025-0182,4,Pass,,
SI-2025-0182,5,Pass,,
SI-2025-0182,6,Pass,,
SI-2025-0182,7,Fail,Medium,Damaged extension lead in use at the north stairwell
SI-2025-0182,8,Pass,,
SI-2025-0182,9,Pass,,
SI-2025-0182,10,NA,,
SI-2025-0182,11,Pass,,
SI-2025-0182,12,Pass,,
SI-2025-0182,13,Pass,,
SI-2025-0182,14,Pass,,
SI-2025-0182,15,Pass,,
SI-2025-0182,16,Pass,,
SI-2025-0182,17,Pass,,
SI-2025-0182,18,Pass,,
SI-2025-0182,19,Pass,,
SI-2025-0182,20,Pass,,
SI-2025-0182,21,Pass,,
SI-2025-0182,22,Pass,,
SI-2025-0182,23,Pass,,
SI-2025-0182,24,Fail,Medium,No vehicle warning signage at aisle 4 crossing
SI-2025-0183,1,Pass,,
SI-2025-0183,2,Pass,,
SI-2025-0183,3,Pass,,
SI-2025-0183,4,Pass,,
SI-2025-0183,5,Pass,,
SI-2025-0183,6,NA,,
SI-2025-0183,7,Pass,,
SI-2025-0183,8,Pass,,
SI-2025-0183,9,Pass,,
SI-2025-0183,10,Pass,,
SI-2025-0183,11,Pass,,
SI-2025-0183,12,Pass,,
SI-2025-0183,13,Pass,,
SI-2025-0183,14,Pass,,
SI-2025-0183,15,Fail,Low,Operative without hi-vis near level 2
SI-2025-0183,16,Pass,,
SI-2025-0183,17,Pass,,
SI-2025-0183,18,Pass,,
SI-2025-0183,19,Pass,,
SI-2025-0183,20,Pass,,
SI-2025-0183,21,Pass,,
SI-2025-0183,22,Pass,,
SI-2025-0183,23,Pass,,
SI-2025-0183,24,Fail,Low,No vehicle warning signage at the east exit crossing
SI-2025-0184,1,Pass,,
SI-2025-0184,2,Pass,,
SI-2025-0184,3,Fail,Medium,Call point at the welfare cabin blocked by stored materials
SI-2025-0184,4,Pass,,
SI-2025-0184,5,Pass,,
SI-2025-0184,6,Pass,,
SI-2025-0184,7,Pass,,
SI-2025-0184,8,Pass,,
SI-2025-0184,9,NA,,
SI-2025-0184,10,Pass,,
SI-2025-0184,11,Pass,,
SI-2025-0184,12,Pass,,
SI-2025-0184,13,Pass,,
SI-2025-0184,14,NA,,
SI-2025-0184,15,Pass,,
SI-2025-0184,16,NA,,
SI-2025-0184,17,Pass,,
SI-2025-0184,18,Pass,,
SI-2025-0184,19,NA,,
SI-2025-0184,20,Pass,,
SI-2025-0184,21,Pass,,
SI-2025-0184,22,Fail,High,Walkway markings at the north stairwell worn and faded
SI-2025-0184,23,NA,,
SI-2025-0184,24,Pass,,
SI-2025-0185,1,Pass,,
SI-2025-0185,2,Pass,,
SI-2025-0185,3,Pass,,
SI-2025-0185,4,Pass,,
SI-2025-0185,5,Pass,,
SI-2025-0185,6,Pass,,
SI-2025-0185,7,Pass,,
SI-2025-0185,8,Pass,,
SI-2025-0185,9,Pass,,
SI-2025-0185,10,Pass,,
SI-2025-0185,11,Pass,,
SI-2025-0185,12,Pass,,
SI-2025-0185,13,Pass,,
SI-2025-0185,14,Pass,,
SI-2025-0185,15,Pass,,
SI-2025-0185,16,Pass,,
SI-2025-0185,17,Pass,,
SI-2025-0185,18,Pass,,
SI-2025-0185,19,Pass,,
SI-2025-0185,20,Pass,,
SI-2025-0185,21,Pass,,
SI-2025-0185,22,Fail,High,Walkway markings at the north stairwell worn and faded
SI-2025-0185,23,Pass,,
SI-2025-0185,24,Pass,,
SI-2025-0186,1,Pass,,
SI-2025-0186,2,Pass,,
SI-2025-0186,3,Pass,,
SI-2025-0186,4,Pass,,
SI-2025-0186,5,Pass,,
SI-2025-0186,6,Fail,Medium,Distribution board at the dock office left open and unlabelled
SI-2025-0186,7,Pass,,
SI-2025-0186,8,Pass,,
SI-2025-0186,9,Pass,,
SI-2025-0186,10,Pass,,
SI-2025-0186,11,Pass,,
SI-2025-0186,12,Pass,,
SI-2025-0186,13,Pass,,
SI-2025-0186,14,Pass,,
SI-2025-0186,15,Fail,Medium,Operative without hi-vis near aisle 4
SI-2025-0186,16,Pass,,
SI-2025-0186,17,Pass,,
SI-2025-0186,18,Pass,,
SI-2025-0186,19,Pass,,
SI-2025-0186,20,Pass,,
SI-2025-0186,21,Pass,,
SI-2025-0186,22,Pass,,
SI-2025-0186,23,Pass,,
SI-2025-0186,24,Pass,,
SI-2025-0187,1,Pass,,
SI-2025-0187,2,Pass,,
SI-2025-0187,3,Pass,,
SI-2025-0187,4,Pass,,
SI-2025-0187,5,Pass,,
SI-2025-0187,6,Pass,,
SI-2025-0187,7,Pass,,
SI-2025-0187,8,Pass,,
SI-2025-0187,9,Pass,,
SI-2025-0187,10,Pass,,
SI-2025-0187,11,Pass,,
SI-2025-0187,12,Pass,,
SI-2025-0187,13,Pass,,
SI-2025-0187,14,Fail,High,First-aid kit at bay 2 missing dressings
SI-2025-0187,15,Pass,,
SI-2025-0187,16,Pass,,
SI-2025-0187,17,Fail,Medium,Racking tag at bay 2 out of date
SI-2025-0187,18,Pass,,
SI-2025-0187,19,Pass,,
SI-2025-0187,20,Pass,,
SI-2025-0187,21,Fail,Low,Escape route sign above loading bay 6 obscured by stock
SI-2025-0187,22,Pass,,
SI-2025-0187,23,Pass,,
SI-2025-0187,24,Pass,,
SI-2025-0188,1,Pass,,
SI-2025-0188,2,Fail,Low,Extinguisher at store B past its service date
SI-2025-0188,3,NA,,
SI-2025-0188,4,Fail,High,Emergency light at the dock office not illuminating on test
SI-2025-0188,5,Pass,,
SI-2025-0188,6,Pass,,
SI-2025-0188,7,Pass,,
SI-2025-0188,8,Pass,,
SI-2025-0188,9,Pass,,
SI-2025-0188,10,NA,,
SI-2025-0188,11,Pass,,
SI-2025-0188,12,Pass,,
SI-2025-0188,13,Pass,,
SI-2025-0188,14,Pass,,
SI-2025-0188,15,Pass,,
SI-2025-0188,16,Pass,,
SI-2025-0188,17,Fail,Low,Racking tag at the main workshop out of date
SI-2025-0188,18,Pass,,
SI-2025-0188,19,Pass,,
SI-2025-0188,20,Pass,,
SI-2025-0188,21,Pass,,
SI-2025-0188,22,Pass,,
SI-2025-0188,23,Pass,,
SI-2025-0188,24,Pass,,
SI-2025-0189,1,Pass,,
SI-2025-0189,2,Pass,,
SI-2025-0189,3,Fail,Low,Call point at the east exit blocked by stored materials
SI-2025-0189,4,Pass,,
SI-2025-0189,5,Pass,,
SI-2025-0189,6,Pass,,
SI-2025-0189,7,Pass,,
SI-2025-0189,8,Pass,,
SI-2025-0189,9,Pass,,
SI-2025-0189,10,Pass,,
SI-2025-0189,11,Fail,Low,Work bench at the east exit cluttered with offcuts
SI-2025-0189,12,Pass,,
SI-2025-0189,13,Pass,,
SI-2025-0189,14,Fail,Low,First-aid kit at the north stairwell missing dressings
SI-2025-0189,15,Pass,,
SI-2025-0189,16,Fail,Medium,Welfare room at the north stairwell without hot water
SI-2025-0189,17,Fail,Low,Racking tag at store B out of date
SI-2025-0189,18,Fail,Medium,Overloaded top beam at store B
SI-2025-0189,19,Pass,,
SI-2025-0189,20,Pass,,
SI-2025-0189,21,Pass,,
SI-2025-0189,22,Pass,,
SI-2025-0189,23,Pass,,
SI-2025-0189,24,Pass,,
SI-2025-0190,1,NA,,
SI-2025-0190,2,Pass,,
SI-2025-0190,3,Pass,,
SI-2025-0190,4,Pass,,
SI-2025-0190,5,Pass,,
SI-2025-0190,6,Pass,,
SI-2025-0190,7,Pass,,
SI-2025-0190,8,Pass,,
SI-2025-0190,9,Pass,,
SI-2025-0190,10,Pass,,
SI-2025-0190,11,Pass,,
SI-2025-0190,12,Pass,,
SI-2025-0190,13,Pass,,
SI-2025-0190,14,Fail,Low,First-aid kit at the mezzanine missing dressings
SI-2025-0190,15,Pass,,
SI-2025-0190,16,Pass,,
SI-2025-0190,17,Pass,,
SI-2025-0190,18,Pass,,
SI-2025-0190,19,Pass,,
SI-2025-0190,20,Pass,,
SI-2025-0190,21,Fail,Low,Escape route sign above the yard gate obscured by stock
SI-2025-0190,22,Fail,Medium,Walkway markings at the mezzanine worn and faded
SI-2025-0190,23,Fail,Low,Statutory notice board at the welfare cabin out of date
SI-2025-0190,24,Fail,High,No vehicle warning signage at the north stairwell crossing
SI-2025-0191,1,Pass,,
SI-2025-0191,2,Pass,,
SI-2025-0191,3,NA,,
SI-2025-0191,4,Pass,,
SI-2025-0191,5,Pass,,
SI-2025-0191,6,Pass,,
SI-2025-0191,7,Pass,,
SI-2025-0191,8,NA,,
SI-2025-0191,9,Pass,,
SI-2025-0191,10,Pass,,
SI-2025-0191,11,Pass,,
SI-2025-0191,12,Fail,Medium,Spill kit at the welfare cabin missing absorbent pads
SI-2025-0191,13,Pass,,
SI-2025-0191,14,Pass,,
SI-2025-0191,15,Pass,,
SI-2025-0191,16,Pass,,
SI-2025-0191,17,Pass,,
SI-2025-0191,18,Pass,,
SI-2025-0191,19,Pass,,
SI-2025-0191,20,Pass,,
SI-2025-0191,21,Pass,,
SI-2025-0191,22,Pass,,
SI-2025-0191,23,Pass,,
SI-2025-0191,24,Fail,Low,No vehicle warning signage at loading bay 6 crossing
SI-2025-0192,1,Pass,,
SI-2025-0192,2,Pass,,
SI-2025-0192,3,Pass,,
SI-2025-0192,4,Pass,,
SI-2025-0192,5,Pass,,
SI-2025-0192,6,Pass,,
SI-2025-0192,7,Pass,,
SI-2025-0192,8,Fail,High,Isolation switch at the east exit obstructed
SI-2025-0192,9,Pass,,
SI-2025-0192,10,Pass,,
SI-2025-0192,11,Pass,,
SI-2025-0192,12,Pass,,
SI-2025-0192,13,Pass,,
SI-2025-0192,14,Pass,,
SI-2025-0192,15,Pass,,
SI-2025-0192,16,Pass,,
SI-2025-0192,17,Pass,,
SI-2025-0192,18,Pass,,
SI-2025-0192,19,Pass,,
SI-2025-0192,20,Pass,,
SI-2025-0192,21,Pass,,
SI-2025-0192,22,Pass,,
SI-2025-0192,23,Pass,,
SI-2025-0192,24,Pass,,
SI-2025-0193,1,Pass,,
SI-2025-0193,2,Pass,,
SI-2025-0193,3,Pass,,
SI-2025-0193,4,Pass,,
SI-2025-0193,5,Pass,,
SI-2025-0193,6,Pass,,
SI-2025-0193,7,Fail,Medium,Damaged extension lead in use at the mezzanine
SI-2025-0193,8,Pass,,
SI-2025-0193,9,Pass,,
SI-2025-0193,10,Pass,,
SI-2025-0193,11,Pass,,
SI-2025-0193,12,Pass,,
SI-2025-0193,13,Pass,,
SI-2025-0193,14,Pass,,
SI-2025-0193,15,Fail,Medium,Operative without hi-vis near loading bay 6
SI-2025-0193,16,Pass,,
SI-2025-0193,17,Pass,,
SI-2025-0193,18,Pass,,
SI-2025-0193,19,Pass,,
SI-2025-0193,20,Pass,,
SI-2025-0193,21,Pass,,
SI-2025-0193,22,Pass,,
SI-2025-0193,23,Pass,,
SI-2025-0193,24,Pass,,
SI-2025-0194,1,Pass,,
SI-2025-0194,2,Pass,,
SI-2025-0194,3,Pass,,
SI-2025-0194,4,Pass,,
SI-2025-0194,5,Pass,,
SI-2025-0194,6,Pass,,
SI-2025-0194,7,Fail,Low,Damaged extension lead in use at the mezzanine
SI-2025-0194,8,Pass,,
SI-2025-0194,9,Pass,,
SI-2025-0194,10,Pass,,
SI-2025-0194,11,Pass,,
SI-2025-0194,12,Pass,,
SI-2025-0194,13,Fail,Medium,Eye-wash bottle at the main workshop past expiry
SI-2025-0194,14,NA,,
SI-2025-0194,15,Pass,,
SI-2025-0194,16,Pass,,
SI-2025-0194,17,Pass,,
SI-2025-0194,18,Pass,,
SI-2025-0194,19,Pass,,
SI-2025-0194,20,Pass,,
SI-2025-0194,21,Pass,,
SI-2025-0194,22,Fail,Low,Walkway markings at the east exit worn and faded
SI-2025-0194,23,Pass,,
SI-2025-0194,24,Pass,,
SI-2025-0195,1,Pass,,
SI-2025-0195,2,Fail,High,Extinguisher at level 2 past its service date
SI-2025-0195,3,Pass,,
SI-2025-0195,4,Fail,Low,Emergency light at the dock office not illuminating on test
SI-2025-0195,5,Pass,,
SI-2025-0195,6,Pass,,
SI-2025-0195,7,Fail,Low,Damaged extension lead in use at the welfare cabin
SI-2025-0195,8,Pass,,
SI-2025-0195,9,Fail,High,Pallets staged on pedestrian route near the welfare cabin
SI-2025-0195,10,Pass,,
SI-2025-0195,11,Pass,,
SI-2025-0195,12,Pass,,
SI-2025-0195,13,Pass,,
SI-2025-0195,14,Fail,Low,First-aid kit at the yard gate missing dressings
SI-2025-0195,15,Pass,,
SI-2025-0195,16,Pass,,
SI-2025-0195,17,Pass,,
SI-2025-0195,18,Pass,,
SI-2025-0195,19,Pass,,
SI-2025-0195,20,Fail,Medium,COSHH register at store B not updated this quarter
SI-2025-0195,21,Pass,,
SI-2025-0195,22,Pass,,
SI-2025-0195,23,Pass,,
SI-2025-0195,24,Pass,,
SI-2025-0196,1,Pass,,
SI-2025-0196,2,Pass,,
SI-2025-0196,3,Pass,,
SI-2025-0196,4,Pass,,
SI-2025-0196,5,Pass,,
SI-2025-0196,6,Pass,,
SI-2025-0196,7,Pass,,
SI-2025-0196,8,Pass,,
SI-2025-0196,9,Pass,,
SI-2025-0196,10,Pass,,
SI-2025-0196,11,Pass,,
SI-2025-0196,12,Pass,,
SI-2025-0196,13,Pass,,
SI-2025-0196,14,Pass,,
SI-2025-0196,15,Pass,,
SI-2025-0196,16,Pass,,
SI-2025-0196,17,Pass,,
SI-2025-0196,18,Pass,,
SI-2025-0196,19,Pass,,
SI-2025-0196,20,Pass,,
SI-2025-0196,21,Pass,,
SI-2025-0196,22,Pass,,
SI-2025-0196,23,Pass,,
SI-2025-0196,24,Pass,,
SI-2025-0197,1,Pass,,
SI-2025-0197,2,Pass,,
SI-2025-0197,3,Pass,,
SI-2025-0197,4,Fail,Medium,Emergency light at the main workshop not illuminating on test
SI-2025-0197,5,Pass,,
SI-2025-0197,6,Pass,,
SI-2025-0197,7,Pass,,
SI-2025-0197,8,NA,,
SI-2025-0197,9,Fail,Medium,Pallets staged on pedestrian route near level 2
SI-2025-0197,10,Pass,,
SI-2025-0197,11,Pass,,
SI-2025-0197,12,Pass,,
SI-2025-0197,13,Pass,,
SI-2025-0197,14,Pass,,
SI-2025-0197,15,Pass,,
SI-2025-0197,16,NA,,
SI-2025-0197,17,Fail,Low,Racking tag at the main workshop out of date
SI-2025-0197,18,Fail,Medium,Overloaded top beam at the dock office
SI-2025-0197,19,Pass,,
SI-2025-0197,20,Pass,,
SI-2025-0197,21,Pass,,
SI-2025-0197,22,Pass,,
SI-2025-0197,23,Pass,,
SI-2025-0197,24,Pass,,
SI-2025-0198,1,Pass,,
SI-2025-0198,2,Pass,,
SI-2025-0198,3,Pass,,
SI-2025-0198,4,Pass,,
SI-2025-0198,5,Pass,,
SI-2025-0198,6,NA,,
SI-2025-0198,7,Pass,,
SI-2025-0198,8,Pass,,
SI-2025-0198,9,Pass,,
SI-2025-0198,10,Pass,,
SI-2025-0198,11,Fail,High,Work bench at the welfare cabin cluttered with offcuts
SI-2025-0198,12,Pass,,
SI-2025-0198,13,NA,,
SI-2025-0198,14,Pass,,
SI-2025-0198,15,Pass,,
SI-2025-0198,16,Pass,,
SI-2025-0198,17,Pass,,
SI-2025-0198,18,Pass,,
SI-2025-0198,19,Pass,,
SI-2025-0198,20,Pass,,
SI-2025-0198,21,Fail,Medium,Escape route sign above the north stairwell obscured by stock
SI-2025-0198,22,Fail,Low,Walkway markings at loading bay 6 worn and faded
SI-2025-0198,23,Pass,,
SI-2025-0198,24,Pass,,
SI-2025-0199,1,Pass,,
SI-2025-0199,2,Pass,,
SI-2025-0199,3,Pass,,
SI-2025-0199,4,Fail,Medium,Emergency light at the dock office not illuminating on test
SI-2025-0199,5,Pass,,
SI-2025-0199,6,Pass,,
SI-2025-0199,7,Fail,Medium,Damaged extension lead in use at loading bay 6
SI-2025-0199,8,NA,,
SI-2025-0199,9,Pass,,
SI-2025-0199,10,Pass,,
SI-2025-0199,11,Fail,Low,Work bench at aisle 4 cluttered with offcuts
SI-2025-0199,12,Fail,Medium,Spill kit at aisle 4 missing absorbent pads
SI-2025-0199,13,Pass,,
SI-2025-0199,14,Pass,,
SI-2025-0199,15,Pass,,
SI-2025-0199,16,Pass,,
SI-2025-0199,17,Pass,,
SI-2025-0199,18,Pass,,
SI-2025-0199,19,Pass,,
SI-2025-0199,20,Pass,,
SI-2025-0199,21,Pass,,
SI-2025-0199,22,Pass,,
SI-2025-0199,23,Pass,,
SI-2025-0199,24,Pass,,
SI-2025-0200,1,Pass,,
SI-2025-0200,2,Fail,Low,Extinguisher at store B past its service date
SI-2025-0200,3,Pass,,
SI-2025-0200,4,Pass,,
SI-2025-0200,5,Fail,Low,PAT label at bay 2 expired
SI-2025-0200,6,Pass,,
SI-2025-0200,7,Pass,,
SI-2025-0200,8,Pass,,
SI-2025-0200,9,Pass,,
SI-2025-0200,10,Pass,,
SI-2025-0200,11,Pass,,
SI-2025-0200,12,Pass,,
SI-2025-0200,13,Pass,,
SI-2025-0200,14,NA,,
SI-2025-0200,15,Pass,,
SI-2025-0200,16,Pass,,
SI-2025-0200,17,Fail,Medium,Racking tag at the north stairwell out of date
SI-2025-0200,18,Pass,,
SI-2025-0200,19,Pass,,
SI-2025-0200,20,Pass,,
SI-2025-0200,21,Pass,,
SI-2025-0200,22,Pass,,
SI-2025-0200,23,Pass,,
SI-2025-0200,24,Fail,Medium,No vehicle warning signage at store B crossing
SI-2025-0201,1,Pass,,
SI-2025-0201,2,NA,,
SI-2025-0201,3,Pass,,
SI-2025-0201,4,Pass,,
SI-2025-0201,5,Pass,,
SI-2025-0201,6,Pass,,
SI-2025-0201,7,Pass,,
SI-2025-0201,8,Pass,,
SI-2025-0201,9,Pass,,
SI-2025-0201,10,Fail,Low,Waste bins overflowing at the north stairwell
SI-2025-0201,11,Pass,,
SI-2025-0201,12,Pass,,
SI-2025-0201,13,Pass,,
SI-2025-0201,14,Pass,,
SI-2025-0201,15,Pass,,
SI-2025-0201,16,Pass,,
SI-2025-0201,17,Pass,,
SI-2025-0201,18,Pass,,
SI-2025-0201,19,Pass,,
SI-2025-0201,20,Pass,,
SI-2025-0201,21,Pass,,
SI-2025-0201,22,Pass,,
SI-2025-0201,23,Pass,,
SI-2025-0201,24,Pass,,
SI-2025-0202,1,Fail,Medium,Fire door at the dock office catches on frame and does not latch
SI-2025-0202,2,Fail,Low,Extinguisher at the dock office past its service date
SI-2025-0202,3,Pass,,
SI-2025-0202,4,Pass,,
SI-2025-0202,5,Pass,,
SI-2025-0202,6,Pass,,
SI-2025-0202,7,Pass,,
SI-2025-0202,8,Pass,,
SI-2025-0202,9,Fail,Medium,Pallets staged on pedestrian route near loading bay 6
SI-2025-0202,10,Fail,Low,Waste bins overflowing at the welfare cabin
SI-2025-0202,11,Fail,Low,Work bench at level 2 cluttered with offcuts
SI-2025-0202,12,Pass,,
SI-2025-0202,13,Pass,,
SI-2025-0202,14,Pass,,
SI-2025-0202,15,Pass,,
SI-2025-0202,16,Fail,Low,Welfare room at aisle 4 without hot water
SI-2025-0202,17,Pass,,
SI-2025-0202,18,Pass,,
SI-2025-0202,19,NA,,
SI-2025-0202,20,Pass,,
SI-2025-0202,21,Pass,,
SI-2025-0202,22,Fail,Medium,Walkway markings at store B worn and faded
SI-2025-0202,23,Fail,Low,Statutory notice board at bay 2 out of date
SI-2025-0202,24,Fail,Low,No vehicle warning signage at store B crossing
SI-2025-0203,1,Pass,,
SI-2025-0203,2,Pass,,
SI-2025-0203,3,Pass,,
SI-2025-0203,4,Pass,,
SI-2025-0203,5,Pass,,
SI-2025-0203,6,Pass,,
SI-2025-0203,7,Pass,,
SI-2025-0203,8,Pass,,
SI-2025-0203,9,Pass,,
SI-2025-0203,10,Pass,,
SI-2025-0203,11,Pass,,
SI-2025-0203,12,Pass,,
SI-2025-0203,13,Pass,,
SI-2025-0203,14,Pass,,
SI-2025-0203,15,Pass,,
SI-2025-0203,16,Pass,,
SI-2025-0203,17,Fail,Low,Racking tag at the mezzanine out of date
SI-2025-0203,18,Pass,,
SI-2025-0203,19,Pass,,
SI-2025-0203,20,Pass,,
SI-2025-0203,21,Pass,,
SI-2025-0203,22,Pass,,
SI-2025-0203,23,Pass,,
SI-2025-0203,24,Pass,,
SI-2025-0204,1,Pass,,
SI-2025-0204,2,Pass,,
SI-2025-0204,3,Pass,,
SI-2025-0204,4,Pass,,
SI-2025-0204,5,Pass,,
SI-2025-0204,6,Pass,,
SI-2025-0204,7,Pass,,
SI-2025-0204,8,Pass,,
SI-2025-0204,9,Fail,Low,Pallets staged on pedestrian route near store B
SI-2025-0204,10,Pass,,
SI-2025-0204,11,Fail,High,Work bench at the main workshop cluttered with offcuts
SI-2025-0204,12,Fail,Low,Spill kit at the yard gate missing absorbent pads
SI-2025-0204,13,Pass,,
SI-2025-0204,14,Pass,,
SI-2025-0204,15,Pass,,
SI-2025-0204,16,Pass,,
SI-2025-0204,17,Pass,,
SI-2025-0204,18,Pass,,
SI-2025-0204,19,Pass,,
SI-2025-0204,20,Pass,,
SI-2025-0204,21,Pass,,
SI-2025-0204,22,Pass,,
SI-2025-0204,23,Pass,,
SI-2025-0204,24,Pass,,
SI-2025-0205,1,Pass,,
SI-2025-0205,2,Pass,,
SI-2025-0205,3,NA,,
SI-2025-0205,4,Pass,,
SI-2025-0205,5,Pass,,
SI-2025-0205,6,Pass,,
SI-2025-0205,7,Pass,,
SI-2025-0205,8,Pass,,
SI-2025-0205,9,Pass,,
SI-2025-0205,10,Pass,,
SI-2025-0205,11,Pass,,
SI-2025-0205,12,Pass,,
SI-2025-0205,13,Pass,,
SI-2025-0205,14,Pass,,
SI-2025-0205,15,Pass,,
SI-2025-0205,16,Pass,,
SI-2025-0205,17,Pass,,
SI-2025-0205,18,Pass,,
SI-2025-0205,19,Pass,,
SI-2025-0205,20,Pass,,
SI-2025-0205,21,Pass,,
SI-2025-0205,22,Pass,,
SI-2025-0205,23,Pass,,
SI-2025-0205,24,Pass,,
SI-2025-0206,1,Pass,,
SI-2025-0206,2,Pass,,
SI-2025-0206,3,Fail,Low,Call point at the dock office blocked by stored materials
SI-2025-0206,4,Pass,,
SI-2025-0206,5,NA,,
SI-2025-0206,6,Pass,,
SI-2025-0206,7,NA,,
SI-2025-0206,8,Pass,,
SI-2025-0206,9,Pass,,
SI-2025-0206,10,Pass,,
SI-2025-0206,11,Pass,,
SI-2025-0206,12,Pass,,
SI-2025-0206,13,Pass,,
SI-2025-0206,14,Pass,,
SI-2025-0206,15,Pass,,
SI-2025-0206,16,Pass,,
SI-2025-0206,17,NA,,
SI-2025-0206,18,Pass,,
SI-2025-0206,19,Pass,,
SI-2025-0206,20,NA,,
SI-2025-0206,21,Pass,,
SI-2025-0206,22,Pass,,
SI-2025-0206,23,Pass,,
SI-2025-0206,24,Pass,,
SI-2025-0207,1,Pass,,
SI-2025-0207,2,Pass,,
SI-2025-0207,3,Fail,Low,Call point at the dock office blocked by stored materials
SI-2025-0207,4,Pass,,
SI-2025-0207,5,Pass,,
SI-2025-0207,6,Pass,,
SI-2025-0207,7,Pass,,
SI-2025-0207,8,Pass,,
SI-2025-0207,9,Pass,,
SI-2025-0207,10,Pass,,
SI-2025-0207,11,Pass,,
SI-2025-0207,12,Pass,,
SI-2025-0207,13,Fail,Medium,Eye-wash bottle at the main workshop past expiry
SI-2025-0207,14,Pass,,
SI-2025-0207,15,Fail,High,Operative without hi-vis near store B
SI-2025-0207,16,Fail,Low,Welfare room at bay 2 without hot water
SI-2025-0207,17,Pass,,
SI-2025-0207,18,Pass,,
SI-2025-0207,19,Pass,,
SI-2025-0207,20,Pass,,
SI-2025-0207,21,Pass,,
SI-2025-0207,22,Fail,Medium,Walkway markings at the dock office worn and faded
SI-2025-0207,23,Pass,,
SI-2025-0207,24,Pass,,
SI-2025-0208,1,Pass,,
SI-2025-0208,2,Pass,,
SI-2025-0208,3,Pass,,
SI-2025-0208,4,Pass,,
SI-2025-0208,5,Pass,,
SI-2025-0208,6,Pass,,
SI-2025-0208,7,Fail,Medium,Damaged extension lead in use at the main workshop
SI-2025-0208,8,Fail,Medium,Isolation switch at bay 2 obstructed
SI-2025-0208,9,Pass,,
SI-2025-0208,10,Pass,,
SI-2025-0208,11,Pass,,
SI-2025-0208,12,Pass,,
SI-2025-0208,13,Pass,,
SI-2025-0208,14,Pass,,
SI-2025-0208,15,Pass,,
SI-2025-0208,16,Fail,Low,Welfare room at the welfare cabin without hot water
SI-2025-0208,17,Pass,,
SI-2025-0208,18,Pass,,
SI-2025-0208,19,Pass,,
SI-2025-0208,20,Pass,,
SI-2025-0208,21,Pass,,
SI-2025-0208,22,NA,,
SI-2025-0208,23,Pass,,
SI-2025-0208,24,Pass,,
SI-2025-0209,1,Pass,,
SI-2025-0209,2,NA,,
SI-2025-0209,3,Pass,,
SI-2025-0209,4,Pass,,
SI-2025-0209,5,Pass,,
SI-2025-0209,6,Pass,,
SI-2025-0209,7,Pass,,
SI-2025-0209,8,Pass,,
SI-2025-0209,9,Pass,,
SI-2025-0209,10,Pass,,
SI-2025-0209,11,Pass,,
SI-2025-0209,12,Pass,,
SI-2025-0209,13,Pass,,
SI-2025-0209,14,Fail,Low,First-aid kit at the north stairwell missing dressings
SI-2025-0209,15,NA,,
SI-2025-0209,16,Pass,,
SI-2025-0209,17,Pass,,
SI-2025-0209,18,Pass,,
SI-2025-0209,19,Pass,,
SI-2025-0209,20,Pass,,
SI-2025-0209,21,Pass,,
SI-2025-0209,22,Fail,Low,Walkway markings at the dock office worn and faded
SI-2025-0209,23,Pass,,
SI-2025-0209,24,Fail,Medium,No vehicle warning signage at the welfare cabin crossing
SI-2025-0210,1,Pass,,
SI-2025-0210,2,NA,,
SI-2025-0210,3,Pass,,
SI-2025-0210,4,Pass,,
SI-2025-0210,5,Pass,,
SI-2025-0210,6,Pass,,
SI-2025-0210,7,Pass,,
SI-2025-0210,8,Pass,,
SI-2025-0210,9,Pass,,
SI-2025-0210,10,Pass,,
SI-2025-0210,11,NA,,
SI-2025-0210,12,Pass,,
SI-2025-0210,13,Pass,,
SI-2025-0210,14,Pass,,
SI-2025-0210,15,Pass,,
SI-2025-0210,16,Fail,High,Welfare room at the north stairwell without hot water
SI-2025-0210,17,Pass,,
SI-2025-0210,18,Pass,,
SI-2025-0210,19,Pass,,
SI-2025-0210,20,NA,,
SI-2025-0210,21,Pass,,
SI-2025-0210,22,Fail,Low,Walkway markings at level 2 worn and faded
SI-2025-0210,23,Pass,,
SI-2025-0210,24,Fail,Medium,No vehicle warning signage at aisle 4 crossing
SI-2025-0211,1,Pass,,
SI-2025-0211,2,Pass,,
SI-2025-0211,3,Pass,,
SI-2025-0211,4,Pass,,
SI-2025-0211,5,Pass,,
SI-2025-0211,6,Pass,,
SI-2025-0211,7,Pass,,
SI-2025-0211,8,Pass,,
SI-2025-0211,9,Fail,Low,Pallets staged on pedestrian route near bay 2
SI-2025-0211,10,Pass,,
SI-2025-0211,11,NA,,
SI-2025-0211,12,Pass,,
SI-2025-0211,13,Pass,,
SI-2025-0211,14,Fail,Low,First-aid kit at the main workshop missing dressings
SI-2025-0211,15,Pass,,
SI-2025-0211,16,Pass,,
SI-2025-0211,17,Pass,,
SI-2025-0211,18,NA,,
SI-2025-0211,19,Fail,Medium,Untagged stepladder in use at bay 2
SI-2025-0211,20,Pass,,
SI-2025-0211,21,Pass,,
SI-2025-0211,22,Fail,Low,Walkway markings at loading bay 6 worn and faded
SI-2025-0211,23,Pass,,
SI-2025-0211,24,Pass,,
SI-2025-0212,1,Pass,,
SI-2025-0212,2,Pass,,
SI-2025-0212,3,Pass,,
SI-2025-0212,4,Pass,,
SI-2025-0212,5,Pass,,
SI-2025-0212,6,NA,,
SI-2025-0212,7,Pass,,
SI-2025-0212,8,Pass,,
SI-2025-0212,9,Pass,,
SI-2025-0212,10,Pass,,
SI-2025-0212,11,Fail,Low,Work bench at the yard gate cluttered with offcuts
SI-2025-0212,12,Pass,,
SI-2025-0212,13,Fail,Medium,Eye-wash bottle at aisle 4 past expiry
SI-2025-0212,14,Pass,,
SI-2025-0212,15,Pass,,
SI-2025-0212,16,Pass,,
SI-2025-0212,17,Pass,,
SI-2025-0212,18,Pass,,
SI-2025-0212,19,Pass,,
SI-2025-0212,20,Pass,,
SI-2025-0212,21,Pass,,
SI-2025-0212,22,Fail,Low,Walkway markings at the main workshop worn and faded
SI-2025-0212,23,Pass,,
SI-2025-0212,24,Pass,,
SI-2025-0213,1,Pass,,
SI-2025-0213,2,Pass,,
SI-2025-0213,3,Pass,,
SI-2025-0213,4,Pass,,
SI-2025-0213,5,Pass,,
SI-2025-0213,6,Pass,,
SI-2025-0213,7,Pass,,
SI-2025-0213,8,Pass,,
SI-2025-0213,9,Pass,,
SI-2025-0213,10,Pass,,
SI-2025-0213,11,Pass,,
SI-2025-0213,12,Pass,,
SI-2025-0213,13,Pass,,
SI-2025-0213,14,Pass,,
SI-2025-0213,15,Pass,,
SI-2025-0213,16,Pass,,
SI-2025-0213,17,Pass,,
SI-2025-0213,18,Pass,,
SI-2025-0213,19,Pass,,
SI-2025-0213,20,Pass,,
SI-2025-0213,21,Fail,Low,Escape route sign above level 2 obscured by stock
SI-2025-0213,22,Pass,,
SI-2025-0213,23,Pass,,
SI-2025-0213,24,Pass,,
SI-2025-0214,1,Pass,,
SI-2025-0214,2,Pass,,
SI-2025-0214,3,Pass,,
SI-2025-0214,4,NA,,
SI-2025-0214,5,Pass,,
SI-2025-0214,6,Pass,,
SI-2025-0214,7,Fail,High,Damaged extension lead in use at the dock office
SI-2025-0214,8,Pass,,
SI-2025-0214,9,Fail,High,Pallets staged on pedestrian route near the east exit
SI-2025-0214,10,Pass,,
SI-2025-0214,11,Fail,Low,Work bench at the main workshop cluttered with offcuts
SI-2025-0214,12,Pass,,
SI-2025-0214,13,Pass,,
SI-2025-0214,14,Pass,,
SI-2025-0214,15,Pass,,
SI-2025-0214,16,Pass,,
SI-2025-0214,17,Pass,,
SI-2025-0214,18,Pass,,
SI-2025-0214,19,Pass,,
SI-2025-0214,20,Pass,,
SI-2025-0214,21,Pass,,
SI-2025-0214,22,Fail,Medium,Walkway markings at bay 2 worn and faded
SI-2025-0214,23,Fail,High,Statutory notice board at the main workshop out of date
SI-2025-0214,24,Pass,,
SI-2025-0215,1,Pass,,
SI-2025-0215,2,Fail,Low,Extinguisher at the north stairwell past its service date
SI-2025-0215,3,Pass,,
SI-2025-0215,4,Pass,,
SI-2025-0215,5,Fail,Medium,PAT label at the dock office expired
SI-2025-0215,6,Pass,,
SI-2025-0215,7,Pass,,
SI-2025-0215,8,Pass,,
SI-2025-0215,9,Pass,,
SI-2025-0215,10,Fail,Low,Waste bins overflowing at bay 2
SI-2025-0215,11,Pass,,
SI-2025-0215,12,NA,,
SI-2025-0215,13,Pass,,
SI-2025-0215,14,Pass,,
SI-2025-0215,15,Fail,Medium,Operative without hi-vis near bay 2
SI-2025-0215,16,Pass,,
SI-2025-0215,17,Pass,,
SI-2025-0215,18,Fail,Low,Overloaded top beam at aisle 4
SI-2025-0215,19,Pass,,
SI-2025-0215,20,Pass,,
SI-2025-0215,21,Pass,,
SI-2025-0215,22,Pass,,
SI-2025-0215,23,Pass,,
SI-2025-0215,24,Fail,High,No vehicle warning signage at the yard gate crossing
SI-2025-0216,1,Pass,,
SI-2025-0216,2,Pass,,
SI-2025-0216,3,Pass,,
SI-2025-0216,4,Pass,,
SI-2025-0216,5,Pass,,
SI-2025-0216,6,Pass,,
SI-2025-0216,7,Pass,,
SI-2025-0216,8,Pass,,
SI-2025-0216,9,Pass,,
SI-2025-0216,10,Pass,,
SI-2025-0216,11,Pass,,
SI-2025-0216,12,Pass,,
SI-2025-0216,13,Pass,,
SI-2025-0216,14,Pass,,
SI-2025-0216,15,Pass,,
SI-2025-0216,16,Pass,,
SI-2025-0216,17,Pass,,
SI-2025-0216,18,Pass,,
SI-2025-0216,19,Pass,,
SI-2025-0216,20,Fail,Low,COSHH register at the east exit not updated this quarter
SI-2025-0216,21,Fail,High,Escape route sign above bay 2 obscured by stock
SI-2025-0216,22,Pass,,
SI-2025-0216,23,Fail,Low,Statutory notice board at the east exit out of date
SI-2025-0216,24,Pass,,
SI-2025-0217,1,Fail,Low,Fire door at the north stairwell catches on frame and does not latch
SI-2025-0217,2,Pass,,
SI-2025-0217,3,Pass,,
SI-2025-0217,4,Pass,,
SI-2025-0217,5,Pass,,
SI-2025-0217,6,Pass,,
SI-2025-0217,7,Pass,,
SI-2025-0217,8,Pass,,
SI-2025-0217,9,Pass,,
SI-2025-0217,10,Pass,,
SI-2025-0217,11,Pass,,
SI-2025-0217,12,Pass,,
SI-2025-0217,13,Pass,,
SI-2025-0217,14,Pass,,
SI-2025-0217,15,Pass,,
SI-2025-0217,16,Pass,,
SI-2025-0217,17,Pass,,
SI-2025-0217,18,Pass,,
SI-2025-0217,19,Pass,,
SI-2025-0217,20,Pass,,
SI-2025-0217,21,Pass,,
SI-2025-0217,22,Fail,Medium,Walkway markings at store B worn and faded
SI-2025-0217,23,Pass,,
SI-2025-0217,24,Pass,,
SI-2025-0218,1,Pass,,
SI-2025-0218,2,Fail,Low,Extinguisher at the welfare cabin past its service date
SI-2025-0218,3,Pass,,
SI-2025-0218,4,Pass,,
SI-2025-0218,5,Fail,Low,PAT label at bay 2 expired
SI-2025-0218,6,NA,,
SI-2025-0218,7,Pass,,
SI-2025-0218,8,Pass,,
SI-2025-0218,9,Pass,,
SI-2025-0218,10,Pass,,
SI-2025-0218,11,Pass,,
SI-2025-0218,12,Pass,,
SI-2025-0218,13,Pass,,
SI-2025-0218,14,Pass,,
SI-2025-0218,15,Fail,Low,Operative without hi-vis near store B
SI-2025-0218,16,Pass,,
SI-2025-0218,17,Pass,,
SI-2025-0218,18,Pass,,
SI-2025-0218,19,Pass,,
SI-2025-0218,20,Fail,Low,COSHH register at the main workshop not updated this quarter
SI-2025-0218,21,Pass,,
SI-2025-0218,22,Pass,,
SI-2025-0218,23,Fail,Medium,Statutory notice board at aisle 4 out of date
SI-2025-0218,24,Pass,,
SI-2025-0219,1,Pass,,
SI-2025-0219,2,Pass,,
SI-2025-0219,3,Pass,,
SI-2025-0219,4,Fail,Medium,Emergency light at the east exit not illuminating on test
SI-2025-0219,5,Pass,,
SI-2025-0219,6,Pass,,
SI-2025-0219,7,Pass,,
SI-2025-0219,8,Pass,,
SI-2025-0219,9,NA,,
SI-2025-0219,10,Pass,,
SI-2025-0219,11,Fail,Medium,Work bench at the north stairwell cluttered with offcuts
SI-2025-0219,12,Pass,,
SI-2025-0219,13,Pass,,
SI-2025-0219,14,Pass,,
SI-2025-0219,15,Pass,,
SI-2025-0219,16,Pass,,
SI-2025-0219,17,Fail,Low,Racking tag at the mezzanine out of date
SI-2025-0219,18,Pass,,
SI-2025-0219,19,Pass,,
SI-2025-0219,20,Pass,,
SI-2025-0219,21,Pass,,
SI-2025-0219,22,Pass,,
SI-2025-0219,23,Pass,,
SI-2025-0219,24,Fail,Low,No vehicle warning signage at the main workshop crossing
SI-2025-0220,1,Fail,Low,Fire door at the main workshop catches on frame and does not latch
SI-2025-0220,2,Pass,,
SI-2025-0220,3,Pass,,
SI-2025-0220,4,NA,,
SI-2025-0220,5,Pass,,
SI-2025-0220,6,Pass,,
SI-2025-0220,7,NA,,
SI-2025-0220,8,Pass,,
SI-2025-0220,9,Pass,,
SI-2025-0220,10,Fail,Low,Waste bins overflowing at level 2
SI-2025-0220,11,Pass,,
SI-2025-0220,12,Pass,,
SI-2025-0220,13,Pass,,
SI-2025-0220,14,Pass,,
SI-2025-0220,15,Pass,,
SI-2025-0220,16,Pass,,
SI-2025-0220,17,Pass,,
SI-2025-0220,18,Pass,,
SI-2025-0220,19,Pass,,
SI-2025-0220,20,Pass,,
SI-2025-0220,21,Pass,,
SI-2025-0220,22,Pass,,
SI-2025-0220,23,Pass,,
SI-2025-0220,24,Pass,,
SI-2025-0221,1,Pass,,
SI-2025-0221,2,Pass,,
SI-2025-0221,3,Pass,,
SI-2025-0221,4,Pass,,
SI-2025-0221,5,Pass,,
SI-2025-0221,6,Pass,,
SI-2025-0221,7,Pass,,
SI-2025-0221,8,Pass,,
SI-2025-0221,9,Pass,,
SI-2025-0221,10,Pass,,
SI-2025-0221,11,Pass,,
SI-2025-0221,12,Pass,,
SI-2025-0221,13,Pass,,
SI-2025-0221,14,Pass,,
SI-2025-0221,15,Pass,,
SI-2025-0221,16,Fail,Low,Welfare room at level 2 without hot water
SI-2025-0221,17,Pass,,
SI-2025-0221,18,Pass,,
SI-2025-0221,19,NA,,
SI-2025-0221,20,Pass,,
SI-2025-0221,21,Pass,,
SI-2025-0221,22,Pass,,
SI-2025-0221,23,Fail,Low,Statutory notice board at level 2 out of date
SI-2025-0221,24,Pass,,
SI-2025-0222,1,Pass,,
SI-2025-0222,2,Pass,,
SI-2025-0222,3,Pass,,
SI-2025-0222,4,Pass,,
SI-2025-0222,5,Pass,,
SI-2025-0222,6,Pass,,
SI-2025-0222,7,Fail,High,Damaged extension lead in use at the dock office
SI-2025-0222,8,NA,,
SI-2025-0222,9,Pass,,
SI-2025-0222,10,Pass,,
SI-2025-0222,11,Pass,,
SI-2025-0222,12,Fail,Medium,Spill kit at aisle 4 missing absorbent pads
SI-2025-0222,13,Pass,,
SI-2025-0222,14,Pass,,
SI-2025-0222,15,Fail,Medium,Operative without hi-vis near aisle 4
SI-2025-0222,16,Pass,,
SI-2025-0222,17,Pass,,
SI-2025-0222,18,Pass,,
SI-2025-0222,19,Pass,,
SI-2025-0222,20,Pass,,
SI-2025-0222,21,Fail,Low,Escape route sign above the east exit obscured by stock
SI-2025-0222,22,Fail,High,Walkway markings at the dock office worn and faded
SI-2025-0222,23,Fail,Medium,Statutory notice board at bay 2 out of date
SI-2025-0222,24,Pass,,
SI-2025-0223,1,Pass,,
SI-2025-0223,2,Pass,,
SI-2025-0223,3,Pass,,
SI-2025-0223,4,Pass,,
SI-2025-0223,5,Fail,Low,PAT label at the east exit expired
SI-2025-0223,6,Pass,,
SI-2025-0223,7,Pass,,
SI-2025-0223,8,Pass,,
SI-2025-0223,9,Pass,,
SI-2025-0223,10,Pass,,
SI-2025-0223,11,Pass,,
SI-2025-0223,12,Pass,,
SI-2025-0223,13,Pass,,
SI-2025-0223,14,Pass,,
SI-2025-0223,15,Pass,,
SI-2025-0223,16,Pass,,
SI-2025-0223,17,Fail,Medium,Racking tag at level 2 out of date
SI-2025-0223,18,Fail,Low,Overloaded top beam at the east exit
SI-2025-0223,19,Pass,,
SI-2025-0223,20,NA,,
SI-2025-0223,21,Pass,,
SI-2025-0223,22,Pass,,
SI-2025-0223,23,Pass,,
SI-2025-0223,24,Pass,,
SI-2025-0224,1,Pass,,
SI-2025-0224,2,Fail,Medium,Extinguisher at the main workshop past its service date
SI-2025-0224,3,Pass,,
SI-2025-0224,4,Fail,Medium,Emergency light at the mezzanine not illuminating on test
SI-2025-0224,5,Pass,,
SI-2025-0224,6,Pass,,
SI-2025-0224,7,Pass,,
SI-2025-0224,8,Pass,,
SI-2025-0224,9,Pass,,
SI-2025-0224,10,Pass,,
SI-2025-0224,11,Fail,Medium,Work bench at the dock office cluttered with offcuts
SI-2025-0224,12,Pass,,
SI-2025-0224,13,Fail,Low,Eye-wash bottle at the mezzanine past expiry
SI-2025-0224,14,Pass,,
SI-2025-0224,15,Pass,,
SI-2025-0224,16,Pass,,
SI-2025-0224,17,Pass,,
SI-2025-0224,18,Pass,,
SI-2025-0224,19,Pass,,
SI-2025-0224,20,Pass,,
SI-2025-0224,21,Pass,,
SI-2025-0224,22,Pass,,
SI-2025-0224,23,Fail,Low,Statutory notice board at the mezzanine out of date
SI-2025-0224,24,Fail,Low,No vehicle warning signage at the north stairwell crossing
SI-2025-0225,1,Pass,,
SI-2025-0225,2,Fail,Low,Extinguisher at aisle 4 past its service date
SI-2025-0225,3,Pass,,
SI-2025-0225,4,Pass,,
SI-2025-0225,5,Pass,,
SI-2025-0225,6,Pass,,
SI-2025-0225,7,Pass,,
SI-2025-0225,8,Pass,,
SI-2025-0225,9,Pass,,
SI-2025-0225,10,Pass,,
SI-2025-0225,11,Pass,,
SI-2025-0225,12,Fail,High,Spill kit at the welfare cabin missing absorbent pads
SI-2025-0225,13,Pass,,
SI-2025-0225,14,Pass,,
SI-2025-0225,15,Pass,,
SI-2025-0225,16,Pass,,
SI-2025-0225,17,Pass,,
SI-2025-0225,18,Pass,,
SI-2025-0225,19,Pass,,
SI-2025-0225,20,Pass,,
SI-2025-0225,21,Pass,,
SI-2025-0225,22,Fail,Low,Walkway markings at the east exit worn and faded
SI-2025-0225,23,Fail,Low,Statutory notice board at the dock office out of date
SI-2025-0225,24,Fail,Low,No vehicle warning signage at the north stairwell crossing
SI-2025-0226,1,Pass,,
SI-2025-0226,2,Pass,,
SI-2025-0226,3,Pass,,
SI-2025-0226,4,Fail,Low,Emergency light at the welfare cabin not illuminating on test
SI-2025-0226,5,Pass,,
SI-2025-0226,6,Pass,,
SI-2025-0226,7,Pass,,
SI-2025-0226,8,Pass,,
SI-2025-0226,9,Pass,,
SI-2025-0226,10,Pass,,
SI-2025-0226,11,Pass,,
SI-2025-0226,12,Pass,,
SI-2025-0226,13,Pass,,
SI-2025-0226,14,Pass,,
SI-2025-0226,15,Pass,,
SI-2025-0226,16,NA,,
SI-2025-0226,17,Pass,,
SI-2025-0226,18,Pass,,
SI-2025-0226,19,Pass,,
SI-2025-0226,20,Fail,High,COSHH register at the welfare cabin not updated this quarter
SI-2025-0226,21,Pass,,
SI-2025-0226,22,Pass,,
SI-2025-0226,23,Pass,,
SI-2025-0226,24,Pass,,
SI-2025-0227,1,Fail,Medium,Fire door at the dock office catches on frame and does not latch
SI-2025-0227,2,Pass,,
SI-2025-0227,3,NA,,
SI-2025-0227,4,Pass,,
SI-2025-0227,5,Pass,,
SI-2025-0227,6,NA,,
SI-2025-0227,7,Pass,,
SI-2025-0227,8,Pass,,
SI-2025-0227,9,Pass,,
SI-2025-0227,10,Fail,Low,Waste bins overflowing at the main workshop
SI-2025-0227,11,Pass,,
SI-2025-0227,12,Pass,,
SI-2025-0227,13,Pass,,
SI-2025-0227,14,NA,,
SI-2025-0227,15,Pass,,
SI-2025-0227,16,Fail,Low,Welfare room at the welfare cabin without hot water
SI-2025-0227,17,Pass,,
SI-2025-0227,18,Pass,,
SI-2025-0227,19,Pass,,
SI-2025-0227,20,Fail,Medium,COSHH register at bay 2 not updated this quarter
SI-2025-0227,21,Pass,,
SI-2025-0227,22,Pass,,
SI-2025-0227,23,NA,,
SI-2025-0227,24,NA,,
SI-2025-0228,1,NA,,
SI-2025-0228,2,Pass,,
SI-2025-0228,3,Pass,,
SI-2025-0228,4,Pass,,
SI-2025-0228,5,Pass,,
SI-2025-0228,6,Pass,,
SI-2025-0228,7,Pass,,
SI-2025-0228,8,Pass,,
SI-2025-0228,9,Fail,Low,Pallets staged on pedestrian route near loading bay 6
SI-2025-0228,10,Pass,,
SI-2025-0228,11,Pass,,
SI-2025-0228,12,Pass,,
SI-2025-0228,13,Pass,,
SI-2025-0228,14,Pass,,
SI-2025-0228,15,Pass,,
SI-2025-0228,16,Pass,,
SI-2025-0228,17,NA,,
SI-2025-0228,18,Pass,,
SI-2025-0228,19,Pass,,
SI-2025-0228,20,Pass,,
SI-2025-0228,21,Pass,,
SI-2025-0228,22,Pass,,
SI-2025-0228,23,Pass,,
SI-2025-0228,24,Fail,High,No vehicle warning signage at the main workshop crossing
SI-2025-0229,1,Fail,Low,Fire door at store B catches on frame and does not latch
SI-2025-0229,2,Pass,,
SI-2025-0229,3,Pass,,
SI-2025-0229,4,Fail,Low,Emergency light at the east exit not illuminating on test
SI-2025-0229,5,Pass,,
SI-2025-0229,6,Pass,,
SI-2025-0229,7,Pass,,
SI-2025-0229,8,Fail,Medium,Isolation switch at the dock office obstructed
SI-2025-0229,9,Pass,,
SI-2025-0229,10,Fail,Medium,Waste bins overflowing at level 2
SI-2025-0229,11,Pass,,
SI-2025-0229,12,Pass,,
SI-2025-0229,13,Pass,,
SI-2025-0229,14,Pass,,
SI-2025-0229,15,Fail,High,Operative without hi-vis near the mezzanine
SI-2025-0229,16,Pass,,
SI-2025-0229,17,Pass,,
SI-2025-0229,18,Pass,,
SI-2025-0229,19,Pass,,
SI-2025-0229,20,Pass,,
SI-2025-0229,21,Pass,,
SI-2025-0229,22,Pass,,
SI-2025-0229,23,Pass,,
SI-2025-0229,24,Pass,,
SI-2025-0230,1,Pass,,
SI-2025-0230,2,NA,,
SI-2025-0230,3,Pass,,
SI-2025-0230,4,Pass,,
SI-2025-0230,5,NA,,
SI-2025-0230,6,Pass,,
SI-2025-0230,7,Pass,,
SI-2025-0230,8,Pass,,
SI-2025-0230,9,Pass,,
SI-2025-0230,10,Pass,,
SI-2025-0230,11,Pass,,
SI-2025-0230,12,Pass,,
SI-2025-0230,13,Pass,,
SI-2025-0230,14,Pass,,
SI-2025-0230,15,Fail,High,Operative without hi-vis near loading bay 6
SI-2025-0230,16,Pass,,
SI-2025-0230,17,Pass,,
SI-2025-0230,18,Pass,,
SI-2025-0230,19,Pass,,
SI-2025-0230,20,Pass,,
SI-2025-0230,21,Pass,,
SI-2025-0230,22,Fail,Low,Walkway markings at the welfare cabin worn and faded
SI-2025-0230,23,Fail,Low,Statutory notice board at store B out of date
SI-2025-0230,24,Pass,,
SI-2025-0231,1,Pass,,
SI-2025-0231,2,NA,,
SI-2025-0231,3,Pass,,
SI-2025-0231,4,Fail,High,Emergency light at store B not illuminating on test
SI-2025-0231,5,Pass,,
SI-2025-0231,6,Pass,,
SI-2025-0231,7,Pass,,
SI-2025-0231,8,Pass,,
SI-2025-0231,9,Pass,,
SI-2025-0231,10,Pass,,
SI-2025-0231,11,Fail,Low,Work bench at the east exit cluttered with offcuts
SI-2025-0231,12,Pass,,
SI-2025-0231,13,Pass,,
SI-2025-0231,14,Fail,Medium,First-aid kit at store B missing dressings
SI-2025-0231,15,Pass,,
SI-2025-0231,16,Pass,,
SI-2025-0231,17,Pass,,
SI-2025-0231,18,Pass,,
SI-2025-0231,19,Pass,,
SI-2025-0231,20,Pass,,
SI-2025-0231,21,Pass,,
SI-2025-0231,22,Fail,Low,Walkway markings at the east exit worn and faded
SI-2025-0231,23,Pass,,
SI-2025-0231,24,Pass,,
SI-2025-0232,1,Fail,Medium,Fire door at bay 2 catches on frame and does not latch
SI-2025-0232,2,Pass,,
SI-2025-0232,3,Pass,,
SI-2025-0232,4,Pass,,
SI-2025-0232,5,Pass,,
SI-2025-0232,6,Pass,,
SI-2025-0232,7,Pass,,
SI-2025-0232,8,Fail,High,Isolation switch at the dock office obstructed
SI-2025-0232,9,Pass,,
SI-2025-0232,10,Pass,,
SI-2025-0232,11,Pass,,
SI-2025-0232,12,Pass,,
SI-2025-0232,13,Pass,,
SI-2025-0232,14,Pass,,
SI-2025-0232,15,Fail,Medium,Operative without hi-vis near aisle 4
SI-2025-0232,16,Pass,,
SI-2025-0232,17,Pass,,
SI-2025-0232,18,Pass,,
SI-2025-0232,19,Pass,,
SI-2025-0232,20,Pass,,
SI-2025-0232,21,Pass,,
SI-2025-0232,22,Pass,,
SI-2025-0232,23,Pass,,
SI-2025-0232,24,Pass,,
SI-2025-0233,1,Pass,,
SI-2025-0233,2,Pass,,
SI-2025-0233,3,Pass,,
SI-2025-0233,4,Pass,,
SI-2025-0233,5,Pass,,
SI-2025-0233,6,Pass,,
SI-2025-0233,7,Pass,,
SI-2025-0233,8,Pass,,
SI-2025-0233,9,Pass,,
SI-2025-0233,10,Pass,,
SI-2025-0233,11,Pass,,
SI-2025-0233,12,Pass,,
SI-2025-0233,13,Pass,,
SI-2025-0233,14,Pass,,
SI-2025-0233,15,Pass,,
SI-2025-0233,16,Pass,,
SI-2025-0233,17,Pass,,
SI-2025-0233,18,Pass,,
SI-2025-0233,19,Pass,,
SI-2025-0233,20,Pass,,
SI-2025-0233,21,Pass,,
SI-2025-0233,22,Pass,,
SI-2025-0233,23,Fail,Medium,Statutory notice board at store B out of date
SI-2025-0233,24,Fail,Low,No vehicle warning signage at store B crossing
SI-2025-0234,1,Pass,,
SI-2025-0234,2,Pass,,
SI-2025-0234,3,Pass,,
SI-2025-0234,4,Pass,,
SI-2025-0234,5,Pass,,
SI-2025-0234,6,NA,,
SI-2025-0234,7,Pass,,
SI-2025-0234,8,Pass,,
SI-2025-0234,9,Fail,Low,Pallets staged on pedestrian route near level 2
SI-2025-0234,10,Pass,,
SI-2025-0234,11,Pass,,
SI-2025-0234,12,Pass,,
SI-2025-0234,13,Pass,,
SI-2025-0234,14,Pass,,
SI-2025-0234,15,Pass,,
SI-2025-0234,16,Pass,,
SI-2025-0234,17,Fail,Medium,Racking tag at bay 2 out of date
SI-2025-0234,18,NA,,
SI-2025-0234,19,Fail,Medium,Untagged stepladder in use at the yard gate
SI-2025-0234,20,Pass,,
SI-2025-0234,21,Pass,,
SI-2025-0234,22,Pass,,
SI-2025-0234,23,NA,,
SI-2025-0234,24,Pass,,
SI-2025-0235,1,Pass,,
SI-2025-0235,2,Pass,,
SI-2025-0235,3,Pass,,
SI-2025-0235,4,Pass,,
SI-2025-0235,5,Pass,,
SI-2025-0235,6,Pass,,
SI-2025-0235,7,Pass,,
SI-2025-0235,8,Pass,,
SI-2025-0235,9,Pass,,
SI-2025-0235,10,Pass,,
SI-2025-0235,11,Fail,Low,Work bench at the dock office cluttered with offcuts
SI-2025-0235,12,Pass,,
SI-2025-0235,13,Pass,,
SI-2025-0235,14,Pass,,
SI-2025-0235,15,Pass,,
SI-2025-0235,16,Pass,,
SI-2025-0235,17,Pass,,
SI-2025-0235,18,Pass,,
SI-2025-0235,19,Pass,,
SI-2025-0235,20,Pass,,
SI-2025-0235,21,Pass,,
SI-2025-0235,22,Pass,,
SI-2025-0235,23,Pass,,
SI-2025-0235,24,Pass,,
SI-2025-0236,1,Fail,Low,Fire door at level 2 catches on frame and does not latch
SI-2025-0236,2,Pass,,
SI-2025-0236,3,Pass,,
SI-2025-0236,4,Pass,,
SI-2025-0236,5,Pass,,
SI-2025-0236,6,Pass,,
SI-2025-0236,7,Pass,,
SI-2025-0236,8,Pass,,
SI-2025-0236,9,Pass,,
SI-2025-0236,10,Pass,,
SI-2025-0236,11,Pass,,
SI-2025-0236,12,Fail,Low,Spill kit at the welfare cabin missing absorbent pads
SI-2025-0236,13,Pass,,
SI-2025-0236,14,Pass,,
SI-2025-0236,15,Pass,,
SI-2025-0236,16,Pass,,
SI-2025-0236,17,Pass,,
SI-2025-0236,18,Pass,,
SI-2025-0236,19,Pass,,
SI-2025-0236,20,Pass,,
SI-2025-0236,21,Pass,,
SI-2025-0236,22,Fail,High,Walkway markings at bay 2 worn and faded
SI-2025-0236,23,Pass,,
SI-2025-0236,24,Pass,,
SI-2025-0237,1,Pass,,
SI-2025-0237,2,Pass,,
SI-2025-0237,3,Pass,,
SI-2025-0237,4,Pass,,
SI-2025-0237,5,Pass,,
SI-2025-0237,6,Pass,,
SI-2025-0237,7,Pass,,
SI-2025-0237,8,Pass,,
SI-2025-0237,9,Fail,Medium,Pallets staged on pedestrian route near the welfare cabin
SI-2025-0237,10,Pass,,
SI-2025-0237,11,Fail,Low,Work bench at bay 2 cluttered with offcuts
SI-2025-0237,12,Pass,,
SI-2025-0237,13,Pass,,
SI-2025-0237,14,Pass,,
SI-2025-0237,15,Pass,,
SI-2025-0237,16,Pass,,
SI-2025-0237,17,Pass,,
SI-2025-0237,18,Pass,,
SI-2025-0237,19,Pass,,
SI-2025-0237,20,NA,,
SI-2025-0237,21,Fail,Low,Escape route sign above store B obscured by stock
SI-2025-0237,22,Pass,,
SI-2025-0237,23,Pass,,
SI-2025-0237,24,Pass,,
SI-2025-0238,1,Fail,Low,Fire door at the dock office catches on frame and does not latch
SI-2025-0238,2,Fail,Low,Extinguisher at the yard gate past its service date
SI-2025-0238,3,Pass,,
SI-2025-0238,4,Pass,,
SI-2025-0238,5,Pass,,
SI-2025-0238,6,Pass,,
SI-2025-0238,7,Fail,Low,Damaged extension lead in use at store B
SI-2025-0238,8,Pass,,
SI-2025-0238,9,Fail,Low,Pallets staged on pedestrian route near store B
SI-2025-0238,10,Pass,,
SI-2025-0238,11,Pass,,
SI-2025-0238,12,Fail,Medium,Spill kit at the dock office missing absorbent pads
SI-2025-0238,13,Fail,Medium,Eye-wash bottle at aisle 4 past expiry
SI-2025-0238,14,Pass,,
SI-2025-0238,15,Pass,,
SI-2025-0238,16,Pass,,
SI-2025-0238,17,Pass,,
SI-2025-0238,18,Pass,,
SI-2025-0238,19,Pass,,
SI-2025-0238,20,Pass,,
SI-2025-0238,21,Pass,,
SI-2025-0238,22,Pass,,
SI-2025-0238,23,Fail,Medium,Statutory notice board at aisle 4 out of date
SI-2025-0238,24,Pass,,
SI-2025-0239,1,Fail,Medium,Fire door at the main workshop catches on frame and does not latch
SI-2025-0239,2,Pass,,
SI-2025-0239,3,Pass,,
SI-2025-0239,4,Pass,,
SI-2025-0239,5,Pass,,
SI-2025-0239,6,Pass,,
SI-2025-0239,7,Pass,,
SI-2025-0239,8,Pass,,
SI-2025-0239,9,Pass,,
SI-2025-0239,10,Pass,,
SI-2025-0239,11,Pass,,
SI-2025-0239,12,Pass,,
SI-2025-0239,13,Pass,,
SI-2025-0239,14,Pass,,
SI-2025-0239,15,Pass,,
SI-2025-0239,16,Pass,,
SI-2025-0239,17,Pass,,
SI-2025-0239,18,Pass,,
SI-2025-0239,19,NA,,
SI-2025-0239,20,Pass,,
SI-2025-0239,21,Pass,,
SI-2025-0239,22,Fail,Low,Walkway markings at bay 2 worn and faded
SI-2025-0239,23,Pass,,
SI-2025-0239,24,Fail,Low,No vehicle warning signage at the yard gate crossing
SI-2025-0240,1,Pass,,
SI-2025-0240,2,Pass,,
SI-2025-0240,3,Pass,,
SI-2025-0240,4,Pass,,
SI-2025-0240,5,Pass,,
SI-2025-0240,6,Pass,,
SI-2025-0240,7,Pass,,
SI-2025-0240,8,Pass,,
SI-2025-0240,9,Fail,High,Pallets staged on pedestrian route near the yard gate
SI-2025-0240,10,Pass,,
SI-2025-0240,11,Pass,,
SI-2025-0240,12,Pass,,
SI-2025-0240,13,Pass,,
SI-2025-0240,14,Fail,Low,First-aid kit at the dock office missing dressings
SI-2025-0240,15,Pass,,
SI-2025-0240,16,Pass,,
SI-2025-0240,17,Pass,,
SI-2025-0240,18,NA,,
SI-2025-0240,19,Pass,,
SI-2025-0240,20,Pass,,
SI-2025-0240,21,Pass,,
SI-2025-0240,22,Pass,,
SI-2025-0240,23,Fail,Low,Statutory notice board at level 2 out of date
SI-2025-0240,24,Pass,,
SI-2025-0241,1,Pass,,
SI-2025-0241,2,Fail,Low,Extinguisher at level 2 past its service date
SI-2025-0241,3,Pass,,
SI-2025-0241,4,NA,,
SI-2025-0241,5,Fail,Medium,PAT label at the welfare cabin expired
SI-2025-0241,6,Pass,,
SI-2025-0241,7,Pass,,
SI-2025-0241,8,Pass,,
SI-2025-0241,9,Pass,,
SI-2025-0241,10,Pass,,
SI-2025-0241,11,Pass,,
SI-2025-0241,12,Pass,,
SI-2025-0241,13,Pass,,
SI-2025-0241,14,NA,,
SI-2025-0241,15,Fail,Low,Operative without hi-vis near the yard gate
SI-2025-0241,16,Fail,Low,Welfare room at the yard gate without hot water
SI-2025-0241,17,Pass,,
SI-2025-0241,18,Pass,,
SI-2025-0241,19,Pass,,
SI-2025-0241,20,Pass,,
SI-2025-0241,21,Pass,,
SI-2025-0241,22,Pass,,
SI-2025-0241,23,Pass,,
SI-2025-0241,24,Fail,Low,No vehicle warning signage at loading bay 6 crossing
SI-2025-0242,1,Pass,,
SI-2025-0242,2,Pass,,
SI-2025-0242,3,Pass,,
SI-2025-0242,4,Pass,,
SI-2025-0242,5,Pass,,
SI-2025-0242,6,Pass,,
SI-2025-0242,7,Pass,,
SI-2025-0242,8,Pass,,
SI-2025-0242,9,Pass,,
SI-2025-0242,10,Pass,,
SI-2025-0242,11,Pass,,
SI-2025-0242,12,Pass,,
SI-2025-0242,13,NA,,
SI-2025-0242,14,Pass,,
SI-2025-0242,15,Pass,,
SI-2025-0242,16,Pass,,
SI-2025-0242,17,Pass,,
SI-2025-0242,18,Pass,,
SI-2025-0242,19,Pass,,
SI-2025-0242,20,Pass,,
SI-2025-0242,21,NA,,
SI-2025-0242,22,NA,,
SI-2025-0242,23,Pass,,
SI-2025-0242,24,Pass,,
SI-2025-0243,1,Pass,,
SI-2025-0243,2,Pass,,
SI-2025-0243,3,Pass,,
SI-2025-0243,4,Pass,,
SI-2025-0243,5,Pass,,
SI-2025-0243,6,NA,,
SI-2025-0243,7,Pass,,
SI-2025-0243,8,Pass,,
SI-2025-0243,9,Fail,Medium,Pallets staged on pedestrian route near the welfare cabin
SI-2025-0243,10,Pass,,
SI-2025-0243,11,Pass,,
SI-2025-0243,12,Pass,,
SI-2025-0243,13,Pass,,
SI-2025-0243,14,Pass,,
SI-2025-0243,15,Pass,,
SI-2025-0243,16,Pass,,
SI-2025-0243,17,Pass,,
SI-2025-0243,18,Pass,,
SI-2025-0243,19,Pass,,
SI-2025-0243,20,Pass,,
SI-2025-0243,21,Fail,Low,Escape route sign above bay 2 obscured by stock
SI-2025-0243,22,Pass,,
SI-2025-0243,23,Fail,Low,Statutory notice board at the east exit out of date
SI-2025-0243,24,Pass,,
SI-2025-0244,1,Pass,,
SI-2025-0244,2,Pass,,
SI-2025-0244,3,Fail,Low,Call point at aisle 4 blocked by stored materials
SI-2025-0244,4,Fail,Low,Emergency light at the east exit not illuminating on test
SI-2025-0244,5,Pass,,
SI-2025-0244,6,Pass,,
SI-2025-0244,7,Pass,,
SI-2025-0244,8,Pass,,
SI-2025-0244,9,Pass,,
SI-2025-0244,10,Pass,,
SI-2025-0244,11,Pass,,
SI-2025-0244,12,Pass,,
SI-2025-0244,13,Pass,,
SI-2025-0244,14,Pass,,
SI-2025-0244,15,Pass,,
SI-2025-0244,16,Pass,,
SI-2025-0244,17,Pass,,
SI-2025-0244,18,NA,,
SI-2025-0244,19,Fail,Medium,Untagged stepladder in use at aisle 4
SI-2025-0244,20,Pass,,
SI-2025-0244,21,Pass,,
SI-2025-0244,22,Pass,,
SI-2025-0244,23,Pass,,
SI-2025-0244,24,Fail,Low,No vehicle warning signage at the north stairwell crossing
SI-2025-0245,1,Pass,,
SI-2025-0245,2,Pass,,
SI-2025-0245,3,Pass,,
SI-2025-0245,4,Pass,,
SI-2025-0245,5,Pass,,
SI-2025-0245,6,Pass,,
SI-2025-0245,7,Pass,,
SI-2025-0245,8,Pass,,
SI-2025-0245,9,Pass,,
SI-2025-0245,10,Pass,,
SI-2025-0245,11,Pass,,
SI-2025-0245,12,Pass,,
SI-2025-0245,13,Pass,,
SI-2025-0245,14,Pass,,
SI-2025-0245,15,Pass,,
SI-2025-0245,16,Fail,Medium,Welfare room at bay 2 without hot water
SI-2025-0245,17,Pass,,
SI-2025-0245,18,Pass,,
SI-2025-0245,19,Pass,,
SI-2025-0245,20,Pass,,
SI-2025-0245,21,Pass,,
SI-2025-0245,22,Fail,Medium,Walkway markings at the north stairwell worn and faded
SI-2025-0245,23,Pass,,
SI-2025-0245,24,Pass,,
SI-2025-0246,1,Pass,,
SI-2025-0246,2,Pass,,
SI-2025-0246,3,Fail,High,Call point at loading bay 6 blocked by stored materials
SI-2025-0246,4,Pass,,
SI-2025-0246,5,Pass,,
SI-2025-0246,6,Pass,,
SI-2025-0246,7,Pass,,
SI-2025-0246,8,Pass,,
SI-2025-0246,9,Fail,High,Pallets staged on pedestrian route near the welfare cabin
SI-2025-0246,10,Pass,,
SI-2025-0246,11,Pass,,
SI-2025-0246,12,Pass,,
SI-2025-0246,13,Pass,,
SI-2025-0246,14,Pass,,
SI-2025-0246,15,Fail,Medium,Operative without hi-vis near loading bay 6
SI-2025-0246,16,Pass,,
SI-2025-0246,17,Pass,,
SI-2025-0246,18,Pass,,
SI-2025-0246,19,Pass,,
SI-2025-0246,20,Fail,Medium,COSHH register at level 2 not updated this quarter
SI-2025-0246,21,Pass,,
SI-2025-0246,22,Pass,,
SI-2025-0246,23,Pass,,
SI-2025-0246,24,Pass,,
SI-2025-0247,1,Pass,,
SI-2025-0247,2,Fail,Medium,Extinguisher at the east exit past its service date
SI-2025-0247,3,Pass,,
SI-2025-0247,4,Pass,,
SI-2025-0247,5,Pass,,
SI-2025-0247,6,NA,,
SI-2025-0247,7,Pass,,
SI-2025-0247,8,Pass,,
SI-2025-0247,9,Fail,Low,Pallets staged on pedestrian route near bay 2
SI-2025-0247,10,Pass,,
SI-2025-0247,11,Pass,,
SI-2025-0247,12,Pass,,
SI-2025-0247,13,Pass,,
SI-2025-0247,14,Pass,,
SI-2025-0247,15,Pass,,
SI-2025-0247,16,Fail,Medium,Welfare room at loading bay 6 without hot water
SI-2025-0247,17,Pass,,
SI-2025-0247,18,Pass,,
SI-2025-0247,19,Pass,,
SI-2025-0247,20,Pass,,
SI-2025-0247,21,Pass,,
SI-2025-0247,22,Pass,,
SI-2025-0247,23,Pass,,
SI-2025-0247,24,Pass,,
SI-2025-0248,1,Pass,,
SI-2025-0248,2,Pass,,
SI-2025-0248,3,Pass,,
SI-2025-0248,4,Pass,,
SI-2025-0248,5,NA,,
SI-2025-0248,6,Pass,,
SI-2025-0248,7,Pass,,
SI-2025-0248,8,Pass,,
SI-2025-0248,9,Pass,,
SI-2025-0248,10,Pass,,
SI-2025-0248,11,Pass,,
SI-2025-0248,12,Fail,Medium,Spill kit at aisle 4 missing absorbent pads
SI-2025-0248,13,Pass,,
SI-2025-0248,14,Pass,,
SI-2025-0248,15,Pass,,
SI-2025-0248,16,Pass,,
SI-2025-0248,17,Pass,,
SI-2025-0248,18,Pass,,
SI-2025-0248,19,Pass,,
SI-2025-0248,20,Pass,,
SI-2025-0248,21,Pass,,
SI-2025-0248,22,Pass,,
SI-2025-0248,23,Pass,,
SI-2025-0248,24,NA,,
SI-2025-0249,1,Pass,,
SI-2025-0249,2,Pass,,
SI-2025-0249,3,Pass,,
SI-2025-0249,4,Pass,,
SI-2025-0249,5,Pass,,
SI-2025-0249,6,Pass,,
SI-2025-0249,7,Fail,Low,Damaged extension lead in use at bay 2
SI-2025-0249,8,Pass,,
SI-2025-0249,9,Pass,,
SI-2025-0249,10,Pass,,
SI-2025-0249,11,Pass,,
SI-2025-0249,12,Pass,,
SI-2025-0249,13,Fail,Low,Eye-wash bottle at the welfare cabin past expiry
SI-2025-0249,14,Fail,Low,First-aid kit at aisle 4 missing dressings
SI-2025-0249,15,Pass,,
SI-2025-0249,16,Pass,,
SI-2025-0249,17,Pass,,
SI-2025-0249,18,Pass,,
SI-2025-0249,19,Pass,,
SI-2025-0249,20,Pass,,
SI-2025-0249,21,Pass,,
SI-2025-0249,22,Pass,,
SI-2025-0249,23,Pass,,
SI-2025-0249,24,Pass,,
SI-2025-0250,1,Pass,,
SI-2025-0250,2,Pass,,
SI-2025-0250,3,Pass,,
SI-2025-0250,4,Pass,,
SI-2025-0250,5,Pass,,
SI-2025-0250,6,Pass,,
SI-2025-0250,7,Pass,,
SI-2025-0250,8,NA,,
SI-2025-0250,9,NA,,
SI-2025-0250,10,Pass,,
SI-2025-0250,11,Pass,,
SI-2025-0250,12,Fail,High,Spill kit at the main workshop missing absorbent pads
SI-2025-0250,13,Pass,,
SI-2025-0250,14,Pass,,
SI-2025-0250,15,Pass,,
SI-2025-0250,16,Pass,,
SI-2025-0250,17,Pass,,
SI-2025-0250,18,Pass,,
SI-2025-0250,19,Pass,,
SI-2025-0250,20,Pass,,
SI-2025-0250,21,Pass,,
SI-2025-0250,22,Pass,,
SI-2025-0250,23,Pass,,
SI-2025-0250,24,Pass,,
SI-2025-0251,1,Pass,,
SI-2025-0251,2,Pass,,
SI-2025-0251,3,Pass,,
SI-2025-0251,4,Pass,,
SI-2025-0251,5,Pass,,
SI-2025-0251,6,Pass,,
SI-2025-0251,7,Pass,,
SI-2025-0251,8,Pass,,
SI-2025-0251,9,Pass,,
SI-2025-0251,10,Pass,,
SI-2025-0251,11,Pass,,
SI-2025-0251,12,Pass,,
SI-2025-0251,13,Pass,,
SI-2025-0251,14,NA,,
SI-2025-0251,15,Pass,,
SI-2025-0251,16,Fail,Low,Welfare room at the welfare cabin without hot water
SI-2025-0251,17,Pass,,
SI-2025-0251,18,Fail,Medium,Overloaded top beam at level 2
SI-2025-0251,19,Pass,,
SI-2025-0251,20,Fail,Low,COSHH register at store B not updated this quarter
SI-2025-0251,21,Pass,,
SI-2025-0251,22,Pass,,
SI-2025-0251,23,Pass,,
SI-2025-0251,24,Pass,,
SI-2025-0252,1,Pass,,
SI-2025-0252,2,Pass,,
SI-2025-0252,3,Pass,,
SI-2025-0252,4,Fail,Low,Emergency light at aisle 4 not illuminating on test
SI-2025-0252,5,Pass,,
SI-2025-0252,6,Pass,,
SI-2025-0252,7,Pass,,
SI-2025-0252,8,Pass,,
SI-2025-0252,9,Pass,,
SI-2025-0252,10,Fail,Low,Waste bins overflowing at the dock office
SI-2025-0252,11,Pass,,
SI-2025-0252,12,Pass,,
SI-2025-0252,13,Pass,,
SI-2025-0252,14,Pass,,
SI-2025-0252,15,Pass,,
SI-2025-0252,16,Pass,,
SI-2025-0252,17,NA,,
SI-2025-0252,18,Pass,,
SI-2025-0252,19,Pass,,
SI-2025-0252,20,Pass,,
SI-2025-0252,21,Pass,,
SI-2025-0252,22,Pass,,
SI-2025-0252,23,Pass,,
SI-2025-0252,24,Pass,,
SI-2025-0253,1,Pass,,
SI-2025-0253,2,Pass,,
SI-2025-0253,3,Pass,,
SI-2025-0253,4,Pass,,
SI-2025-0253,5,Pass,,
SI-2025-0253,6,Pass,,
SI-2025-0253,7,Pass,,
SI-2025-0253,8,Pass,,
SI-2025-0253,9,Pass,,
SI-2025-0253,10,Pass,,
SI-2025-0253,11,Pass,,
SI-2025-0253,12,Pass,,
SI-2025-0253,13,Pass,,
SI-2025-0253,14,Pass,,
SI-2025-0253,15,Pass,,
SI-2025-0253,16,Pass,,
SI-2025-0253,17,Pass,,
SI-2025-0253,18,Pass,,
SI-2025-0253,19,Pass,,
SI-2025-0253,20,Pass,,
SI-2025-0253,21,Pass,,
SI-2025-0253,22,Pass,,
SI-2025-0253,23,Pass,,
SI-2025-0253,24,Pass,,
SI-2025-0254,1,Pass,,
SI-2025-0254,2,Pass,,
SI-2025-0254,3,Pass,,
SI-2025-0254,4,Pass,,
SI-2025-0254,5,Pass,,
SI-2025-0254,6,Pass,,
SI-2025-0254,7,Pass,,
SI-2025-0254,8,Pass,,
SI-2025-0254,9,Pass,,
SI-2025-0254,10,Pass,,
SI-2025-0254,11,Pass,,
SI-2025-0254,12,Pass,,
SI-2025-0254,13,Pass,,
SI-2025-0254,14,Pass,,
SI-2025-0254,15,Pass,,
SI-2025-0254,16,Pass,,
SI-2025-0254,17,Pass,,
SI-2025-0254,18,NA,,
SI-2025-0254,19,Pass,,
SI-2025-0254,20,Pass,,
SI-2025-0254,21,Pass,,
SI-2025-0254,22,Pass,,
SI-2025-0254,23,Pass,,
SI-2025-0254,24,Pass,,
SI-2025-0255,1,Pass,,
SI-2025-0255,2,Fail,High,Extinguisher at aisle 4 past its service date
SI-2025-0255,3,Pass,,
SI-2025-0255,4,Pass,,
SI-2025-0255,5,Pass,,
SI-2025-0255,6,Pass,,
SI-2025-0255,7,Pass,,
SI-2025-0255,8,Fail,High,Isolation switch at the north stairwell obstructed
SI-2025-0255,9,Pass,,
SI-2025-0255,10,Pass,,
SI-2025-0255,11,Fail,Medium,Work bench at the welfare cabin cluttered with offcuts
SI-2025-0255,12,Pass,,
SI-2025-0255,13,Fail,Low,Eye-wash bottle at level 2 past expiry
SI-2025-0255,14,Pass,,
SI-2025-0255,15,Pass,,
SI-2025-0255,16,Pass,,
SI-2025-0255,17,Pass,,
SI-2025-0255,18,Pass,,
SI-2025-0255,19,Pass,,
SI-2025-0255,20,Pass,,
SI-2025-0255,21,Pass,,
SI-2025-0255,22,Pass,,
SI-2025-0255,23,Pass,,
SI-2025-0255,24,Pass,,
SI-2025-0256,1,Pass,,
SI-2025-0256,2,Pass,,
SI-2025-0256,3,Fail,Low,Call point at the yard gate blocked by stored materials
SI-2025-0256,4,Pass,,
SI-2025-0256,5,Pass,,
SI-2025-0256,6,Pass,,
SI-2025-0256,7,Pass,,
SI-2025-0256,8,Pass,,
SI-2025-0256,9,Pass,,
SI-2025-0256,10,Pass,,
SI-2025-0256,11,Fail,Medium,Work bench at the main workshop cluttered with offcuts
SI-2025-0256,12,Pass,,
SI-2025-0256,13,Pass,,
SI-2025-0256,14,Pass,,
SI-2025-0256,15,Pass,,
SI-2025-0256,16,Pass,,
SI-2025-0256,17,Pass,,
SI-2025-0256,18,Pass,,
SI-2025-0256,19,Pass,,
SI-2025-0256,20,Pass,,
SI-2025-0256,21,Pass,,
SI-2025-0256,22,Fail,Low,Walkway markings at the welfare cabin worn and faded
SI-2025-0256,23,Pass,,
SI-2025-0256,24,Pass,,
SI-2025-0257,1,Pass,,
SI-2025-0257,2,Pass,,
SI-2025-0257,3,Fail,Medium,Call point at the dock office blocked by stored materials
SI-2025-0257,4,Pass,,
SI-2025-0257,5,Pass,,
SI-2025-0257,6,Pass,,
SI-2025-0257,7,Pass,,
SI-2025-0257,8,Pass,,
SI-2025-0257,9,Fail,Low,Pallets staged on pedestrian route near loading bay 6
SI-2025-0257,10,Fail,Medium,Waste bins overflowing at loading bay 6
SI-2025-0257,11,Pass,,
SI-2025-0257,12,Fail,Low,Spill kit at the north stairwell missing absorbent pads
SI-2025-0257,13,Pass,,
SI-2025-0257,14,Pass,,
SI-2025-0257,15,Pass,,
SI-2025-0257,16,Pass,,
SI-2025-0257,17,Pass,,
SI-2025-0257,18,Pass,,
SI-2025-0257,19,Pass,,
SI-2025-0257,20,Pass,,
SI-2025-0257,21,Pass,,
SI-2025-0257,22,Pass,,
SI-2025-0257,23,Pass,,
SI-2025-0257,24,Pass,,
SI-2025-0258,1,Pass,,
SI-2025-0258,2,NA,,
SI-2025-0258,3,Fail,High,Call point at level 2 blocked by stored materials
SI-2025-0258,4,Pass,,
SI-2025-0258,5,Pass,,
SI-2025-0258,6,Pass,,
SI-2025-0258,7,Pass,,
SI-2025-0258,8,Pass,,
SI-2025-0258,9,Pass,,
SI-2025-0258,10,NA,,
SI-2025-0258,11,Pass,,
SI-2025-0258,12,Pass,,
SI-2025-0258,13,Pass,,
SI-2025-0258,14,Pass,,
SI-2025-0258,15,Pass,,
SI-2025-0258,16,Pass,,
SI-2025-0258,17,Fail,Medium,Racking tag at the welfare cabin out of date
SI-2025-0258,18,Pass,,
SI-2025-0258,19,Pass,,
SI-2025-0258,20,NA,,
SI-2025-0258,21,Fail,Low,Escape route sign above the east exit obscured by stock
SI-2025-0258,22,Pass,,
SI-2025-0258,23,Pass,,
SI-2025-0258,24,Pass,,
SI-2025-0259,1,Pass,,
SI-2025-0259,2,Pass,,
SI-2025-0259,3,Pass,,
SI-2025-0259,4,Pass,,
SI-2025-0259,5,Pass,,
SI-2025-0259,6,Pass,,
SI-2025-0259,7,Pass,,
SI-2025-0259,8,Pass,,
SI-2025-0259,9,Pass,,
SI-2025-0259,10,Fail,Low,Waste bins overflowing at the dock office
SI-2025-0259,11,Fail,Low,Work bench at the yard gate cluttered with offcuts
SI-2025-0259,12,Pass,,
SI-2025-0259,13,Pass,,
SI-2025-0259,14,Pass,,
SI-2025-0259,15,Fail,High,Operative without hi-vis near the yard gate
SI-2025-0259,16,Fail,Medium,Welfare room at bay 2 without hot water
SI-2025-0259,17,Pass,,
SI-2025-0259,18,Pass,,
SI-2025-0259,19,Pass,,
SI-2025-0259,20,Pass,,
SI-2025-0259,21,Fail,Medium,Escape route sign above the main workshop obscured by stock
SI-2025-0259,22,Pass,,
SI-2025-0259,23,Pass,,
SI-2025-0259,24,Pass,,
SI-2025-0260,1,Pass,,
SI-2025-0260,2,Pass,,
SI-2025-0260,3,Pass,,
SI-2025-0260,4,Pass,,
SI-2025-0260,5,Pass,,
SI-2025-0260,6,Pass,,
SI-2025-0260,7,Pass,,
SI-2025-0260,8,Pass,,
SI-2025-0260,9,Pass,,
SI-2025-0260,10,Pass,,
SI-2025-0260,11,NA,,
SI-2025-0260,12,Pass,,
SI-2025-0260,13,Pass,,
SI-2025-0260,14,Pass,,
SI-2025-0260,15,Pass,,
SI-2025-0260,16,Pass,,
SI-2025-0260,17,Pass,,
SI-2025-0260,18,Fail,Low,Overloaded top beam at store B
SI-2025-0260,19,NA,,
SI-2025-0260,20,Fail,Low,COSHH register at the main workshop not updated this quarter
SI-2025-0260,21,Pass,,
SI-2025-0260,22,Pass,,
SI-2025-0260,23,Pass,,
SI-2025-0260,24,Pass,,
SI-2025-0261,1,Fail,Medium,Fire door at aisle 4 catches on frame and does not latch
SI-2025-0261,2,Fail,Low,Extinguisher at the dock office past its service date
SI-2025-0261,3,Pass,,
SI-2025-0261,4,Fail,High,Emergency light at the north stairwell not illuminating on test
SI-2025-0261,5,Pass,,
SI-2025-0261,6,Pass,,
SI-2025-0261,7,Pass,,
SI-2025-0261,8,NA,,
SI-2025-0261,9,NA,,
SI-2025-0261,10,Pass,,
SI-2025-0261,11,Pass,,
SI-2025-0261,12,Pass,,
SI-2025-0261,13,Pass,,
SI-2025-0261,14,Pass,,
SI-2025-0261,15,Pass,,
SI-2025-0261,16,NA,,
SI-2025-0261,17,Pass,,
SI-2025-0261,18,Pass,,
SI-2025-0261,19,Pass,,
SI-2025-0261,20,Pass,,
SI-2025-0261,21,Pass,,
SI-2025-0261,22,Pass,,
SI-2025-0261,23,Pass,,
SI-2025-0261,24,Pass,,
SI-2025-0262,1,Pass,,
SI-2025-0262,2,Pass,,
SI-2025-0262,3,Pass,,
SI-2025-0262,4,Fail,High,Emergency light at the main workshop not illuminating on test
SI-2025-0262,5,Pass,,
SI-2025-0262,6,Pass,,
SI-2025-0262,7,Pass,,
SI-2025-0262,8,Pass,,
SI-2025-0262,9,Fail,High,Pallets staged on pedestrian route near level 2
SI-2025-0262,10,Pass,,
SI-2025-0262,11,Pass,,
SI-2025-0262,12,Pass,,
SI-2025-0262,13,Pass,,
SI-2025-0262,14,Pass,,
SI-2025-0262,15,Fail,Medium,Operative without hi-vis near aisle 4
SI-2025-0262,16,Pass,,
SI-2025-0262,17,Fail,Low,Racking tag at loading bay 6 out of date
SI-2025-0262,18,Pass,,
SI-2025-0262,19,Pass,,
SI-2025-0262,20,Pass,,
SI-2025-0262,21,Pass,,
SI-2025-0262,22,Pass,,
SI-2025-0262,23,Pass,,
SI-2025-0262,24,Pass,,
SI-2025-0263,1,Pass,,
SI-2025-0263,2,Pass,,
SI-2025-0263,3,Pass,,
SI-2025-0263,4,Pass,,
SI-2025-0263,5,Fail,Medium,PAT label at bay 2 expired
SI-2025-0263,6,Pass,,
SI-2025-0263,7,Pass,,
SI-2025-0263,8,Pass,,
SI-2025-0263,9,Fail,Medium,Pallets staged on pedestrian route near the north stairwell
SI-2025-0263,10,Pass,,
SI-2025-0263,11,Pass,,
SI-2025-0263,12,Fail,Low,Spill kit at level 2 missing absorbent pads
SI-2025-0263,13,Pass,,
SI-2025-0263,14,Pass,,
SI-2025-0263,15,Pass,,
SI-2025-0263,16,Pass,,
SI-2025-0263,17,Pass,,
SI-2025-0263,18,Pass,,
SI-2025-0263,19,Pass,,
SI-2025-0263,20,Pass,,
SI-2025-0263,21,Pass,,
SI-2025-0263,22,Pass,,
SI-2025-0263,23,Fail,Low,Statutory notice board at the mezzanine out of date
SI-2025-0263,24,Pass,,
SI-2025-0264,1,Pass,,
SI-2025-0264,2,Pass,,
SI-2025-0264,3,Pass,,
SI-2025-0264,4,Pass,,
SI-2025-0264,5,Pass,,
SI-2025-0264,6,Fail,Medium,Distribution board at aisle 4 left open and unlabelled
SI-2025-0264,7,Pass,,
SI-2025-0264,8,Pass,,
SI-2025-0264,9,Pass,,
SI-2025-0264,10,Pass,,
SI-2025-0264,11,Pass,,
SI-2025-0264,12,Pass,,
SI-2025-0264,13,Pass,,
SI-2025-0264,14,Pass,,
SI-2025-0264,15,Pass,,
SI-2025-0264,16,Pass,,
SI-2025-0264,17,Pass,,
SI-2025-0264,18,Pass,,
SI-2025-0264,19,Pass,,
SI-2025-0264,20,Pass,,
SI-2025-0264,21,Fail,Low,Escape route sign above store B obscured by stock
SI-2025-0264,22,Pass,,
SI-2025-0264,23,Pass,,
SI-2025-0264,24,Pass,,
SI-2025-0265,1,Pass,,
SI-2025-0265,2,Pass,,
SI-2025-0265,3,Pass,,
SI-2025-0265,4,Pass,,
SI-2025-0265,5,NA,,
SI-2025-0265,6,Pass,,
SI-2025-0265,7,Pass,,
SI-2025-0265,8,Pass,,
SI-2025-0265,9,Pass,,
SI-2025-0265,10,Pass,,
SI-2025-0265,11,Pass,,
SI-2025-0265,12,Pass,,
SI-2025-0265,13,Pass,,
SI-2025-0265,14,Pass,,
SI-2025-0265,15,Pass,,
SI-2025-0265,16,Pass,,
SI-2025-0265,17,Pass,,
SI-2025-0265,18,Pass,,
SI-2025-0265,19,Pass,,
SI-2025-0265,20,Fail,Low,COSHH register at the main workshop not updated this quarter
SI-2025-0265,21,Pass,,
SI-2025-0265,22,Pass,,
SI-2025-0265,23,NA,,
SI-2025-0265,24,Pass,,
SI-2025-0266,1,Pass,,
SI-2025-0266,2,Pass,,
SI-2025-0266,3,Pass,,
SI-2025-0266,4,Pass,,
SI-2025-0266,5,Pass,,
SI-2025-0266,6,Pass,,
SI-2025-0266,7,Fail,Medium,Damaged extension lead in use at the main workshop
SI-2025-0266,8,Pass,,
SI-2025-0266,9,Fail,Low,Pallets staged on pedestrian route near aisle 4
SI-2025-0266,10,Pass,,
SI-2025-0266,11,Pass,,
SI-2025-0266,12,Fail,Low,Spill kit at the mezzanine missing absorbent pads
SI-2025-0266,13,Pass,,
SI-2025-0266,14,Pass,,
SI-2025-0266,15,Pass,,
SI-2025-0266,16,Pass,,
SI-2025-0266,17,Pass,,
SI-2025-0266,18,Pass,,
SI-2025-0266,19,Pass,,
SI-2025-0266,20,Pass,,
SI-2025-0266,21,Pass,,
SI-2025-0266,22,Pass,,
SI-2025-0266,23,Fail,Medium,Statutory notice board at the mezzanine out of date
SI-2025-0266,24,Fail,Low,No vehicle warning signage at the north stairwell crossing
SI-2025-0267,1,Pass,,
SI-2025-0267,2,Pass,,
SI-2025-0267,3,Pass,,
SI-2025-0267,4,NA,,
SI-2025-0267,5,Pass,,
SI-2025-0267,6,Pass,,
SI-2025-0267,7,Pass,,
SI-2025-0267,8,Pass,,
SI-2025-0267,9,Pass,,
SI-2025-0267,10,Pass,,
SI-2025-0267,11,Pass,,
SI-2025-0267,12,Fail,Low,Spill kit at the dock office missing absorbent pads
SI-2025-0267,13,Pass,,
SI-2025-0267,14,Pass,,
SI-2025-0267,15,Pass,,
SI-2025-0267,16,Pass,,
SI-2025-0267,17,Pass,,
SI-2025-0267,18,Pass,,
SI-2025-0267,19,Pass,,
SI-2025-0267,20,Fail,Low,COSHH register at loading bay 6 not updated this quarter
SI-2025-0267,21,Pass,,
SI-2025-0267,22,Pass,,
SI-2025-0267,23,Pass,,
SI-2025-0267,24,Pass,,
SI-2025-0268,1,Pass,,
SI-2025-0268,2,Pass,,
SI-2025-0268,3,Pass,,
SI-2025-0268,4,Pass,,
SI-2025-0268,5,Pass,,
SI-2025-0268,6,Pass,,
SI-2025-0268,7,Pass,,
SI-2025-0268,8,Pass,,
SI-2025-0268,9,Pass,,
SI-2025-0268,10,NA,,
SI-2025-0268,11,Pass,,
SI-2025-0268,12,Pass,,
SI-2025-0268,13,Pass,,
SI-2025-0268,14,Pass,,
SI-2025-0268,15,Fail,Low,Operative without hi-vis near the mezzanine
SI-2025-0268,16,Pass,,
SI-2025-0268,17,Pass,,
SI-2025-0268,18,Pass,,
SI-2025-0268,19,NA,,
SI-2025-0268,20,Pass,,
SI-2025-0268,21,Pass,,
SI-2025-0268,22,Pass,,
SI-2025-0268,23,Pass,,
SI-2025-0268,24,Pass,,
SI-2025-0269,1,Pass,,
SI-2025-0269,2,Pass,,
SI-2025-0269,3,Pass,,
SI-2025-0269,4,Pass,,
SI-2025-0269,5,Pass,,
SI-2025-0269,6,Pass,,
SI-2025-0269,7,Pass,,
SI-2025-0269,8,Pass,,
SI-2025-0269,9,Fail,Low,Pallets staged on pedestrian route near the dock office
SI-2025-0269,10,Pass,,
SI-2025-0269,11,NA,,
SI-2025-0269,12,NA,,
SI-2025-0269,13,Fail,Low,Eye-wash bottle at store B past expiry
SI-2025-0269,14,Pass,,
SI-2025-0269,15,Pass,,
SI-2025-0269,16,Pass,,
SI-2025-0269,17,Pass,,
SI-2025-0269,18,Pass,,
SI-2025-0269,19,Pass,,
SI-2025-0269,20,Pass,,
SI-2025-0269,21,Pass,,
SI-2025-0269,22,Fail,Low,Walkway markings at the welfare cabin worn and faded
SI-2025-0269,23,Pass,,
SI-2025-0269,24,Pass,,
SI-2025-0270,1,Pass,,
SI-2025-0270,2,Pass,,
SI-2025-0270,3,NA,,
SI-2025-0270,4,Pass,,
SI-2025-0270,5,Pass,,
SI-2025-0270,6,Pass,,
SI-2025-0270,7,Pass,,
SI-2025-0270,8,Pass,,
SI-2025-0270,9,Pass,,
SI-2025-0270,10,Pass,,
SI-2025-0270,11,Fail,Low,Work bench at the welfare cabin cluttered with offcuts
SI-2025-0270,12,Pass,,
SI-2025-0270,13,Pass,,
SI-2025-0270,14,Pass,,
SI-2025-0270,15,NA,,
SI-2025-0270,16,Fail,Low,Welfare room at aisle 4 without hot water
SI-2025-0270,17,Pass,,
SI-2025-0270,18,Pass,,
SI-2025-0270,19,Fail,Medium,Untagged stepladder in use at the east exit
SI-2025-0270,20,Pass,,
SI-2025-0270,21,Pass,,
SI-2025-0270,22,Pass,,
SI-2025-0270,23,Pass,,
SI-2025-0270,24,Pass,,
SI-2025-0271,1,Pass,,
SI-2025-0271,2,Pass,,
SI-2025-0271,3,Pass,,
SI-2025-0271,4,Pass,,
SI-2025-0271,5,Pass,,
SI-2025-0271,6,Pass,,
SI-2025-0271,7,Pass,,
SI-2025-0271,8,Pass,,
SI-2025-0271,9,Pass,,
SI-2025-0271,10,Pass,,
SI-2025-0271,11,Pass,,
SI-2025-0271,12,Pass,,
SI-2025-0271,13,Fail,Medium,Eye-wash bottle at the main workshop past expiry
SI-2025-0271,14,Pass,,
SI-2025-0271,15,Pass,,
SI-2025-0271,16,Pass,,
SI-2025-0271,17,Pass,,
SI-2025-0271,18,Pass,,
SI-2025-0271,19,Pass,,
SI-2025-0271,20,Fail,Medium,COSHH register at level 2 not updated this quarter
SI-2025-0271,21,Fail,Low,Escape route sign above loading bay 6 obscured by stock
SI-2025-0271,22,Pass,,
SI-2025-0271,23,Fail,Low,Statutory notice board at the dock office out of date
SI-2025-0271,24,Pass,,
SI-2025-0272,1,Fail,High,Fire door at the yard gate catches on frame and does not latch
SI-2025-0272,2,Pass,,
SI-2025-0272,3,Pass,,
SI-2025-0272,4,Pass,,
SI-2025-0272,5,Pass,,
SI-2025-0272,6,Fail,Low,Distribution board at the north stairwell left open and unlabelled
SI-2025-0272,7,Pass,,
SI-2025-0272,8,Pass,,
SI-2025-0272,9,Pass,,
SI-2025-0272,10,Pass,,
SI-2025-0272,11,Pass,,
SI-2025-0272,12,Pass,,
SI-2025-0272,13,Fail,High,Eye-wash bottle at the main workshop past expiry
SI-2025-0272,14,Pass,,
SI-2025-0272,15,Pass,,
SI-2025-0272,16,Pass,,
SI-2025-0272,17,Pass,,
SI-2025-0272,18,Pass,,
SI-2025-0272,19,Pass,,
SI-2025-0272,20,Pass,,
SI-2025-0272,21,Pass,,
SI-2025-0272,22,Pass,,
SI-2025-0272,23,Fail,Low,Statutory notice board at the east exit out of date
SI-2025-0272,24,Pass,,
SI-2025-0273,1,Pass,,
SI-2025-0273,2,Pass,,
SI-2025-0273,3,Pass,,
SI-2025-0273,4,Pass,,
SI-2025-0273,5,Pass,,
SI-2025-0273,6,Fail,Medium,Distribution board at the north stairwell left open and unlabelled
SI-2025-0273,7,Pass,,
SI-2025-0273,8,Pass,,
SI-2025-0273,9,Pass,,
SI-2025-0273,10,Pass,,
SI-2025-0273,11,Pass,,
SI-2025-0273,12,Pass,,
SI-2025-0273,13,Pass,,
SI-2025-0273,14,Pass,,
SI-2025-0273,15,Pass,,
SI-2025-0273,16,Pass,,
SI-2025-0273,17,Pass,,
SI-2025-0273,18,Pass,,
SI-2025-0273,19,Pass,,
SI-2025-0273,20,Pass,,
SI-2025-0273,21,Pass,,
SI-2025-0273,22,Pass,,
SI-2025-0273,23,Pass,,
SI-2025-0273,24,Pass,,
SI-2025-0274,1,Pass,,
SI-2025-0274,2,Pass,,
SI-2025-0274,3,Pass,,
SI-2025-0274,4,Pass,,
SI-2025-0274,5,Pass,,
SI-2025-0274,6,Pass,,
SI-2025-0274,7,Pass,,
SI-2025-0274,8,Pass,,
SI-2025-0274,9,Pass,,
SI-2025-0274,10,Pass,,
SI-2025-0274,11,Pass,,
SI-2025-0274,12,Pass,,
SI-2025-0274,13,Pass,,
SI-2025-0274,14,Pass,,
SI-2025-0274,15,Pass,,
SI-2025-0274,16,Pass,,
SI-2025-0274,17,Pass,,
SI-2025-0274,18,Pass,,
SI-2025-0274,19,Pass,,
SI-2025-0274,20,Pass,,
SI-2025-0274,21,Pass,,
SI-2025-0274,22,Pass,,
SI-2025-0274,23,Pass,,
SI-2025-0274,24,Pass,,
SI-2025-0275,1,Pass,,
SI-2025-0275,2,NA,,
SI-2025-0275,3,Pass,,
SI-2025-0275,4,Pass,,
SI-2025-0275,5,Pass,,
SI-2025-0275,6,Pass,,
SI-2025-0275,7,Pass,,
SI-2025-0275,8,Pass,,
SI-2025-0275,9,Pass,,
SI-2025-0275,10,Pass,,
SI-2025-0275,11,Pass,,
SI-2025-0275,12,Pass,,
SI-2025-0275,13,Pass,,
SI-2025-0275,14,NA,,
SI-2025-0275,15,Fail,Low,Operative without hi-vis near aisle 4
SI-2025-0275,16,Pass,,
SI-2025-0275,17,Fail,Medium,Racking tag at aisle 4 out of date
SI-2025-0275,18,NA,,
SI-2025-0275,19,Pass,,
SI-2025-0275,20,Pass,,
SI-2025-0275,21,Fail,Low,Escape route sign above loading bay 6 obscured by stock
SI-2025-0275,22,Pass,,
SI-2025-0275,23,Pass,,
SI-2025-0275,24,Pass,,
SI-2025-0276,1,Pass,,
SI-2025-0276,2,Pass,,
SI-2025-0276,3,Fail,Low,Call point at the welfare cabin blocked by stored materials
SI-2025-0276,4,Pass,,
SI-2025-0276,5,Pass,,
SI-2025-0276,6,Pass,,
SI-2025-0276,7,Pass,,
SI-2025-0276,8,Pass,,
SI-2025-0276,9,Pass,,
SI-2025-0276,10,Pass,,
SI-2025-0276,11,Pass,,
SI-2025-0276,12,Fail,Low,Spill kit at store B missing absorbent pads
SI-2025-0276,13,Pass,,
SI-2025-0276,14,Pass,,
SI-2025-0276,15,Pass,,
SI-2025-0276,16,Pass,,
SI-2025-0276,17,Pass,,
SI-2025-0276,18,NA,,
SI-2025-0276,19,Pass,,
SI-2025-0276,20,Fail,Low,COSHH register at the mezzanine not updated this quarter
SI-2025-0276,21,Pass,,
SI-2025-0276,22,Pass,,
SI-2025-0276,23,Pass,,
SI-2025-0276,24,Pass,,
SI-2025-0277,1,Fail,Medium,Fire door at level 2 catches on frame and does not latch
SI-2025-0277,2,Pass,,
SI-2025-0277,3,Pass,,
SI-2025-0277,4,Pass,,
SI-2025-0277,5,Pass,,
SI-2025-0277,6,Pass,,
SI-2025-0277,7,NA,,
SI-2025-0277,8,Pass,,
SI-2025-0277,9,Pass,,
SI-2025-0277,10,Pass,,
SI-2025-0277,11,Pass,,
SI-2025-0277,12,Pass,,
SI-2025-0277,13,Pass,,
SI-2025-0277,14,Pass,,
SI-2025-0277,15,Fail,High,Operative without hi-vis near store B
SI-2025-0277,16,Pass,,
SI-2025-0277,17,Fail,Low,Racking tag at store B out of date
SI-2025-0277,18,Pass,,
SI-2025-0277,19,Pass,,
SI-2025-0277,20,Pass,,
SI-2025-0277,21,Pass,,
SI-2025-0277,22,Pass,,
SI-2025-0277,23,Fail,Low,Statutory notice board at the east exit out of date
SI-2025-0277,24,Pass,,
SI-2025-0278,1,Pass,,
SI-2025-0278,2,Pass,,
SI-2025-0278,3,Pass,,
SI-2025-0278,4,Fail,Low,Emergency light at the yard gate not illuminating on test
SI-2025-0278,5,Pass,,
SI-2025-0278,6,Pass,,
SI-2025-0278,7,Pass,,
SI-2025-0278,8,Pass,,
SI-2025-0278,9,Fail,Low,Pallets staged on pedestrian route near level 2
SI-2025-0278,10,Pass,,
SI-2025-0278,11,Pass,,
SI-2025-0278,12,Pass,,
SI-2025-0278,13,Pass,,
SI-2025-0278,14,Pass,,
SI-2025-0278,15,Pass,,
SI-2025-0278,16,Pass,,
SI-2025-0278,17,Fail,Low,Racking tag at the east exit out of date
SI-2025-0278,18,Fail,Medium,Overloaded top beam at loading bay 6
SI-2025-0278,19,Pass,,
SI-2025-0278,20,Pass,,
SI-2025-0278,21,Pass,,
SI-2025-0278,22,Pass,,
SI-2025-0278,23,Fail,Medium,Statutory notice board at the north stairwell out of date
SI-2025-0278,24,Pass,,
SI-2025-0279,1,Pass,,
SI-2025-0279,2,Pass,,
SI-2025-0279,3,Pass,,
SI-2025-0279,4,Pass,,
SI-2025-0279,5,Pass,,
SI-2025-0279,6,Pass,,
SI-2025-0279,7,Pass,,
SI-2025-0279,8,Pass,,
SI-2025-0279,9,Pass,,
SI-2025-0279,10,Fail,High,Waste bins overflowing at aisle 4
SI-2025-0279,11,Pass,,
SI-2025-0279,12,Pass,,
SI-2025-0279,13,Pass,,
SI-2025-0279,14,Pass,,
SI-2025-0279,15,Pass,,
SI-2025-0279,16,Pass,,
SI-2025-0279,17,Pass,,
SI-2025-0279,18,Pass,,
SI-2025-0279,19,Pass,,
SI-2025-0279,20,Pass,,
SI-2025-0279,21,Pass,,
SI-2025-0279,22,Fail,High,Walkway markings at the main workshop worn and faded
SI-2025-0279,23,Pass,,
SI-2025-0279,24,Pass,,
SI-2025-0280,1,Pass,,
SI-2025-0280,2,Pass,,
SI-2025-0280,3,Pass,,
SI-2025-0280,4,Pass,,
SI-2025-0280,5,Pass,,
SI-2025-0280,6,Pass,,
SI-2025-0280,7,Fail,Medium,Damaged extension lead in use at level 2
SI-2025-0280,8,NA,,
SI-2025-0280,9,Pass,,
SI-2025-0280,10,Pass,,
SI-2025-0280,11,Fail,High,Work bench at the east exit cluttered with offcuts
SI-2025-0280,12,Pass,,
SI-2025-0280,13,Pass,,
SI-2025-0280,14,Pass,,
SI-2025-0280,15,Fail,Low,Operative without hi-vis near bay 2
SI-2025-0280,16,Pass,,
SI-2025-0280,17,Pass,,
SI-2025-0280,18,Pass,,
SI-2025-0280,19,Pass,,
SI-2025-0280,20,Pass,,
SI-2025-0280,21,Pass,,
SI-2025-0280,22,Pass,,
SI-2025-0280,23,Pass,,
SI-2025-0280,24,Fail,Low,No vehicle warning signage at the north stairwell crossing
SI-2025-0281,1,Pass,,
SI-2025-0281,2,Pass,,
SI-2025-0281,3,Pass,,
SI-2025-0281,4,Pass,,
SI-2025-0281,5,Pass,,
SI-2025-0281,6,Pass,,
SI-2025-0281,7,Fail,Medium,Damaged extension lead in use at aisle 4
SI-2025-0281,8,Pass,,
SI-2025-0281,9,Pass,,
SI-2025-0281,10,Pass,,
SI-2025-0281,11,Fail,Low,Work bench at the welfare cabin cluttered with offcuts
SI-2025-0281,12,Pass,,
SI-2025-0281,13,Pass,,
SI-2025-0281,14,Pass,,
SI-2025-0281,15,Pass,,
SI-2025-0281,16,Pass,,
SI-2025-0281,17,Pass,,
SI-2025-0281,18,Pass,,
SI-2025-0281,19,Pass,,
SI-2025-0281,20,Pass,,
SI-2025-0281,21,Pass,,
SI-2025-0281,22,Fail,Medium,Walkway markings at level 2 worn and faded
SI-2025-0281,23,Pass,,
SI-2025-0281,24,Pass,,
SI-2025-0282,1,Pass,,
SI-2025-0282,2,Pass,,
SI-2025-0282,3,Pass,,
SI-2025-0282,4,Pass,,
SI-2025-0282,5,Pass,,
SI-2025-0282,6,Pass,,
SI-2025-0282,7,Pass,,
SI-2025-0282,8,Pass,,
SI-2025-0282,9,Pass,,
SI-2025-0282,10,Pass,,
SI-2025-0282,11,Pass,,
SI-2025-0282,12,Pass,,
SI-2025-0282,13,Pass,,
SI-2025-0282,14,Pass,,
SI-2025-0282,15,Pass,,
SI-2025-0282,16,Pass,,
SI-2025-0282,17,Pass,,
SI-2025-0282,18,Pass,,
SI-2025-0282,19,Pass,,
SI-2025-0282,20,Pass,,
SI-2025-0282,21,Pass,,
SI-2025-0282,22,Pass,,
SI-2025-0282,23,Pass,,
SI-2025-0282,24,Pass,,
SI-2025-0283,1,Fail,Low,Fire door at level 2 catches on frame and does not latch
SI-2025-0283,2,Pass,,
SI-2025-0283,3,NA,,
SI-2025-0283,4,Pass,,
SI-2025-0283,5,Pass,,
SI-2025-0283,6,Pass,,
SI-2025-0283,7,Pass,,
SI-2025-0283,8,Fail,Medium,Isolation switch at the yard gate obstructed
SI-2025-0283,9,Pass,,
SI-2025-0283,10,Fail,Medium,Waste bins overflowing at the main workshop
SI-2025-0283,11,Pass,,
SI-2025-0283,12,Pass,,
SI-2025-0283,13,Pass,,
SI-2025-0283,14,Pass,,
SI-2025-0283,15,Pass,,
SI-2025-0283,16,Pass,,
SI-2025-0283,17,Pass,,
SI-2025-0283,18,Pass,,
SI-2025-0283,19,Fail,Low,Untagged stepladder in use at store B
SI-2025-0283,20,Pass,,
SI-2025-0283,21,Fail,Low,Escape route sign above bay 2 obscured by stock
SI-2025-0283,22,Pass,,
SI-2025-0283,23,Pass,,
SI-2025-0283,24,Fail,Medium,No vehicle warning signage at aisle 4 crossing
SI-2025-0284,1,Pass,,
SI-2025-0284,2,Pass,,
SI-2025-0284,3,Pass,,
SI-2025-0284,4,Pass,,
SI-2025-0284,5,Pass,,
SI-2025-0284,6,Pass,,
SI-2025-0284,7,Pass,,
SI-2025-0284,8,Pass,,
SI-2025-0284,9,Pass,,
SI-2025-0284,10,NA,,
SI-2025-0284,11,Pass,,
SI-2025-0284,12,Pass,,
SI-2025-0284,13,Pass,,
SI-2025-0284,14,Pass,,
SI-2025-0284,15,Pass,,
SI-2025-0284,16,Pass,,
SI-2025-0284,17,Pass,,
SI-2025-0284,18,Pass,,
SI-2025-0284,19,Pass,,
SI-2025-0284,20,Pass,,
SI-2025-0284,21,Pass,,
SI-2025-0284,22,Pass,,
SI-2025-0284,23,Pass,,
SI-2025-0284,24,Fail,Low,No vehicle warning signage at the mezzanine crossing
SI-2025-0285,1,Pass,,
SI-2025-0285,2,Pass,,
SI-2025-0285,3,Pass,,
SI-2025-0285,4,Pass,,
SI-2025-0285,5,Pass,,
SI-2025-0285,6,Pass,,
SI-2025-0285,7,Pass,,
SI-2025-0285,8,Pass,,
SI-2025-0285,9,Pass,,
SI-2025-0285,10,Pass,,
SI-2025-0285,11,Fail,Medium,Work bench at loading bay 6 cluttered with offcuts
SI-2025-0285,12,Pass,,
SI-2025-0285,13,Pass,,
SI-2025-0285,14,Pass,,
SI-2025-0285,15,Pass,,
SI-2025-0285,16,Pass,,
SI-2025-0285,17,Pass,,
SI-2025-0285,18,Pass,,
SI-2025-0285,19,Pass,,
SI-2025-0285,20,Pass,,
SI-2025-0285,21,Fail,Medium,Escape route sign above the north stairwell obscured by stock
SI-2025-0285,22,Pass,,
SI-2025-0285,23,Pass,,
SI-2025-0285,24,Pass,,
SI-2025-0286,1,Fail,High,Fire door at the yard gate catches on frame and does not latch
SI-2025-0286,2,Pass,,
SI-2025-0286,3,Pass,,
SI-2025-0286,4,Fail,Low,Emergency light at bay 2 not illuminating on test
SI-2025-0286,5,Pass,,
SI-2025-0286,6,Pass,,
SI-2025-0286,7,Pass,,
SI-2025-0286,8,Pass,,
SI-2025-0286,9,Pass,,
SI-2025-0286,10,Fail,Low,Waste bins overflowing at the yard gate
SI-2025-0286,11,Pass,,
SI-2025-0286,12,Pass,,
SI-2025-0286,13,Pass,,
SI-2025-0286,14,Pass,,
SI-2025-0286,15,Pass,,
SI-2025-0286,16,NA,,
SI-2025-0286,17,Pass,,
SI-2025-0286,18,Pass,,
SI-2025-0286,19,Pass,,
SI-2025-0286,20,Pass,,
SI-2025-0286,21,Pass,,
SI-2025-0286,22,Pass,,
SI-2025-0286,23,Pass,,
SI-2025-0286,24,Pass,,
SI-2025-0287,1,Pass,,
SI-2025-0287,2,Pass,,
SI-2025-0287,3,Fail,Medium,Call point at the mezzanine blocked by stored materials
SI-2025-0287,4,Pass,,
SI-2025-0287,5,Pass,,
SI-2025-0287,6,NA,,
SI-2025-0287,7,Pass,,
SI-2025-0287,8,Pass,,
SI-2025-0287,9,Pass,,
SI-2025-0287,10,Pass,,
SI-2025-0287,11,Pass,,
SI-2025-0287,12,Pass,,
SI-2025-0287,13,Pass,,
SI-2025-0287,14,Pass,,
SI-2025-0287,15,Pass,,
SI-2025-0287,16,Pass,,
SI-2025-0287,17,Pass,,
SI-2025-0287,18,Pass,,
SI-2025-0287,19,NA,,
SI-2025-0287,20,Pass,,
SI-2025-0287,21,Pass,,
SI-2025-0287,22,Pass,,
SI-2025-0287,23,Pass,,
SI-2025-0287,24,Pass,,
SI-2025-0288,1,Pass,,
SI-2025-0288,2,Pass,,
SI-2025-0288,3,Pass,,
SI-2025-0288,4,Pass,,
SI-2025-0288,5,NA,,
SI-2025-0288,6,Pass,,
SI-2025-0288,7,NA,,
SI-2025-0288,8,Pass,,
SI-2025-0288,9,Pass,,
SI-2025-0288,10,Pass,,
SI-2025-0288,11,Pass,,
SI-2025-0288,12,Pass,,
SI-2025-0288,13,Pass,,
SI-2025-0288,14,Pass,,
SI-2025-0288,15,Pass,,
SI-2025-0288,16,Pass,,
SI-2025-0288,17,Pass,,
SI-2025-0288,18,Pass,,
SI-2025-0288,19,Pass,,
SI-2025-0288,20,Pass,,
SI-2025-0288,21,Fail,Low,Escape route sign above the dock office obscured by stock
SI-2025-0288,22,Pass,,
SI-2025-0288,23,Pass,,
SI-2025-0288,24,Pass,,
SI-2025-0289,1,Fail,Medium,Fire door at the east exit catches on frame and does not latch
SI-2025-0289,2,Pass,,
SI-2025-0289,3,Fail,Low,Call point at the yard gate blocked by stored materials
SI-2025-0289,4,Pass,,
SI-2025-0289,5,Pass,,
SI-2025-0289,6,Fail,Medium,Distribution board at the dock office left open and unlabelled
SI-2025-0289,7,Pass,,
SI-2025-0289,8,Pass,,
SI-2025-0289,9,Pass,,
SI-2025-0289,10,Pass,,
SI-2025-0289,11,Pass,,
SI-2025-0289,12,Pass,,
SI-2025-0289,13,Pass,,
SI-2025-0289,14,Pass,,
SI-2025-0289,15,Pass,,
SI-2025-0289,16,Pass,,
SI-2025-0289,17,Pass,,
SI-2025-0289,18,Pass,,
SI-2025-0289,19,Pass,,
SI-2025-0289,20,Pass,,
SI-2025-0289,21,Pass,,
SI-2025-0289,22,Pass,,
SI-2025-0289,23,Pass,,
SI-2025-0289,24,Pass,,
SI-2025-0290,1,Pass,,
SI-2025-0290,2,Pass,,
SI-2025-0290,3,Pass,,
SI-2025-0290,4,Pass,,
SI-2025-0290,5,Pass,,
SI-2025-0290,6,NA,,
SI-2025-0290,7,NA,,
SI-2025-0290,8,Pass,,
SI-2025-0290,9,Pass,,
SI-2025-0290,10,Pass,,
SI-2025-0290,11,Pass,,
SI-2025-0290,12,Pass,,
SI-2025-0290,13,Pass,,
SI-2025-0290,14,Pass,,
SI-2025-0290,15,Fail,Low,Operative without hi-vis near the north stairwell
SI-2025-0290,16,Pass,,
SI-2025-0290,17,Pass,,
SI-2025-0290,18,Pass,,
SI-2025-0290,19,Pass,,
SI-2025-0290,20,Pass,,
SI-2025-0290,21,Pass,,
SI-2025-0290,22,Pass,,
SI-2025-0290,23,Pass,,
SI-2025-0290,24,Pass,,
SI-2025-0291,1,Pass,,
SI-2025-0291,2,Fail,Medium,Extinguisher at store B past its service date
SI-2025-0291,3,Pass,,
SI-2025-0291,4,Pass,,
SI-2025-0291,5,Pass,,
SI-2025-0291,6,Pass,,
SI-2025-0291,7,Pass,,
SI-2025-0291,8,Pass,,
SI-2025-0291,9,Pass,,
SI-2025-0291,10,Pass,,
SI-2025-0291,11,Pass,,
SI-2025-0291,12,Pass,,
SI-2025-0291,13,Pass,,
SI-2025-0291,14,Pass,,
SI-2025-0291,15,Fail,Medium,Operative without hi-vis near level 2
SI-2025-0291,16,Pass,,
SI-2025-0291,17,Pass,,
SI-2025-0291,18,Pass,,
SI-2025-0291,19,Pass,,
SI-2025-0291,20,Pass,,
SI-2025-0291,21,Pass,,
SI-2025-0291,22,Pass,,
SI-2025-0291,23,Fail,Medium,Statutory notice board at the north stairwell out of date
SI-2025-0291,24,Pass,,
SI-2025-0292,1,Pass,,
SI-2025-0292,2,Pass,,
SI-2025-0292,3,Pass,,
SI-2025-0292,4,Pass,,
SI-2025-0292,5,Pass,,
SI-2025-0292,6,Pass,,
SI-2025-0292,7,Pass,,
SI-2025-0292,8,Pass,,
SI-2025-0292,9,Fail,Low,Pallets staged on pedestrian route near store B
SI-2025-0292,10,Pass,,
SI-2025-0292,11,Pass,,
SI-2025-0292,12,Pass,,
SI-2025-0292,13,Pass,,
SI-2025-0292,14,Pass,,
SI-2025-0292,15,Pass,,
SI-2025-0292,16,Pass,,
SI-2025-0292,17,Pass,,
SI-2025-0292,18,Fail,Low,Overloaded top beam at the welfare cabin
SI-2025-0292,19,Pass,,
SI-2025-0292,20,Pass,,
SI-2025-0292,21,Fail,Low,Escape route sign above the main workshop obscured by stock
SI-2025-0292,22,Pass,,
SI-2025-0292,23,Pass,,
SI-2025-0292,24,Pass,,
SI-2025-0293,1,Pass,,
SI-2025-0293,2,Pass,,
SI-2025-0293,3,Pass,,
SI-2025-0293,4,Pass,,
SI-2025-0293,5,Pass,,
SI-2025-0293,6,Pass,,
SI-2025-0293,7,NA,,
SI-2025-0293,8,Pass,,
SI-2025-0293,9,Pass,,
SI-2025-0293,10,Pass,,
SI-2025-0293,11,Pass,,
SI-2025-0293,12,Pass,,
SI-2025-0293,13,Pass,,
SI-2025-0293,14,Pass,,
SI-2025-0293,15,Pass,,
SI-2025-0293,16,Fail,Medium,Welfare room at the yard gate without hot water
SI-2025-0293,17,Pass,,
SI-2025-0293,18,Pass,,
SI-2025-0293,19,Pass,,
SI-2025-0293,20,Pass,,
SI-2025-0293,21,Pass,,
SI-2025-0293,22,Pass,,
SI-2025-0293,23,Pass,,
SI-2025-0293,24,Pass,,
SI-2025-0294,1,Pass,,
SI-2025-0294,2,Fail,Medium,Extinguisher at the dock office past its service date
SI-2025-0294,3,Pass,,
SI-2025-0294,4,Pass,,
SI-2025-0294,5,Pass,,
SI-2025-0294,6,Pass,,
SI-2025-0294,7,Fail,Low,Damaged extension lead in use at level 2
SI-2025-0294,8,Pass,,
SI-2025-0294,9,Pass,,
SI-2025-0294,10,Pass,,
SI-2025-0294,11,Pass,,
SI-2025-0294,12,Pass,,
SI-2025-0294,13,Pass,,
SI-2025-0294,14,Pass,,
SI-2025-0294,15,Pass,,
SI-2025-0294,16,Pass,,
SI-2025-0294,17,Fail,Medium,Racking tag at the main workshop out of date
SI-2025-0294,18,NA,,
SI-2025-0294,19,Pass,,
SI-2025-0294,20,Pass,,
SI-2025-0294,21,Fail,Low,Escape route sign above the main workshop obscured by stock
SI-2025-0294,22,Pass,,
SI-2025-0294,23,Pass,,
SI-2025-0294,24,NA,,
SI-2025-0295,1,Pass,,
SI-2025-0295,2,Pass,,
SI-2025-0295,3,Pass,,
SI-2025-0295,4,Pass,,
SI-2025-0295,5,Pass,,
SI-2025-0295,6,Pass,,
SI-2025-0295,7,Pass,,
SI-2025-0295,8,NA,,
SI-2025-0295,9,Pass,,
SI-2025-0295,10,Pass,,
SI-2025-0295,11,Pass,,
SI-2025-0295,12,Pass,,
SI-2025-0295,13,Pass,,
SI-2025-0295,14,Pass,,
SI-2025-0295,15,Pass,,
SI-2025-0295,16,Pass,,
SI-2025-0295,17,Pass,,
SI-2025-0295,18,Pass,,
SI-2025-0295,19,Pass,,
SI-2025-0295,20,Pass,,
SI-2025-0295,21,Pass,,
SI-2025-0295,22,Pass,,
SI-2025-0295,23,Pass,,
SI-2025-0295,24,Fail,Low,No vehicle warning signage at bay 2 crossing
SI-2025-0296,1,Pass,,
SI-2025-0296,2,Pass,,
SI-2025-0296,3,Pass,,
SI-2025-0296,4,NA,,
SI-2025-0296,5,Pass,,
SI-2025-0296,6,Pass,,
SI-2025-0296,7,Pass,,
SI-2025-0296,8,Pass,,
SI-2025-0296,9,Pass,,
SI-2025-0296,10,Pass,,
SI-2025-0296,11,Pass,,
SI-2025-0296,12,NA,,
SI-2025-0296,13,Pass,,
SI-2025-0296,14,Pass,,
SI-2025-0296,15,Pass,,
SI-2025-0296,16,Pass,,
SI-2025-0296,17,Pass,,
SI-2025-0296,18,Fail,Medium,Overloaded top beam at loading bay 6
SI-2025-0296,19,Pass,,
SI-2025-0296,20,Pass,,
SI-2025-0296,21,Pass,,
SI-2025-0296,22,Pass,,
SI-2025-0296,23,Pass,,
SI-2025-0296,24,Pass,,
SI-2025-0297,1,Pass,,
SI-2025-0297,2,Pass,,
SI-2025-0297,3,Pass,,
SI-2025-0297,4,Pass,,
SI-2025-0297,5,Pass,,
SI-2025-0297,6,Pass,,
SI-2025-0297,7,Pass,,
SI-2025-0297,8,Pass,,
SI-2025-0297,9,Pass,,
SI-2025-0297,10,Pass,,
SI-2025-0297,11,Pass,,
SI-2025-0297,12,Fail,Low,Spill kit at the welfare cabin missing absorbent pads
SI-2025-0297,13,Pass,,
SI-2025-0297,14,Pass,,
SI-2025-0297,15,Pass,,
SI-2025-0297,16,Pass,,
SI-2025-0297,17,Fail,Low,Racking tag at store B out of date
SI-2025-0297,18,Pass,,
SI-2025-0297,19,Pass,,
SI-2025-0297,20,Pass,,
SI-2025-0297,21,Pass,,
SI-2025-0297,22,Pass,,
SI-2025-0297,23,Fail,Low,Statutory notice board at aisle 4 out of date
SI-2025-0297,24,Pass,,
SI-2025-0298,1,Pass,,
SI-2025-0298,2,Pass,,
SI-2025-0298,3,Pass,,
SI-2025-0298,4,Pass,,
SI-2025-0298,5,Pass,,
SI-2025-0298,6,Pass,,
SI-2025-0298,7,Pass,,
SI-2025-0298,8,Pass,,
SI-2025-0298,9,Pass,,
SI-2025-0298,10,Pass,,
SI-2025-0298,11,Pass,,
SI-2025-0298,12,Pass,,
SI-2025-0298,13,Pass,,
SI-2025-0298,14,Pass,,
SI-2025-0298,15,Fail,Medium,Operative without hi-vis near store B
SI-2025-0298,16,Pass,,
SI-2025-0298,17,Pass,,
SI-2025-0298,18,NA,,
SI-2025-0298,19,Pass,,
SI-2025-0298,20,Pass,,
SI-2025-0298,21,Fail,Low,Escape route sign above loading bay 6 obscured by stock
SI-2025-0298,22,Pass,,
SI-2025-0298,23,Pass,,
SI-2025-0298,24,Pass,,
SI-2025-0299,1,Fail,Low,Fire door at the main workshop catches on frame and does not latch
SI-2025-0299,2,Pass,,
SI-2025-0299,3,Pass,,
SI-2025-0299,4,Pass,,
SI-2025-0299,5,Pass,,
SI-2025-0299,6,Pass,,
SI-2025-0299,7,Pass,,
SI-2025-0299,8,Pass,,
SI-2025-0299,9,Pass,,
SI-2025-0299,10,Pass,,
SI-2025-0299,11,NA,,
SI-2025-0299,12,Pass,,
SI-2025-0299,13,Pass,,
SI-2025-0299,14,Pass,,
SI-2025-0299,15,Pass,,
SI-2025-0299,16,Pass,,
SI-2025-0299,17,Pass,,
SI-2025-0299,18,Pass,,
SI-2025-0299,19,Pass,,
SI-2025-0299,20,Pass,,
SI-2025-0299,21,Pass,,
SI-2025-0299,22,Fail,Low,Walkway markings at the yard gate worn and faded
SI-2025-0299,23,Pass,,
SI-2025-0299,24,Pass,,
SI-2025-0300,1,Pass,,
SI-2025-0300,2,Pass,,
SI-2025-0300,3,Pass,,
SI-2025-0300,4,Pass,,
SI-2025-0300,5,Pass,,
SI-2025-0300,6,Pass,,
SI-2025-0300,7,Pass,,
SI-2025-0300,8,Pass,,
SI-2025-0300,9,Pass,,
SI-2025-0300,10,Pass,,
SI-2025-0300,11,Pass,,
SI-2025-0300,12,Pass,,
SI-2025-0300,13,Pass,,
SI-2025-0300,14,Pass,,
SI-2025-0300,15,Pass,,
SI-2025-0300,16,Pass,,
SI-2025-0300,17,Pass,,
SI-2025-0300,18,Pass,,
SI-2025-0300,19,Pass,,
SI-2025-0300,20,Pass,,
SI-2025-0300,21,Fail,Medium,Escape route sign above the main workshop obscured by stock
SI-2025-0300,22,Pass,,
SI-2025-0300,23,Pass,,
SI-2025-0300,24,Pass,,
SI-2025-0301,1,Pass,,
SI-2025-0301,2,Pass,,
SI-2025-0301,3,Fail,Medium,Call point at store B blocked by stored materials
SI-2025-0301,4,Pass,,
SI-2025-0301,5,Pass,,
SI-2025-0301,6,Pass,,
SI-2025-0301,7,Pass,,
SI-2025-0301,8,Fail,Low,Isolation switch at the welfare cabin obstructed
SI-2025-0301,9,Pass,,
SI-2025-0301,10,Pass,,
SI-2025-0301,11,Pass,,
SI-2025-0301,12,Pass,,
SI-2025-0301,13,Pass,,
SI-2025-0301,14,Pass,,
SI-2025-0301,15,Pass,,
SI-2025-0301,16,Pass,,
SI-2025-0301,17,Fail,Medium,Racking tag at aisle 4 out of date
SI-2025-0301,18,Pass,,
SI-2025-0301,19,Pass,,
SI-2025-0301,20,Pass,,
SI-2025-0301,21,Fail,High,Escape route sign above the mezzanine obscured by stock
SI-2025-0301,22,Pass,,
SI-2025-0301,23,Fail,Low,Statutory notice board at aisle 4 out of date
SI-2025-0301,24,Fail,High,No vehicle warning signage at the north stairwell crossing
SI-2025-0302,1,Pass,,
SI-2025-0302,2,Pass,,
SI-2025-0302,3,Pass,,
SI-2025-0302,4,Fail,Low,Emergency light at aisle 4 not illuminating on test
SI-2025-0302,5,Pass,,
SI-2025-0302,6,Pass,,
SI-2025-0302,7,Pass,,
SI-2025-0302,8,Pass,,
SI-2025-0302,9,Pass,,
SI-2025-0302,10,Fail,Low,Waste bins overflowing at store B
SI-2025-0302,11,Pass,,
SI-2025-0302,12,Fail,Low,Spill kit at store B missing absorbent pads
SI-2025-0302,13,NA,,
SI-2025-0302,14,Pass,,
SI-2025-0302,15,Pass,,
SI-2025-0302,16,Fail,Low,Welfare room at the yard gate without hot water
SI-2025-0302,17,Pass,,
SI-2025-0302,18,Pass,,
SI-2025-0302,19,Pass,,
SI-2025-0302,20,Pass,,
SI-2025-0302,21,Pass,,
SI-2025-0302,22,Pass,,
SI-2025-0302,23,Pass,,
SI-2025-0302,24,Fail,Medium,No vehicle warning signage at the dock office crossing
SI-2025-0303,1,Pass,,
SI-2025-0303,2,Pass,,
SI-2025-0303,3,Pass,,
SI-2025-0303,4,NA,,
SI-2025-0303,5,Pass,,
SI-2025-0303,6,Pass,,
SI-2025-0303,7,Pass,,
SI-2025-0303,8,Pass,,
SI-2025-0303,9,Pass,,
SI-2025-0303,10,Pass,,
SI-2025-0303,11,Pass,,
SI-2025-0303,12,Pass,,
SI-2025-0303,13,Pass,,
SI-2025-0303,14,Fail,Medium,First-aid kit at the welfare cabin missing dressings
SI-2025-0303,15,Pass,,
SI-2025-0303,16,Pass,,
SI-2025-0303,17,Pass,,
SI-2025-0303,18,Pass,,
SI-2025-0303,19,Pass,,
SI-2025-0303,20,Fail,High,COSHH register at the east exit not updated this quarter
SI-2025-0303,21,Fail,Low,Escape route sign above the main workshop obscured by stock
SI-2025-0303,22,Pass,,
SI-2025-0303,23,Pass,,
SI-2025-0303,24,Pass,,
SI-2025-0304,1,Pass,,
SI-2025-0304,2,Fail,Medium,Extinguisher at level 2 past its service date
SI-2025-0304,3,Pass,,
SI-2025-0304,4,Fail,Medium,Emergency light at the mezzanine not illuminating on test
SI-2025-0304,5,Pass,,
SI-2025-0304,6,Pass,,
SI-2025-0304,7,Pass,,
SI-2025-0304,8,Pass,,
SI-2025-0304,9,Pass,,
SI-2025-0304,10,Pass,,
SI-2025-0304,11,Pass,,
SI-2025-0304,12,Pass,,
SI-2025-0304,13,Pass,,
SI-2025-0304,14,Pass,,
SI-2025-0304,15,Pass,,
SI-2025-0304,16,Pass,,
SI-2025-0304,17,Pass,,
SI-2025-0304,18,Pass,,
SI-2025-0304,19,Pass,,
SI-2025-0304,20,Pass,,
SI-2025-0304,21,Pass,,
SI-2025-0304,22,Fail,Medium,Walkway markings at the mezzanine worn and faded
SI-2025-0304,23,Pass,,
SI-2025-0304,24,Pass,,
SI-2025-0305,1,Pass,,
SI-2025-0305,2,Pass,,
SI-2025-0305,3,Fail,Low,Call point at loading bay 6 blocked by stored materials
SI-2025-0305,4,Pass,,
SI-2025-0305,5,Pass,,
SI-2025-0305,6,Pass,,
SI-2025-0305,7,Pass,,
SI-2025-0305,8,Pass,,
SI-2025-0305,9,Pass,,
SI-2025-0305,10,Fail,Low,Waste bins overflowing at level 2
SI-2025-0305,11,Pass,,
SI-2025-0305,12,Pass,,
SI-2025-0305,13,Pass,,
SI-2025-0305,14,Pass,,
SI-2025-0305,15,Pass,,
SI-2025-0305,16,Pass,,
SI-2025-0305,17,Pass,,
SI-2025-0305,18,Pass,,
SI-2025-0305,19,Pass,,
SI-2025-0305,20,Pass,,
SI-2025-0305,21,Pass,,
SI-2025-0305,22,Pass,,
SI-2025-0305,23,Pass,,
SI-2025-0305,24,NA,,
SI-2025-0306,1,Fail,Low,Fire door at loading bay 6 catches on frame and does not latch
SI-2025-0306,2,Pass,,
SI-2025-0306,3,Pass,,
SI-2025-0306,4,Pass,,
SI-2025-0306,5,Pass,,
SI-2025-0306,6,Pass,,
SI-2025-0306,7,Pass,,
SI-2025-0306,8,Pass,,
SI-2025-0306,9,NA,,
SI-2025-0306,10,Pass,,
SI-2025-0306,11,Pass,,
SI-2025-0306,12,Pass,,
SI-2025-0306,13,Pass,,
SI-2025-0306,14,Pass,,
SI-2025-0306,15,Pass,,
SI-2025-0306,16,Pass,,
SI-2025-0306,17,Pass,,
SI-2025-0306,18,Pass,,
SI-2025-0306,19,Pass,,
SI-2025-0306,20,Pass,,
SI-2025-0306,21,Pass,,
SI-2025-0306,22,Pass,,
SI-2025-0306,23,Pass,,
SI-2025-0306,24,Fail,Low,No vehicle warning signage at level 2 crossing
SI-2025-0307,1,Pass,,
SI-2025-0307,2,Pass,,
SI-2025-0307,3,Pass,,
SI-2025-0307,4,Pass,,
SI-2025-0307,5,Pass,,
SI-2025-0307,6,Pass,,
SI-2025-0307,7,Pass,,
SI-2025-0307,8,Pass,,
SI-2025-0307,9,Pass,,
SI-2025-0307,10,Pass,,
SI-2025-0307,11,Pass,,
SI-2025-0307,12,Fail,Medium,Spill kit at the welfare cabin missing absorbent pads
SI-2025-0307,13,Pass,,
SI-2025-0307,14,Pass,,
SI-2025-0307,15,Pass,,
SI-2025-0307,16,Pass,,
SI-2025-0307,17,Pass,,
SI-2025-0307,18,Pass,,
SI-2025-0307,19,Pass,,
SI-2025-0307,20,Fail,Medium,COSHH register at the north stairwell not updated this quarter
SI-2025-0307,21,Fail,Low,Escape route sign above the mezzanine obscured by stock
SI-2025-0307,22,Fail,Low,Walkway markings at the yard gate worn and faded
SI-2025-0307,23,Pass,,
SI-2025-0307,24,Pass,,
SI-2025-0308,1,Fail,Medium,Fire door at bay 2 catches on frame and does not latch
SI-2025-0308,2,Pass,,
SI-2025-0308,3,Pass,,
SI-2025-0308,4,Pass,,
SI-2025-0308,5,Pass,,
SI-2025-0308,6,Fail,Medium,Distribution board at the welfare cabin left open and unlabelled
SI-2025-0308,7,Pass,,
SI-2025-0308,8,Fail,Low,Isolation switch at the welfare cabin obstructed
SI-2025-0308,9,Pass,,
SI-2025-0308,10,Pass,,
SI-2025-0308,11,Pass,,
SI-2025-0308,12,Pass,,
SI-2025-0308,13,Fail,Medium,Eye-wash bottle at bay 2 past expiry
SI-2025-0308,14,NA,,
SI-2025-0308,15,Pass,,
SI-2025-0308,16,Pass,,
SI-2025-0308,17,Pass,,
SI-2025-0308,18,Pass,,
SI-2025-0308,19,NA,,
SI-2025-0308,20,NA,,
SI-2025-0308,21,Pass,,
SI-2025-0308,22,Pass,,
SI-2025-0308,23,Pass,,
SI-2025-0308,24,Pass,,
SI-2025-0309,1,Pass,,
SI-2025-0309,2,Pass,,
SI-2025-0309,3,Pass,,
SI-2025-0309,4,Pass,,
SI-2025-0309,5,Pass,,
SI-2025-0309,6,Pass,,
SI-2025-0309,7,Pass,,
SI-2025-0309,8,Pass,,
SI-2025-0309,9,Pass,,
SI-2025-0309,10,Pass,,
SI-2025-0309,11,Pass,,
SI-2025-0309,12,Pass,,
SI-2025-0309,13,Pass,,
SI-2025-0309,14,Pass,,
SI-2025-0309,15,Pass,,
SI-2025-0309,16,Pass,,
SI-2025-0309,17,Pass,,
SI-2025-0309,18,Pass,,
SI-2025-0309,19,Pass,,
SI-2025-0309,20,Pass,,
SI-2025-0309,21,Pass,,
SI-2025-0309,22,Pass,,
SI-2025-0309,23,Pass,,
SI-2025-0309,24,Pass,,
SI-2025-0310,1,Fail,Low,Fire door at bay 2 catches on frame and does not latch
SI-2025-0310,2,Pass,,
SI-2025-0310,3,NA,,
SI-2025-0310,4,Pass,,
SI-2025-0310,5,Pass,,
SI-2025-0310,6,Pass,,
SI-2025-0310,7,Pass,,
SI-2025-0310,8,Pass,,
SI-2025-0310,9,Pass,,
SI-2025-0310,10,Pass,,
SI-2025-0310,11,Pass,,
SI-2025-0310,12,Pass,,
SI-2025-0310,13,Pass,,
SI-2025-0310,14,Fail,Medium,First-aid kit at the mezzanine missing dressings
SI-2025-0310,15,Pass,,
SI-2025-0310,16,Fail,Low,Welfare room at store B without hot water
SI-2025-0310,17,Pass,,
SI-2025-0310,18,NA,,
SI-2025-0310,19,Pass,,
SI-2025-0310,20,Pass,,
SI-2025-0310,21,Pass,,
SI-2025-0310,22,Pass,,
SI-2025-0310,23,Pass,,
SI-2025-0310,24,Pass,,
SI-2025-0311,1,Pass,,
SI-2025-0311,2,Pass,,
SI-2025-0311,3,Pass,,
SI-2025-0311,4,Pass,,
SI-2025-0311,5,Fail,Low,PAT label at the main workshop expired
SI-2025-0311,6,Pass,,
SI-2025-0311,7,Pass,,
SI-2025-0311,8,Fail,Low,Isolation switch at the welfare cabin obstructed
SI-2025-0311,9,Pass,,
SI-2025-0311,10,Pass,,
SI-2025-0311,11,Pass,,
SI-2025-0311,12,Pass,,
SI-2025-0311,13,Pass,,
SI-2025-0311,14,Pass,,
SI-2025-0311,15,NA,,
SI-2025-0311,16,Pass,,
SI-2025-0311,17,Pass,,
SI-2025-0311,18,Pass,,
SI-2025-0311,19,Pass,,
SI-2025-0311,20,Pass,,
SI-2025-0311,21,Pass,,
SI-2025-0311,22,Pass,,
SI-2025-0311,23,Fail,Low,Statutory notice board at the welfare cabin out of date
SI-2025-0311,24,Pass,,
SI-2025-0312,1,Fail,Low,Fire door at bay 2 catches on frame and does not latch
SI-2025-0312,2,Pass,,
SI-2025-0312,3,Pass,,
SI-2025-0312,4,Pass,,
SI-2025-0312,5,Pass,,
SI-2025-0312,6,Pass,,
SI-2025-0312,7,Pass,,
SI-2025-0312,8,Pass,,
SI-2025-0312,9,Pass,,
SI-2025-0312,10,Pass,,
SI-2025-0312,11,Pass,,
SI-2025-0312,12,Pass,,
SI-2025-0312,13,Fail,Low,Eye-wash bottle at bay 2 past expiry
SI-2025-0312,14,Pass,,
SI-2025-0312,15,Pass,,
SI-2025-0312,16,Pass,,
SI-2025-0312,17,Pass,,
SI-2025-0312,18,Pass,,
SI-2025-0312,19,Pass,,
SI-2025-0312,20,Pass,,
SI-2025-0312,21,Pass,,
SI-2025-0312,22,Fail,Low,Walkway markings at the welfare cabin worn and faded
SI-2025-0312,23,Pass,,
SI-2025-0312,24,Pass,,
SI-2025-0313,1,Pass,,
SI-2025-0313,2,Pass,,
SI-2025-0313,3,Fail,Low,Call point at loading bay 6 blocked by stored materials
SI-2025-0313,4,Fail,Low,Emergency light at store B not illuminating on test
SI-2025-0313,5,Pass,,
SI-2025-0313,6,NA,,
SI-2025-0313,7,Pass,,
SI-2025-0313,8,Pass,,
SI-2025-0313,9,Pass,,
SI-2025-0313,10,NA,,
SI-2025-0313,11,Pass,,
SI-2025-0313,12,Pass,,
SI-2025-0313,13,NA,,
SI-2025-0313,14,Pass,,
SI-2025-0313,15,Pass,,
SI-2025-0313,16,Pass,,
SI-2025-0313,17,NA,,
SI-2025-0313,18,Pass,,
SI-2025-0313,19,Pass,,
SI-2025-0313,20,Pass,,
SI-2025-0313,21,Pass,,
SI-2025-0313,22,Pass,,
SI-2025-0313,23,Pass,,
SI-2025-0313,24,Fail,Low,No vehicle warning signage at the mezzanine crossing
SI-2025-0314,1,Fail,Low,Fire door at the yard gate catches on frame and does not latch
SI-2025-0314,2,Pass,,
SI-2025-0314,3,Pass,,
SI-2025-0314,4,Fail,Low,Emergency light at the yard gate not illuminating on test
SI-2025-0314,5,Pass,,
SI-2025-0314,6,Pass,,
SI-2025-0314,7,Pass,,
SI-2025-0314,8,Pass,,
SI-2025-0314,9,Pass,,
SI-2025-0314,10,NA,,
SI-2025-0314,11,Fail,Medium,Work bench at the yard gate cluttered with offcuts
SI-2025-0314,12,Pass,,
SI-2025-0314,13,Pass,,
SI-2025-0314,14,Pass,,
SI-2025-0314,15,Pass,,
SI-2025-0314,16,NA,,
SI-2025-0314,17,Pass,,
SI-2025-0314,18,Pass,,
SI-2025-0314,19,NA,,
SI-2025-0314,20,Pass,,
SI-2025-0314,21,Fail,Low,Escape route sign above loading bay 6 obscured by stock
SI-2025-0314,22,Pass,,
SI-2025-0314,23,Fail,Low,Statutory notice board at the east exit out of date
SI-2025-0314,24,Pass,,
SI-2025-0315,1,Pass,,
SI-2025-0315,2,Pass,,
SI-2025-0315,3,Pass,,
SI-2025-0315,4,Pass,,
SI-2025-0315,5,Pass,,
SI-2025-0315,6,Pass,,
SI-2025-0315,7,Pass,,
SI-2025-0315,8,Pass,,
SI-2025-0315,9,Pass,,
SI-2025-0315,10,Pass,,
SI-2025-0315,11,Pass,,
SI-2025-0315,12,Fail,Medium,Spill kit at store B missing absorbent pads
SI-2025-0315,13,Pass,,
SI-2025-0315,14,Pass,,
SI-2025-0315,15,Fail,Low,Operative without hi-vis near the main workshop
SI-2025-0315,16,Pass,,
SI-2025-0315,17,Fail,Low,Racking tag at the north stairwell out of date
SI-2025-0315,18,Fail,Medium,Overloaded top beam at the welfare cabin
SI-2025-0315,19,Pass,,
SI-2025-0315,20,Fail,Low,COSHH register at the east exit not updated this quarter
SI-2025-0315,21,Pass,,
SI-2025-0315,22,Pass,,
SI-2025-0315,23,Pass,,
SI-2025-0315,24,Pass,,
SI-2025-0316,1,Pass,,
SI-2025-0316,2,Pass,,
SI-2025-0316,3,Pass,,
SI-2025-0316,4,Pass,,
SI-2025-0316,5,Pass,,
SI-2025-0316,6,Fail,High,Distribution board at the yard gate left open and unlabelled
SI-2025-0316,7,Pass,,
SI-2025-0316,8,Pass,,
SI-2025-0316,9,NA,,
SI-2025-0316,10,Pass,,
SI-2025-0316,11,Pass,,
SI-2025-0316,12,Pass,,
SI-2025-0316,13,Fail,Low,Eye-wash bottle at store B past expiry
SI-2025-0316,14,Pass,,
SI-2025-0316,15,Pass,,
SI-2025-0316,16,Pass,,
SI-2025-0316,17,Pass,,
SI-2025-0316,18,Pass,,
SI-2025-0316,19,Fail,Low,Untagged stepladder in use at loading bay 6
SI-2025-0316,20,Pass,,
SI-2025-0316,21,Pass,,
SI-2025-0316,22,Pass,,
SI-2025-0316,23,Pass,,
SI-2025-0316,24,Pass,,
SI-2025-0317,1,Pass,,
SI-2025-0317,2,Pass,,
SI-2025-0317,3,Pass,,
SI-2025-0317,4,Pass,,
SI-2025-0317,5,Pass,,
SI-2025-0317,6,Pass,,
SI-2025-0317,7,Fail,Medium,Damaged extension lead in use at the north stairwell
SI-2025-0317,8,Pass,,
SI-2025-0317,9,Pass,,
SI-2025-0317,10,Pass,,
SI-2025-0317,11,Pass,,
SI-2025-0317,12,Pass,,
SI-2025-0317,13,Pass,,
SI-2025-0317,14,NA,,
SI-2025-0317,15,Pass,,
SI-2025-0317,16,Pass,,
SI-2025-0317,17,Fail,Medium,Racking tag at level 2 out of date
SI-2025-0317,18,Pass,,
SI-2025-0317,19,Pass,,
SI-2025-0317,20,NA,,
SI-2025-0317,21,Pass,,
SI-2025-0317,22,Pass,,
SI-2025-0317,23,Fail,Medium,Statutory notice board at loading bay 6 out of date
SI-2025-0317,24,Pass,,
SI-2025-0318,1,Fail,High,Fire door at the welfare cabin catches on frame and does not latch
SI-2025-0318,2,Pass,,
SI-2025-0318,3,Pass,,
SI-2025-0318,4,Pass,,
SI-2025-0318,5,Pass,,
SI-2025-0318,6,Pass,,
SI-2025-0318,7,Pass,,
SI-2025-0318,8,Pass,,
SI-2025-0318,9,Pass,,
SI-2025-0318,10,Fail,Low,Waste bins overflowing at the yard gate
SI-2025-0318,11,Pass,,
SI-2025-0318,12,Pass,,
SI-2025-0318,13,Pass,,
SI-2025-0318,14,Pass,,
SI-2025-0318,15,Pass,,
SI-2025-0318,16,Pass,,
SI-2025-0318,17,Pass,,
SI-2025-0318,18,NA,,
SI-2025-0318,19,Pass,,
SI-2025-0318,20,Pass,,
SI-2025-0318,21,Fail,Low,Escape route sign above the east exit obscured by stock
SI-2025-0318,22,Pass,,
SI-2025-0318,23,Pass,,
SI-2025-0318,24,Fail,Medium,No vehicle warning signage at the north stairwell crossing
SI-2025-0319,1,Pass,,
SI-2025-0319,2,Pass,,
SI-2025-0319,3,Pass,,
SI-2025-0319,4,Pass,,
SI-2025-0319,5,Pass,,
SI-2025-0319,6,Pass,,
SI-2025-0319,7,Pass,,
SI-2025-0319,8,Pass,,
SI-2025-0319,9,Fail,Low,Pallets staged on pedestrian route near store B
SI-2025-0319,10,Pass,,
SI-2025-0319,11,Pass,,
SI-2025-0319,12,Pass,,
SI-2025-0319,13,Pass,,
SI-2025-0319,14,NA,,
SI-2025-0319,15,Fail,Low,Operative without hi-vis near the dock office
SI-2025-0319,16,Pass,,
SI-2025-0319,17,Pass,,
SI-2025-0319,18,Pass,,
SI-2025-0319,19,NA,,
SI-2025-0319,20,Pass,,
SI-2025-0319,21,Pass,,
SI-2025-0319,22,Pass,,
SI-2025-0319,23,Pass,,
SI-2025-0319,24,Pass,,
SI-2025-0320,1,Fail,Low,Fire door at the dock office catches on frame and does not latch
SI-2025-0320,2,Pass,,
SI-2025-0320,3,Pass,,
SI-2025-0320,4,Pass,,
SI-2025-0320,5,Pass,,
SI-2025-0320,6,Pass,,
SI-2025-0320,7,Pass,,
SI-2025-0320,8,Pass,,
SI-2025-0320,9,Pass,,
SI-2025-0320,10,Fail,Low,Waste bins overflowing at bay 2
SI-2025-0320,11,Pass,,
SI-2025-0320,12,NA,,
SI-2025-0320,13,Pass,,
SI-2025-0320,14,Pass,,
SI-2025-0320,15,Fail,Low,Operative without hi-vis near aisle 4
SI-2025-0320,16,Pass,,
SI-2025-0320,17,Pass,,
SI-2025-0320,18,Pass,,
SI-2025-0320,19,Pass,,
SI-2025-0320,20,Pass,,
SI-2025-0320,21,Pass,,
SI-2025-0320,22,Pass,,
SI-2025-0320,23,Pass,,
SI-2025-0320,24,Pass,,
SI-2025-0321,1,Pass,,
SI-2025-0321,2,Pass,,
SI-2025-0321,3,Pass,,
SI-2025-0321,4,Pass,,
SI-2025-0321,5,Pass,,
SI-2025-0321,6,Pass,,
SI-2025-0321,7,NA,,
SI-2025-0321,8,Pass,,
SI-2025-0321,9,Pass,,
SI-2025-0321,10,Pass,,
SI-2025-0321,11,Pass,,
SI-2025-0321,12,Pass,,
SI-2025-0321,13,Pass,,
SI-2025-0321,14,Pass,,
SI-2025-0321,15,Pass,,
SI-2025-0321,16,Pass,,
SI-2025-0321,17,Pass,,
SI-2025-0321,18,Pass,,
SI-2025-0321,19,Pass,,
SI-2025-0321,20,Fail,Medium,COSHH register at bay 2 not updated this quarter
SI-2025-0321,21,Pass,,
SI-2025-0321,22,Pass,,
SI-2025-0321,23,Pass,,
SI-2025-0321,24,Pass,,
SI-2025-0322,1,Pass,,
SI-2025-0322,2,Pass,,
SI-2025-0322,3,Pass,,
SI-2025-0322,4,Pass,,
SI-2025-0322,5,Pass,,
SI-2025-0322,6,Fail,Low,Distribution board at the east exit left open and unlabelled
SI-2025-0322,7,Fail,Medium,Damaged extension lead in use at the yard gate
SI-2025-0322,8,NA,,
SI-2025-0322,9,Pass,,
SI-2025-0322,10,Pass,,
SI-2025-0322,11,Pass,,
SI-2025-0322,12,Fail,Medium,Spill kit at the main workshop missing absorbent pads
SI-2025-0322,13,Pass,,
SI-2025-0322,14,Pass,,
SI-2025-0322,15,Pass,,
SI-2025-0322,16,Fail,Low,Welfare room at the north stairwell without hot water
SI-2025-0322,17,Pass,,
SI-2025-0322,18,Pass,,
SI-2025-0322,19,Pass,,
SI-2025-0322,20,Pass,,
SI-2025-0322,21,Pass,,
SI-2025-0322,22,Pass,,
SI-2025-0322,23,Pass,,
SI-2025-0322,24,Pass,,
SI-2025-0323,1,Fail,Medium,Fire door at the east exit catches on frame and does not latch
SI-2025-0323,2,Pass,,
SI-2025-0323,3,Pass,,
SI-2025-0323,4,Pass,,
SI-2025-0323,5,Pass,,
SI-2025-0323,6,Pass,,
SI-2025-0323,7,Pass,,
SI-2025-0323,8,Pass,,
SI-2025-0323,9,Pass,,
SI-2025-0323,10,Pass,,
SI-2025-0323,11,Pass,,
SI-2025-0323,12,Pass,,
SI-2025-0323,13,Fail,Low,Eye-wash bottle at store B past expiry
SI-2025-0323,14,Pass,,
SI-2025-0323,15,Pass,,
SI-2025-0323,16,Pass,,
SI-2025-0323,17,Pass,,
SI-2025-0323,18,Pass,,
SI-2025-0323,19,Pass,,
SI-2025-0323,20,Pass,,
SI-2025-0323,21,Pass,,
SI-2025-0323,22,Pass,,
SI-2025-0323,23,Pass,,
SI-2025-0323,24,Pass,,
SI-2025-0324,1,Pass,,
SI-2025-0324,2,Pass,,
SI-2025-0324,3,Pass,,
SI-2025-0324,4,Pass,,
SI-2025-0324,5,Pass,,
SI-2025-0324,6,Pass,,
SI-2025-0324,7,Pass,,
SI-2025-0324,8,Pass,,
SI-2025-0324,9,NA,,
SI-2025-0324,10,Pass,,
SI-2025-0324,11,Fail,Medium,Work bench at the yard gate cluttered with offcuts
SI-2025-0324,12,Pass,,
SI-2025-0324,13,Pass,,
SI-2025-0324,14,Pass,,
SI-2025-0324,15,Pass,,
SI-2025-0324,16,Pass,,
SI-2025-0324,17,Fail,Medium,Racking tag at the welfare cabin out of date
SI-2025-0324,18,Pass,,
SI-2025-0324,19,Pass,,
SI-2025-0324,20,Pass,,
SI-2025-0324,21,Pass,,
SI-2025-0324,22,Pass,,
SI-2025-0324,23,Pass,,
SI-2025-0324,24,Pass,,
SI-2025-0325,1,Pass,,
SI-2025-0325,2,Pass,,
SI-2025-0325,3,Pass,,
SI-2025-0325,4,Fail,High,Emergency light at the east exit not illuminating on test
SI-2025-0325,5,Pass,,
SI-2025-0325,6,Pass,,
SI-2025-0325,7,Pass,,
SI-2025-0325,8,Pass,,
SI-2025-0325,9,Fail,Low,Pallets staged on pedestrian route near loading bay 6
SI-2025-0325,10,Pass,,
SI-2025-0325,11,Pass,,
SI-2025-0325,12,Pass,,
SI-2025-0325,13,Pass,,
SI-2025-0325,14,Pass,,
SI-2025-0325,15,Fail,Low,Operative without hi-vis near the east exit
SI-2025-0325,16,Pass,,
SI-2025-0325,17,Pass,,
SI-2025-0325,18,Pass,,
SI-2025-0325,19,Pass,,
SI-2025-0325,20,Pass,,
SI-2025-0325,21,Pass,,
SI-2025-0325,22,Pass,,
SI-2025-0325,23,Pass,,
SI-2025-0325,24,Fail,Medium,No vehicle warning signage at the mezzanine crossing
SI-2025-0326,1,Fail,Low,Fire door at the mezzanine catches on frame and does not latch
SI-2025-0326,2,Pass,,
SI-2025-0326,3,Fail,Medium,Call point at the yard gate blocked by stored materials
SI-2025-0326,4,Pass,,
SI-2025-0326,5,Pass,,
SI-2025-0326,6,Pass,,
SI-2025-0326,7,NA,,
SI-2025-0326,8,Pass,,
SI-2025-0326,9,Pass,,
SI-2025-0326,10,Pass,,
SI-2025-0326,11,Pass,,
SI-2025-0326,12,Pass,,
SI-2025-0326,13,Pass,,
SI-2025-0326,14,Pass,,
SI-2025-0326,15,Pass,,
SI-2025-0326,16,Pass,,
SI-2025-0326,17,Pass,,
SI-2025-0326,18,Pass,,
SI-2025-0326,19,Pass,,
SI-2025-0326,20,Pass,,
SI-2025-0326,21,Pass,,
SI-2025-0326,22,Pass,,
SI-2025-0326,23,Pass,,
SI-2025-0326,24,Fail,Low,No vehicle warning signage at the dock office crossing
SI-2025-0327,1,Pass,,
SI-2025-0327,2,Pass,,
SI-2025-0327,3,Fail,Medium,Call point at the dock office blocked by stored materials
SI-2025-0327,4,Pass,,
SI-2025-0327,5,Pass,,
SI-2025-0327,6,Pass,,
SI-2025-0327,7,Pass,,
SI-2025-0327,8,Pass,,
SI-2025-0327,9,Pass,,
SI-2025-0327,10,Pass,,
SI-2025-0327,11,NA,,
SI-2025-0327,12,Pass,,
SI-2025-0327,13,Pass,,
SI-2025-0327,14,Pass,,
SI-2025-0327,15,Pass,,
SI-2025-0327,16,Pass,,
SI-2025-0327,17,Pass,,
SI-2025-0327,18,Fail,Medium,Overloaded top beam at loading bay 6
SI-2025-0327,19,Fail,Low,Untagged stepladder in use at the east exit
SI-2025-0327,20,Pass,,
SI-2025-0327,21,Pass,,
SI-2025-0327,22,Fail,Low,Walkway markings at the welfare cabin worn and faded
SI-2025-0327,23,Fail,High,Statutory notice board at level 2 out of date
SI-2025-0327,24,Pass,,
SI-2025-0328,1,Pass,,
SI-2025-0328,2,Pass,,
SI-2025-0328,3,Pass,,
SI-2025-0328,4,Pass,,
SI-2025-0328,5,Pass,,
SI-2025-0328,6,Pass,,
SI-2025-0328,7,Fail,Low,Damaged extension lead in use at the yard gate
SI-2025-0328,8,Pass,,
SI-2025-0328,9,Pass,,
SI-2025-0328,10,Pass,,
SI-2025-0328,11,Pass,,
SI-2025-0328,12,Pass,,
SI-2025-0328,13,Pass,,
SI-2025-0328,14,Pass,,
SI-2025-0328,15,Pass,,
SI-2025-0328,16,Pass,,
SI-2025-0328,17,Pass,,
SI-2025-0328,18,Pass,,
SI-2025-0328,19,Pass,,
SI-2025-0328,20,Pass,,
SI-2025-0328,21,Fail,Low,Escape route sign above level 2 obscured by stock
SI-2025-0328,22,Fail,Low,Walkway markings at the welfare cabin worn and faded
SI-2025-0328,23,Pass,,
SI-2025-0328,24,Pass,,
SI-2025-0329,1,Fail,Low,Fire door at bay 2 catches on frame and does not latch
SI-2025-0329,2,Pass,,
SI-2025-0329,3,Fail,Medium,Call point at the dock office blocked by stored materials
SI-2025-0329,4,Pass,,
SI-2025-0329,5,Pass,,
SI-2025-0329,6,Pass,,
SI-2025-0329,7,Pass,,
SI-2025-0329,8,Pass,,
SI-2025-0329,9,Pass,,
SI-2025-0329,10,Pass,,
SI-2025-0329,11,Pass,,
SI-2025-0329,12,Pass,,
SI-2025-0329,13,Pass,,
SI-2025-0329,14,Fail,Low,First-aid kit at the east exit missing dressings
SI-2025-0329,15,Pass,,
SI-2025-0329,16,Pass,,
SI-2025-0329,17,Pass,,
SI-2025-0329,18,Pass,,
SI-2025-0329,19,Pass,,
SI-2025-0329,20,Pass,,
SI-2025-0329,21,Pass,,
SI-2025-0329,22,Pass,,
SI-2025-0329,23,Pass,,
SI-2025-0329,24,Pass,,
SI-2025-0330,1,Pass,,
SI-2025-0330,2,Pass,,
SI-2025-0330,3,NA,,
SI-2025-0330,4,Pass,,
SI-2025-0330,5,Pass,,
SI-2025-0330,6,Pass,,
SI-2025-0330,7,Pass,,
SI-2025-0330,8,Pass,,
SI-2025-0330,9,Pass,,
SI-2025-0330,10,Pass,,
SI-2025-0330,11,Pass,,
SI-2025-0330,12,Fail,Low,Spill kit at the north stairwell missing absorbent pads
SI-2025-0330,13,Pass,,
SI-2025-0330,14,Pass,,
SI-2025-0330,15,Pass,,
SI-2025-0330,16,Pass,,
SI-2025-0330,17,Pass,,
SI-2025-0330,18,Pass,,
SI-2025-0330,19,Fail,Medium,Untagged stepladder in use at the mezzanine
SI-2025-0330,20,Pass,,
SI-2025-0330,21,Pass,,
SI-2025-0330,22,Pass,,
SI-2025-0330,23,Fail,High,Statutory notice board at the dock office out of date
SI-2025-0330,24,Pass,,
SI-2025-0331,1,Fail,Medium,Fire door at the welfare cabin catches on frame and does not latch
SI-2025-0331,2,Fail,Medium,Extinguisher at store B past its service date
SI-2025-0331,3,Pass,,
SI-2025-0331,4,Pass,,
SI-2025-0331,5,Pass,,
SI-2025-0331,6,Pass,,
SI-2025-0331,7,Pass,,
SI-2025-0331,8,Pass,,
SI-2025-0331,9,Pass,,
SI-2025-0331,10,Pass,,
SI-2025-0331,11,Pass,,
SI-2025-0331,12,Pass,,
SI-2025-0331,13,Pass,,
SI-2025-0331,14,Pass,,
SI-2025-0331,15,Pass,,
SI-2025-0331,16,Pass,,
SI-2025-0331,17,Pass,,
SI-2025-0331,18,Fail,Low,Overloaded top beam at bay 2
SI-2025-0331,19,Pass,,
SI-2025-0331,20,Pass,,
SI-2025-0331,21,Pass,,
SI-2025-0331,22,Fail,Low,Walkway markings at the dock office worn and faded
SI-2025-0331,23,Pass,,
SI-2025-0331,24,Pass,,
SI-2025-0332,1,Pass,,
SI-2025-0332,2,Pass,,
SI-2025-0332,3,Pass,,
SI-2025-0332,4,Pass,,
SI-2025-0332,5,Fail,Medium,PAT label at the dock office expired
SI-2025-0332,6,Pass,,
SI-2025-0332,7,Pass,,
SI-2025-0332,8,Pass,,
SI-2025-0332,9,Pass,,
SI-2025-0332,10,Pass,,
SI-2025-0332,11,Pass,,
SI-2025-0332,12,Pass,,
SI-2025-0332,13,Pass,,
SI-2025-0332,14,Pass,,
SI-2025-0332,15,Pass,,
SI-2025-0332,16,Pass,,
SI-2025-0332,17,Fail,Low,Racking tag at the main workshop out of date
SI-2025-0332,18,Fail,Low,Overloaded top beam at loading bay 6
SI-2025-0332,19,Pass,,
SI-2025-0332,20,Pass,,
SI-2025-0332,21,Pass,,
SI-2025-0332,22,Fail,Low,Walkway markings at level 2 worn and faded
SI-2025-0332,23,Pass,,
SI-2025-0332,24,Pass,,
SI-2025-0333,1,Pass,,
SI-2025-0333,2,Fail,Low,Extinguisher at the dock office past its service date
SI-2025-0333,3,Pass,,
SI-2025-0333,4,Pass,,
SI-2025-0333,5,Fail,Low,PAT label at the main workshop expired
SI-2025-0333,6,Pass,,
SI-2025-0333,7,Pass,,
SI-2025-0333,8,Pass,,
SI-2025-0333,9,Fail,Low,Pallets staged on pedestrian route near the north stairwell
SI-2025-0333,10,NA,,
SI-2025-0333,11,Pass,,
SI-2025-0333,12,Pass,,
SI-2025-0333,13,Pass,,
SI-2025-0333,14,Pass,,
SI-2025-0333,15,Pass,,
SI-2025-0333,16,Pass,,
SI-2025-0333,17,Pass,,
SI-2025-0333,18,Pass,,
SI-2025-0333,19,Pass,,
SI-2025-0333,20,Pass,,
SI-2025-0333,21,Pass,,
SI-2025-0333,22,Pass,,
SI-2025-0333,23,Pass,,
SI-2025-0333,24,Pass,,
SI-2025-0334,1,Pass,,
SI-2025-0334,2,Fail,Medium,Extinguisher at the mezzanine past its service date
SI-2025-0334,3,Pass,,
SI-2025-0334,4,Pass,,
SI-2025-0334,5,Pass,,
SI-2025-0334,6,Pass,,
SI-2025-0334,7,Pass,,
SI-2025-0334,8,Pass,,
SI-2025-0334,9,Pass,,
SI-2025-0334,10,Fail,High,Waste bins overflowing at bay 2
SI-2025-0334,11,Fail,High,Work bench at aisle 4 cluttered with offcuts
SI-2025-0334,12,NA,,
SI-2025-0334,13,Fail,High,Eye-wash bottle at store B past expiry
SI-2025-0334,14,Pass,,
SI-2025-0334,15,Pass,,
SI-2025-0334,16,Pass,,
SI-2025-0334,17,Pass,,
SI-2025-0334,18,Pass,,
SI-2025-0334,19,Pass,,
SI-2025-0334,20,Pass,,
SI-2025-0334,21,Pass,,
SI-2025-0334,22,Pass,,
SI-2025-0334,23,Pass,,
SI-2025-0334,24,Pass,,
SI-2025-0335,1,Pass,,
SI-2025-0335,2,Pass,,
SI-2025-0335,3,Pass,,
SI-2025-0335,4,Pass,,
SI-2025-0335,5,Pass,,
SI-2025-0335,6,Pass,,
SI-2025-0335,7,Pass,,
SI-2025-0335,8,Pass,,
SI-2025-0335,9,Pass,,
SI-2025-0335,10,Pass,,
SI-2025-0335,11,Fail,Medium,Work bench at level 2 cluttered with offcuts
SI-2025-0335,12,Pass,,
SI-2025-0335,13,Pass,,
SI-2025-0335,14,Pass,,
SI-2025-0335,15,Pass,,
SI-2025-0335,16,Pass,,
SI-2025-0335,17,Pass,,
SI-2025-0335,18,NA,,
SI-2025-0335,19,Pass,,
SI-2025-0335,20,Pass,,
SI-2025-0335,21,Pass,,
SI-2025-0335,22,Fail,Low,Walkway markings at bay 2 worn and faded
SI-2025-0335,23,Pass,,
SI-2025-0335,24,Pass,,
SI-2025-0336,1,Pass,,
SI-2025-0336,2,Fail,Medium,Extinguisher at the mezzanine past its service date
SI-2025-0336,3,Fail,Low,Call point at the mezzanine blocked by stored materials
SI-2025-0336,4,Pass,,
SI-2025-0336,5,Pass,,
SI-2025-0336,6,Pass,,
SI-2025-0336,7,Pass,,
SI-2025-0336,8,NA,,
SI-2025-0336,9,Pass,,
SI-2025-0336,10,Pass,,
SI-2025-0336,11,Pass,,
SI-2025-0336,12,Pass,,
SI-2025-0336,13,NA,,
SI-2025-0336,14,Pass,,
SI-2025-0336,15,Pass,,
SI-2025-0336,16,Pass,,
SI-2025-0336,17,Pass,,
SI-2025-0336,18,Pass,,
SI-2025-0336,19,Pass,,
SI-2025-0336,20,Pass,,
SI-2025-0336,21,Fail,Medium,Escape route sign above the yard gate obscured by stock
SI-2025-0336,22,Pass,,
SI-2025-0336,23,Pass,,
SI-2025-0336,24,Pass,,
SI-2025-0337,1,Pass,,
SI-2025-0337,2,Pass,,
SI-2025-0337,3,Pass,,
SI-2025-0337,4,Fail,Medium,Emergency light at the mezzanine not illuminating on test
SI-2025-0337,5,Pass,,
SI-2025-0337,6,Pass,,
SI-2025-0337,7,Pass,,
SI-2025-0337,8,Pass,,
SI-2025-0337,9,Pass,,
SI-2025-0337,10,Pass,,
SI-2025-0337,11,Pass,,
SI-2025-0337,12,Fail,Low,Spill kit at level 2 missing absorbent pads
SI-2025-0337,13,Pass,,
SI-2025-0337,14,Pass,,
SI-2025-0337,15,Pass,,
SI-2025-0337,16,Pass,,
SI-2025-0337,17,Pass,,
SI-2025-0337,18,Pass,,
SI-2025-0337,19,Pass,,
SI-2025-0337,20,Fail,Low,COSHH register at the welfare cabin not updated this quarter
SI-2025-0337,21,Pass,,
SI-2025-0337,22,Pass,,
SI-2025-0337,23,Pass,,
SI-2025-0337,24,Pass,,
SI-2025-0338,1,Fail,Low,Fire door at the east exit catches on frame and does not latch
SI-2025-0338,2,Pass,,
SI-2025-0338,3,Pass,,
SI-2025-0338,4,Fail,Low,Emergency light at the dock office not illuminating on test
SI-2025-0338,5,NA,,
SI-2025-0338,6,Pass,,
SI-2025-0338,7,Pass,,
SI-2025-0338,8,Pass,,
SI-2025-0338,9,Pass,,
SI-2025-0338,10,Fail,Low,Waste bins overflowing at level 2
SI-2025-0338,11,Pass,,
SI-2025-0338,12,Pass,,
SI-2025-0338,13,Pass,,
SI-2025-0338,14,Pass,,
SI-2025-0338,15,Pass,,
SI-2025-0338,16,Fail,Low,Welfare room at bay 2 without hot water
SI-2025-0338,17,Pass,,
SI-2025-0338,18,Pass,,
SI-2025-0338,19,Pass,,
SI-2025-0338,20,Pass,,
SI-2025-0338,21,Pass,,
SI-2025-0338,22,Pass,,
SI-2025-0338,23,Pass,,
SI-2025-0338,24,Fail,Low,No vehicle warning signage at the east exit crossing
SI-2025-0339,1,NA,,
SI-2025-0339,2,Fail,Low,Extinguisher at the east exit past its service date
SI-2025-0339,3,NA,,
SI-2025-0339,4,Pass,,
SI-2025-0339,5,Pass,,
SI-2025-0339,6,Pass,,
SI-2025-0339,7,Pass,,
SI-2025-0339,8,Pass,,
SI-2025-0339,9,Pass,,
SI-2025-0339,10,Pass,,
SI-2025-0339,11,Pass,,
SI-2025-0339,12,Pass,,
SI-2025-0339,13,Pass,,
SI-2025-0339,14,Pass,,
SI-2025-0339,15,Pass,,
SI-2025-0339,16,Fail,Low,Welfare room at the mezzanine without hot water
SI-2025-0339,17,Pass,,
SI-2025-0339,18,Pass,,
SI-2025-0339,19,Fail,Low,Untagged stepladder in use at store B
SI-2025-0339,20,Pass,,
SI-2025-0339,21,Pass,,
SI-2025-0339,22,NA,,
SI-2025-0339,23,Pass,,
SI-2025-0339,24,Pass,,
SI-2025-0340,1,Pass,,
SI-2025-0340,2,Fail,Medium,Extinguisher at the welfare cabin past its service date
SI-2025-0340,3,Pass,,
SI-2025-0340,4,Pass,,
SI-2025-0340,5,Pass,,
SI-2025-0340,6,Pass,,
SI-2025-0340,7,Pass,,
SI-2025-0340,8,Pass,,
SI-2025-0340,9,NA,,
SI-2025-0340,10,Pass,,
SI-2025-0340,11,Fail,Low,Work bench at the welfare cabin cluttered with offcuts
SI-2025-0340,12,Pass,,
SI-2025-0340,13,Pass,,
SI-2025-0340,14,Pass,,
SI-2025-0340,15,Pass,,
SI-2025-0340,16,Pass,,
SI-2025-0340,17,Pass,,
SI-2025-0340,18,NA,,
SI-2025-0340,19,Pass,,
SI-2025-0340,20,Pass,,
SI-2025-0340,21,Pass,,
SI-2025-0340,22,Pass,,
SI-2025-0340,23,Pass,,
SI-2025-0340,24,Fail,Low,No vehicle warning signage at store B crossing
SI-2025-0341,1,Pass,,
SI-2025-0341,2,Pass,,
SI-2025-0341,3,Pass,,
SI-2025-0341,4,Pass,,
SI-2025-0341,5,Pass,,
SI-2025-0341,6,Pass,,
SI-2025-0341,7,Pass,,
SI-2025-0341,8,Pass,,
SI-2025-0341,9,Pass,,
SI-2025-0341,10,Pass,,
SI-2025-0341,11,Pass,,
SI-2025-0341,12,Pass,,
SI-2025-0341,13,Pass,,
SI-2025-0341,14,Pass,,
SI-2025-0341,15,Pass,,
SI-2025-0341,16,Pass,,
SI-2025-0341,17,Pass,,
SI-2025-0341,18,Pass,,
SI-2025-0341,19,Fail,Low,Untagged stepladder in use at the dock office
SI-2025-0341,20,Pass,,
SI-2025-0341,21,Pass,,
SI-2025-0341,22,Pass,,
SI-2025-0341,23,Pass,,
SI-2025-0341,24,Pass,,
SI-2025-0342,1,Pass,,
SI-2025-0342,2,Pass,,
SI-2025-0342,3,Pass,,
SI-2025-0342,4,Pass,,
SI-2025-0342,5,Fail,High,PAT label at the yard gate expired
SI-2025-0342,6,Pass,,
SI-2025-0342,7,Pass,,
SI-2025-0342,8,Pass,,
SI-2025-0342,9,Pass,,
SI-2025-0342,10,Pass,,
SI-2025-0342,11,Pass,,
SI-2025-0342,12,Pass,,
SI-2025-0342,13,Pass,,
SI-2025-0342,14,Pass,,
SI-2025-0342,15,Pass,,
SI-2025-0342,16,Pass,,
SI-2025-0342,17,Pass,,
SI-2025-0342,18,Pass,,
SI-2025-0342,19,Pass,,
SI-2025-0342,20,Pass,,
SI-2025-0342,21,Pass,,
SI-2025-0342,22,Fail,Low,Walkway markings at level 2 worn and faded
SI-2025-0342,23,Pass,,
SI-2025-0342,24,Fail,High,No vehicle warning signage at the dock office crossing
SI-2025-0343,1,Pass,,
SI-2025-0343,2,Pass,,
SI-2025-0343,3,Pass,,
SI-2025-0343,4,Pass,,
SI-2025-0343,5,Pass,,
SI-2025-0343,6,Pass,,
SI-2025-0343,7,Fail,Low,Damaged extension lead in use at level 2
SI-2025-0343,8,Pass,,
SI-2025-0343,9,Pass,,
SI-2025-0343,10,Pass,,
SI-2025-0343,11,Pass,,
SI-2025-0343,12,Pass,,
SI-2025-0343,13,Pass,,
SI-2025-0343,14,Pass,,
SI-2025-0343,15,Pass,,
SI-2025-0343,16,Pass,,
SI-2025-0343,17,Pass,,
SI-2025-0343,18,Fail,Medium,Overloaded top beam at the dock office
SI-2025-0343,19,Pass,,
SI-2025-0343,20,Pass,,
SI-2025-0343,21,Pass,,
SI-2025-0343,22,Pass,,
SI-2025-0343,23,Pass,,
SI-2025-0343,24,Pass,,
SI-2025-0344,1,Pass,,
SI-2025-0344,2,Pass,,
SI-2025-0344,3,Pass,,
SI-2025-0344,4,Pass,,
SI-2025-0344,5,Pass,,
SI-2025-0344,6,Pass,,
SI-2025-0344,7,Fail,Medium,Damaged extension lead in use at the north stairwell
SI-2025-0344,8,Pass,,
SI-2025-0344,9,Pass,,
SI-2025-0344,10,Pass,,
SI-2025-0344,11,Pass,,
SI-2025-0344,12,Pass,,
SI-2025-0344,13,Pass,,
SI-2025-0344,14,Pass,,
SI-2025-0344,15,Pass,,
SI-2025-0344,16,Pass,,
SI-2025-0344,17,Pass,,
SI-2025-0344,18,Pass,,
SI-2025-0344,19,Pass,,
SI-2025-0344,20,Pass,,
SI-2025-0344,21,Pass,,
SI-2025-0344,22,Pass,,
SI-2025-0344,23,Fail,Low,Statutory notice board at the main workshop out of date
SI-2025-0344,24,Pass,,
SI-2025-0345,1,Pass,,
SI-2025-0345,2,Pass,,
SI-2025-0345,3,Pass,,
SI-2025-0345,4,Pass,,
SI-2025-0345,5,Pass,,
SI-2025-0345,6,Pass,,
SI-2025-0345,7,Pass,,
SI-2025-0345,8,Pass,,
SI-2025-0345,9,Pass,,
SI-2025-0345,10,Pass,,
SI-2025-0345,11,Pass,,
SI-2025-0345,12,Fail,Medium,Spill kit at the main workshop missing absorbent pads
SI-2025-0345,13,Pass,,
SI-2025-0345,14,Pass,,
SI-2025-0345,15,Fail,Low,Operative without hi-vis near loading bay 6
SI-2025-0345,16,Pass,,
SI-2025-0345,17,Pass,,
SI-2025-0345,18,Pass,,
SI-2025-0345,19,Pass,,
SI-2025-0345,20,Pass,,
SI-2025-0345,21,Fail,High,Escape route sign above the north stairwell obscured by stock
SI-2025-0345,22,Pass,,
SI-2025-0345,23,Pass,,
SI-2025-0345,24,Pass,,
SI-2025-0346,1,Pass,,
SI-2025-0346,2,Pass,,
SI-2025-0346,3,Pass,,
SI-2025-0346,4,Pass,,
SI-2025-0346,5,Pass,,
SI-2025-0346,6,Pass,,
SI-2025-0346,7,Pass,,
SI-2025-0346,8,Pass,,
SI-2025-0346,9,Pass,,
SI-2025-0346,10,Pass,,
SI-2025-0346,11,Fail,Low,Work bench at aisle 4 cluttered with offcuts
SI-2025-0346,12,Pass,,
SI-2025-0346,13,Pass,,
SI-2025-0346,14,Pass,,
SI-2025-0346,15,Pass,,
SI-2025-0346,16,Pass,,
SI-2025-0346,17,Pass,,
SI-2025-0346,18,Pass,,
SI-2025-0346,19,Pass,,
SI-2025-0346,20,Pass,,
SI-2025-0346,21,Pass,,
SI-2025-0346,22,Pass,,
SI-2025-0346,23,Pass,,
SI-2025-0346,24,Pass,,
SI-2025-0347,1,Pass,,
SI-2025-0347,2,Pass,,
SI-2025-0347,3,Pass,,
SI-2025-0347,4,Pass,,
SI-2025-0347,5,Pass,,
SI-2025-0347,6,Pass,,
SI-2025-0347,7,Pass,,
SI-2025-0347,8,Pass,,
SI-2025-0347,9,Pass,,
SI-2025-0347,10,Pass,,
SI-2025-0347,11,Pass,,
SI-2025-0347,12,Pass,,
SI-2025-0347,13,Pass,,
SI-2025-0347,14,Pass,,
SI-2025-0347,15,Pass,,
SI-2025-0347,16,Pass,,
SI-2025-0347,17,Pass,,
SI-2025-0347,18,Pass,,
SI-2025-0347,19,Pass,,
SI-2025-0347,20,Pass,,
SI-2025-0347,21,Pass,,
SI-2025-0347,22,Pass,,
SI-2025-0347,23,Pass,,
SI-2025-0347,24,Pass,,
SI-2025-0348,1,Pass,,
SI-2025-0348,2,Pass,,
SI-2025-0348,3,Pass,,
SI-2025-0348,4,Pass,,
SI-2025-0348,5,Fail,Low,PAT label at the main workshop expired
SI-2025-0348,6,Pass,,
SI-2025-0348,7,Pass,,
SI-2025-0348,8,Pass,,
SI-2025-0348,9,Pass,,
SI-2025-0348,10,Pass,,
SI-2025-0348,11,Fail,Medium,Work bench at the dock office cluttered with offcuts
SI-2025-0348,12,NA,,
SI-2025-0348,13,Pass,,
SI-2025-0348,14,Pass,,
SI-2025-0348,15,Pass,,
SI-2025-0348,16,Pass,,
SI-2025-0348,17,Pass,,
SI-2025-0348,18,Pass,,
SI-2025-0348,19,Pass,,
SI-2025-0348,20,Pass,,
SI-2025-0348,21,Pass,,
SI-2025-0348,22,Pass,,
SI-2025-0348,23,Pass,,
SI-2025-0348,24,Pass,,
SI-2025-0349,1,Pass,,
SI-2025-0349,2,Pass,,
SI-2025-0349,3,Pass,,
SI-2025-0349,4,Pass,,
SI-2025-0349,5,Pass,,
SI-2025-0349,6,Pass,,
SI-2025-0349,7,Pass,,
SI-2025-0349,8,Pass,,
SI-2025-0349,9,Pass,,
SI-2025-0349,10,Pass,,
SI-2025-0349,11,Pass,,
SI-2025-0349,12,Pass,,
SI-2025-0349,13,Pass,,
SI-2025-0349,14,Pass,,
SI-2025-0349,15,Pass,,
SI-2025-0349,16,Pass,,
SI-2025-0349,17,Pass,,
SI-2025-0349,18,Pass,,
SI-2025-0349,19,Pass,,
SI-2025-0349,20,Pass,,
SI-2025-0349,21,Pass,,
SI-2025-0349,22,Pass,,
SI-2025-0349,23,Pass,,
SI-2025-0349,24,Pass,,
SI-2025-0350,1,Pass,,
SI-2025-0350,2,Pass,,
SI-2025-0350,3,Fail,Medium,Call point at the north stairwell blocked by stored materials
SI-2025-0350,4,NA,,
SI-2025-0350,5,Pass,,
SI-2025-0350,6,Pass,,
SI-2025-0350,7,NA,,
SI-2025-0350,8,Fail,Low,Isolation switch at the yard gate obstructed
SI-2025-0350,9,Pass,,
SI-2025-0350,10,Pass,,
SI-2025-0350,11,Pass,,
SI-2025-0350,12,Pass,,
SI-2025-0350,13,Pass,,
SI-2025-0350,14,Pass,,
SI-2025-0350,15,Pass,,
SI-2025-0350,16,Pass,,
SI-2025-0350,17,Pass,,
SI-2025-0350,18,Pass,,
SI-2025-0350,19,Pass,,
SI-2025-0350,20,Pass,,
SI-2025-0350,21,Fail,Medium,Escape route sign above loading bay 6 obscured by stock
SI-2025-0350,22,Fail,Low,Walkway markings at bay 2 worn and faded
SI-2025-0350,23,Pass,,
SI-2025-0350,24,Pass,,
SI-2025-0351,1,Pass,,
SI-2025-0351,2,Pass,,
SI-2025-0351,3,Pass,,
SI-2025-0351,4,Pass,,
SI-2025-0351,5,Pass,,
SI-2025-0351,6,Pass,,
SI-2025-0351,7,Pass,,
SI-2025-0351,8,Pass,,
SI-2025-0351,9,Pass,,
SI-2025-0351,10,Pass,,
SI-2025-0351,11,Pass,,
SI-2025-0351,12,Pass,,
SI-2025-0351,13,Pass,,
SI-2025-0351,14,Pass,,
SI-2025-0351,15,Pass,,
SI-2025-0351,16,NA,,
SI-2025-0351,17,Pass,,
SI-2025-0351,18,Pass,,
SI-2025-0351,19,Pass,,
SI-2025-0351,20,Pass,,
SI-2025-0351,21,Pass,,
SI-2025-0351,22,Pass,,
SI-2025-0351,23,Pass,,
SI-2025-0351,24,Pass,,
SI-2025-0352,1,Pass,,
SI-2025-0352,2,Pass,,
SI-2025-0352,3,Pass,,
SI-2025-0352,4,Pass,,
SI-2025-0352,5,Pass,,
SI-2025-0352,6,Fail,Medium,Distribution board at the mezzanine left open and unlabelled
SI-2025-0352,7,Pass,,
SI-2025-0352,8,Pass,,
SI-2025-0352,9,Pass,,
SI-2025-0352,10,Pass,,
SI-2025-0352,11,Pass,,
SI-2025-0352,12,Pass,,
SI-2025-0352,13,Pass,,
SI-2025-0352,14,NA,,
SI-2025-0352,15,Pass,,
SI-2025-0352,16,Pass,,
SI-2025-0352,17,Pass,,
SI-2025-0352,18,Pass,,
SI-2025-0352,19,Pass,,
SI-2025-0352,20,Pass,,
SI-2025-0352,21,Pass,,
SI-2025-0352,22,Pass,,
SI-2025-0352,23,Fail,Low,Statutory notice board at the mezzanine out of date
SI-2025-0352,24,Pass,,
SI-2025-0353,1,Pass,,
SI-2025-0353,2,Pass,,
SI-2025-0353,3,Pass,,
SI-2025-0353,4,Pass,,
SI-2025-0353,5,Pass,,
SI-2025-0353,6,Pass,,
SI-2025-0353,7,Pass,,
SI-2025-0353,8,Pass,,
SI-2025-0353,9,Pass,,
SI-2025-0353,10,Pass,,
SI-2025-0353,11,Pass,,
SI-2025-0353,12,NA,,
SI-2025-0353,13,Pass,,
SI-2025-0353,14,Fail,Medium,First-aid kit at level 2 missing dressings
SI-2025-0353,15,Pass,,
SI-2025-0353,16,Pass,,
SI-2025-0353,17,Pass,,
SI-2025-0353,18,Pass,,
SI-2025-0353,19,Pass,,
SI-2025-0353,20,Pass,,
SI-2025-0353,21,Fail,Low,Escape route sign above bay 2 obscured by stock
SI-2025-0353,22,Pass,,
SI-2025-0353,23,Pass,,
SI-2025-0353,24,NA,,
SI-2025-0354,1,Pass,,
SI-2025-0354,2,Pass,,
SI-2025-0354,3,NA,,
SI-2025-0354,4,Pass,,
SI-2025-0354,5,Fail,Low,PAT label at the mezzanine expired
SI-2025-0354,6,Pass,,
SI-2025-0354,7,Pass,,
SI-2025-0354,8,Pass,,
SI-2025-0354,9,Pass,,
SI-2025-0354,10,Pass,,
SI-2025-0354,11,Fail,Medium,Work bench at the mezzanine cluttered with offcuts
SI-2025-0354,12,Pass,,
SI-2025-0354,13,Pass,,
SI-2025-0354,14,Fail,Medium,First-aid kit at store B missing dressings
SI-2025-0354,15,Pass,,
SI-2025-0354,16,Pass,,
SI-2025-0354,17,Pass,,
SI-2025-0354,18,NA,,
SI-2025-0354,19,Pass,,
SI-2025-0354,20,Pass,,
SI-2025-0354,21,Pass,,
SI-2025-0354,22,Pass,,
SI-2025-0354,23,Pass,,
SI-2025-0354,24,Fail,Medium,No vehicle warning signage at store B crossing
SI-2025-0355,1,Fail,Medium,Fire door at the yard gate catches on frame and does not latch
SI-2025-0355,2,Pass,,
SI-2025-0355,3,Fail,Low,Call point at loading bay 6 blocked by stored materials
SI-2025-0355,4,Pass,,
SI-2025-0355,5,Pass,,
SI-2025-0355,6,Pass,,
SI-2025-0355,7,Pass,,
SI-2025-0355,8,Pass,,
SI-2025-0355,9,Fail,Low,Pallets staged on pedestrian route near bay 2
SI-2025-0355,10,Pass,,
SI-2025-0355,11,Pass,,
SI-2025-0355,12,Pass,,
SI-2025-0355,13,Pass,,
SI-2025-0355,14,Pass,,
SI-2025-0355,15,Pass,,
SI-2025-0355,16,Pass,,
SI-2025-0355,17,Pass,,
SI-2025-0355,18,Pass,,
SI-2025-0355,19,Pass,,
SI-2025-0355,20,Pass,,
SI-2025-0355,21,Pass,,
SI-2025-0355,22,Pass,,
SI-2025-0355,23,Pass,,
SI-2025-0355,24,Fail,Low,No vehicle warning signage at the north stairwell crossing
SI-2025-0356,1,Pass,,
SI-2025-0356,2,NA,,
SI-2025-0356,3,Pass,,
SI-2025-0356,4,Pass,,
SI-2025-0356,5,Pass,,
SI-2025-0356,6,Fail,Low,Distribution board at bay 2 left open and unlabelled
SI-2025-0356,7,Pass,,
SI-2025-0356,8,Pass,,
SI-2025-0356,9,Pass,,
SI-2025-0356,10,Pass,,
SI-2025-0356,11,Pass,,
SI-2025-0356,12,Fail,Low,Spill kit at loading bay 6 missing absorbent pads
SI-2025-0356,13,Pass,,
SI-2025-0356,14,Pass,,
SI-2025-0356,15,Pass,,
SI-2025-0356,16,Pass,,
SI-2025-0356,17,Pass,,
SI-2025-0356,18,Pass,,
SI-2025-0356,19,Pass,,
SI-2025-0356,20,Pass,,
SI-2025-0356,21,Pass,,
SI-2025-0356,22,Pass,,
SI-2025-0356,23,Pass,,
SI-2025-0356,24,Fail,Low,No vehicle warning signage at the north stairwell crossing
SI-2025-0357,1,Pass,,
SI-2025-0357,2,Pass,,
SI-2025-0357,3,Pass,,
SI-2025-0357,4,Pass,,
SI-2025-0357,5,Pass,,
SI-2025-0357,6,Pass,,
SI-2025-0357,7,Pass,,
SI-2025-0357,8,Pass,,
SI-2025-0357,9,Pass,,
SI-2025-0357,10,Pass,,
SI-2025-0357,11,Pass,,
SI-2025-0357,12,Pass,,
SI-2025-0357,13,Pass,,
SI-2025-0357,14,Pass,,
SI-2025-0357,15,Pass,,
SI-2025-0357,16,Pass,,
SI-2025-0357,17,Pass,,
SI-2025-0357,18,Pass,,
SI-2025-0357,19,Fail,Low,Untagged stepladder in use at the dock office
SI-2025-0357,20,Pass,,
SI-2025-0357,21,Pass,,
SI-2025-0357,22,Pass,,
SI-2025-0357,23,Pass,,
SI-2025-0357,24,Pass,,
SI-2025-0358,1,Fail,High,Fire door at aisle 4 catches on frame and does not latch
SI-2025-0358,2,Pass,,
SI-2025-0358,3,Pass,,
SI-2025-0358,4,Pass,,
SI-2025-0358,5,Fail,Low,PAT label at the mezzanine expired
SI-2025-0358,6,Pass,,
SI-2025-0358,7,Pass,,
SI-2025-0358,8,Pass,,
SI-2025-0358,9,Pass,,
SI-2025-0358,10,Pass,,
SI-2025-0358,11,Pass,,
SI-2025-0358,12,Pass,,
SI-2025-0358,13,Pass,,
SI-2025-0358,14,Pass,,
SI-2025-0358,15,NA,,
SI-2025-0358,16,Pass,,
SI-2025-0358,17,Pass,,
SI-2025-0358,18,Fail,Low,Overloaded top beam at store B
SI-2025-0358,19,Pass,,
SI-2025-0358,20,Pass,,
SI-2025-0358,21,Pass,,
SI-2025-0358,22,Fail,Medium,Walkway markings at bay 2 worn and faded
SI-2025-0358,23,Pass,,
SI-2025-0358,24,Pass,,
SI-2025-0359,1,Pass,,
SI-2025-0359,2,Fail,Medium,Extinguisher at aisle 4 past its service date
SI-2025-0359,3,Pass,,
SI-2025-0359,4,Pass,,
SI-2025-0359,5,Pass,,
SI-2025-0359,6,Pass,,
SI-2025-0359,7,Pass,,
SI-2025-0359,8,Pass,,
SI-2025-0359,9,Pass,,
SI-2025-0359,10,Pass,,
SI-2025-0359,11,Pass,,
SI-2025-0359,12,Fail,Low,Spill kit at the mezzanine missing absorbent pads
SI-2025-0359,13,Pass,,
SI-2025-0359,14,Pass,,
SI-2025-0359,15,Pass,,
SI-2025-0359,16,Pass,,
SI-2025-0359,17,Pass,,
SI-2025-0359,18,Pass,,
SI-2025-0359,19,Pass,,
SI-2025-0359,20,Pass,,
SI-2025-0359,21,Pass,,
SI-2025-0359,22,Pass,,
SI-2025-0359,23,Pass,,
SI-2025-0359,24,Pass,,
SI-2025-0360,1,Pass,,
SI-2025-0360,2,Pass,,
SI-2025-0360,3,Pass,,
SI-2025-0360,4,Pass,,
SI-2025-0360,5,Pass,,
SI-2025-0360,6,Pass,,
SI-2025-0360,7,Pass,,
SI-2025-0360,8,Pass,,
SI-2025-0360,9,Pass,,
SI-2025-0360,10,Pass,,
SI-2025-0360,11,Pass,,
SI-2025-0360,12,Pass,,
SI-2025-0360,13,Pass,,
SI-2025-0360,14,Fail,Low,First-aid kit at loading bay 6 missing dressings
SI-2025-0360,15,Fail,Medium,Operative without hi-vis near the main workshop
SI-2025-0360,16,Pass,,
SI-2025-0360,17,Fail,Medium,Racking tag at the main workshop out of date
SI-2025-0360,18,Pass,,
SI-2025-0360,19,Pass,,
SI-2025-0360,20,Fail,Medium,COSHH register at the mezzanine not updated this quarter
SI-2025-0360,21,Pass,,
SI-2025-0360,22,Pass,,
SI-2025-0360,23,Pass,,
SI-2025-0360,24,Pass,,
SI-2025-0361,1,Pass,,
SI-2025-0361,2,Pass,,
SI-2025-0361,3,Pass,,
SI-2025-0361,4,Pass,,
SI-2025-0361,5,NA,,
SI-2025-0361,6,Pass,,
SI-2025-0361,7,Pass,,
SI-2025-0361,8,Pass,,
SI-2025-0361,9,Fail,High,Pallets staged on pedestrian route near bay 2
SI-2025-0361,10,Pass,,
SI-2025-0361,11,Pass,,
SI-2025-0361,12,Pass,,
SI-2025-0361,13,Pass,,
SI-2025-0361,14,Pass,,
SI-2025-0361,15,Fail,Low,Operative without hi-vis near the dock office
SI-2025-0361,16,Pass,,
SI-2025-0361,17,Pass,,
SI-2025-0361,18,Pass,,
SI-2025-0361,19,Pass,,
SI-2025-0361,20,Pass,,
SI-2025-0361,21,Pass,,
SI-2025-0361,22,Pass,,
SI-2025-0361,23,Fail,Medium,Statutory notice board at the yard gate out of date
SI-2025-0361,24,Pass,,
SI-2025-0362,1,Pass,,
SI-2025-0362,2,Pass,,
SI-2025-0362,3,Pass,,
SI-2025-0362,4,Pass,,
SI-2025-0362,5,Fail,Low,PAT label at the east exit expired
SI-2025-0362,6,Pass,,
SI-2025-0362,7,Pass,,
SI-2025-0362,8,Pass,,
SI-2025-0362,9,Pass,,
SI-2025-0362,10,Pass,,
SI-2025-0362,11,Pass,,
SI-2025-0362,12,Pass,,
SI-2025-0362,13,Pass,,
SI-2025-0362,14,Fail,Low,First-aid kit at store B missing dressings
SI-2025-0362,15,Pass,,
SI-2025-0362,16,Pass,,
SI-2025-0362,17,Pass,,
SI-2025-0362,18,Pass,,
SI-2025-0362,19,Pass,,
SI-2025-0362,20,Pass,,
SI-2025-0362,21,Pass,,
SI-2025-0362,22,Pass,,
SI-2025-0362,23,Pass,,
SI-2025-0362,24,Pass,,
SI-2025-0363,1,Fail,Low,Fire door at the dock office catches on frame and does not latch
SI-2025-0363,2,Pass,,
SI-2025-0363,3,Pass,,
SI-2025-0363,4,Pass,,
SI-2025-0363,5,Pass,,
SI-2025-0363,6,Pass,,
SI-2025-0363,7,Pass,,
SI-2025-0363,8,Pass,,
SI-2025-0363,9,Pass,,
SI-2025-0363,10,Fail,Medium,Waste bins overflowing at store B
SI-2025-0363,11,Pass,,
SI-2025-0363,12,Pass,,
SI-2025-0363,13,Pass,,
SI-2025-0363,14,Pass,,
SI-2025-0363,15,Pass,,
SI-2025-0363,16,Fail,High,Welfare room at the dock office without hot water
SI-2025-0363,17,Pass,,
SI-2025-0363,18,Pass,,
SI-2025-0363,19,Pass,,
SI-2025-0363,20,Pass,,
SI-2025-0363,21,Pass,,
SI-2025-0363,22,Pass,,
SI-2025-0363,23,Pass,,
SI-2025-0363,24,Pass,,
SI-2025-0364,1,Pass,,
SI-2025-0364,2,Pass,,
SI-2025-0364,3,Fail,Medium,Call point at aisle 4 blocked by stored materials
SI-2025-0364,4,Pass,,
SI-2025-0364,5,Pass,,
SI-2025-0364,6,Pass,,
SI-2025-0364,7,Pass,,
SI-2025-0364,8,Pass,,
SI-2025-0364,9,Pass,,
SI-2025-0364,10,Pass,,
SI-2025-0364,11,Pass,,
SI-2025-0364,12,Pass,,
SI-2025-0364,13,Pass,,
SI-2025-0364,14,Pass,,
SI-2025-0364,15,Pass,,
SI-2025-0364,16,Pass,,
SI-2025-0364,17,Pass,,
SI-2025-0364,18,Pass,,
SI-2025-0364,19,NA,,
SI-2025-0364,20,NA,,
SI-2025-0364,21,Pass,,
SI-2025-0364,22,Pass,,
SI-2025-0364,23,Fail,Medium,Statutory notice board at the yard gate out of date
SI-2025-0364,24,Pass,,
SI-2025-0365,1,Pass,,
SI-2025-0365,2,Pass,,
SI-2025-0365,3,Pass,,
SI-2025-0365,4,Pass,,
SI-2025-0365,5,Pass,,
SI-2025-0365,6,Pass,,
SI-2025-0365,7,Pass,,
SI-2025-0365,8,Pass,,
SI-2025-0365,9,Fail,High,Pallets staged on pedestrian route near store B
SI-2025-0365,10,Fail,Low,Waste bins overflowing at aisle 4
SI-2025-0365,11,Pass,,
SI-2025-0365,12,Pass,,
SI-2025-0365,13,Pass,,
SI-2025-0365,14,Fail,Low,First-aid kit at the east exit missing dressings
SI-2025-0365,15,Pass,,
SI-2025-0365,16,Pass,,
SI-2025-0365,17,Pass,,
SI-2025-0365,18,Pass,,
SI-2025-0365,19,Pass,,
SI-2025-0365,20,Pass,,
SI-2025-0365,21,Pass,,
SI-2025-0365,22,Fail,Medium,Walkway markings at the dock office worn and faded
SI-2025-0365,23,Fail,Low,Statutory notice board at level 2 out of date
SI-2025-0365,24,Fail,Low,No vehicle warning signage at store B crossing
SI-2025-0366,1,Pass,,
SI-2025-0366,2,Pass,,
SI-2025-0366,3,Pass,,
SI-2025-0366,4,Fail,Low,Emergency light at loading bay 6 not illuminating on test
SI-2025-0366,5,Pass,,
SI-2025-0366,6,Pass,,
SI-2025-0366,7,Pass,,
SI-2025-0366,8,Pass,,
SI-2025-0366,9,Pass,,
SI-2025-0366,10,Pass,,
SI-2025-0366,11,Pass,,
SI-2025-0366,12,Pass,,
SI-2025-0366,13,Pass,,
SI-2025-0366,14,Fail,Low,First-aid kit at the dock office missing dressings
SI-2025-0366,15,Fail,Medium,Operative without hi-vis near bay 2
SI-2025-0366,16,Pass,,
SI-2025-0366,17,Pass,,
SI-2025-0366,18,Pass,,
SI-2025-0366,19,Pass,,
SI-2025-0366,20,Pass,,
SI-2025-0366,21,Pass,,
SI-2025-0366,22,Pass,,
SI-2025-0366,23,Pass,,
SI-2025-0366,24,Pass,,
SI-2025-0367,1,Pass,,
SI-2025-0367,2,Pass,,
SI-2025-0367,3,Pass,,
SI-2025-0367,4,Pass,,
SI-2025-0367,5,Fail,Low,PAT label at store B expired
SI-2025-0367,6,Fail,Low,Distribution board at the north stairwell left open and unlabelled
SI-2025-0367,7,Pass,,
SI-2025-0367,8,Pass,,
SI-2025-0367,9,Fail,Low,Pallets staged on pedestrian route near the east exit
SI-2025-0367,10,Pass,,
SI-2025-0367,11,Pass,,
SI-2025-0367,12,Pass,,
SI-2025-0367,13,Pass,,
SI-2025-0367,14,Pass,,
SI-2025-0367,15,Pass,,
SI-2025-0367,16,Pass,,
SI-2025-0367,17,Fail,Medium,Racking tag at the north stairwell out of date
SI-2025-0367,18,Pass,,
SI-2025-0367,19,Pass,,
SI-2025-0367,20,Pass,,
SI-2025-0367,21,Pass,,
SI-2025-0367,22,Pass,,
SI-2025-0367,23,Fail,Low,Statutory notice board at aisle 4 out of date
SI-2025-0367,24,Pass,,
SI-2025-0368,1,Pass,,
SI-2025-0368,2,Pass,,
SI-2025-0368,3,Pass,,
SI-2025-0368,4,NA,,
SI-2025-0368,5,Pass,,
SI-2025-0368,6,Pass,,
SI-2025-0368,7,Pass,,
SI-2025-0368,8,NA,,
SI-2025-0368,9,Pass,,
SI-2025-0368,10,Pass,,
SI-2025-0368,11,Pass,,
SI-2025-0368,12,Pass,,
SI-2025-0368,13,Pass,,
SI-2025-0368,14,Pass,,
SI-2025-0368,15,Pass,,
SI-2025-0368,16,Pass,,
SI-2025-0368,17,Pass,,
SI-2025-0368,18,Pass,,
SI-2025-0368,19,Pass,,
SI-2025-0368,20,Pass,,
SI-2025-0368,21,Pass,,
SI-2025-0368,22,Pass,,
SI-2025-0368,23,Pass,,
SI-2025-0368,24,Pass,,
SI-2025-0369,1,NA,,
SI-2025-0369,2,Pass,,
SI-2025-0369,3,Pass,,
SI-2025-0369,4,NA,,
SI-2025-0369,5,Pass,,
SI-2025-0369,6,NA,,
SI-2025-0369,7,Fail,Medium,Damaged extension lead in use at the mezzanine
SI-2025-0369,8,Pass,,
SI-2025-0369,9,Pass,,
SI-2025-0369,10,Pass,,
SI-2025-0369,11,Pass,,
SI-2025-0369,12,Pass,,
SI-2025-0369,13,Pass,,
SI-2025-0369,14,Fail,Low,First-aid kit at aisle 4 missing dressings
SI-2025-0369,15,Pass,,
SI-2025-0369,16,Pass,,
SI-2025-0369,17,NA,,
SI-2025-0369,18,Pass,,
SI-2025-0369,19,Pass,,
SI-2025-0369,20,Pass,,
SI-2025-0369,21,Pass,,
SI-2025-0369,22,Pass,,
SI-2025-0369,23,Fail,Low,Statutory notice board at aisle 4 out of date
SI-2025-0369,24,Fail,Low,No vehicle warning signage at level 2 crossing
SI-2025-0370,1,Pass,,
SI-2025-0370,2,Pass,,
SI-2025-0370,3,Fail,Medium,Call point at aisle 4 blocked by stored materials
SI-2025-0370,4,Pass,,
SI-2025-0370,5,Pass,,
SI-2025-0370,6,Pass,,
SI-2025-0370,7,Pass,,
SI-2025-0370,8,Pass,,
SI-2025-0370,9,Pass,,
SI-2025-0370,10,Pass,,
SI-2025-0370,11,Pass,,
SI-2025-0370,12,Pass,,
SI-2025-0370,13,Pass,,
SI-2025-0370,14,Pass,,
SI-2025-0370,15,Pass,,
SI-2025-0370,16,Pass,,
SI-2025-0370,17,Pass,,
SI-2025-0370,18,Pass,,
SI-2025-0370,19,NA,,
SI-2025-0370,20,Pass,,
SI-2025-0370,21,Pass,,
SI-2025-0370,22,Pass,,
SI-2025-0370,23,Pass,,
SI-2025-0370,24,Pass,,
SI-2025-0371,1,Pass,,
SI-2025-0371,2,Pass,,
SI-2025-0371,3,Pass,,
SI-2025-0371,4,Pass,,
SI-2025-0371,5,Pass,,
SI-2025-0371,6,Pass,,
SI-2025-0371,7,Pass,,
SI-2025-0371,8,Pass,,
SI-2025-0371,9,Pass,,
SI-2025-0371,10,Pass,,
SI-2025-0371,11,Pass,,
SI-2025-0371,12,Pass,,
SI-2025-0371,13,Pass,,
SI-2025-0371,14,Pass,,
SI-2025-0371,15,Pass,,
SI-2025-0371,16,Pass,,
SI-2025-0371,17,Pass,,
SI-2025-0371,18,Pass,,
SI-2025-0371,19,Pass,,
SI-2025-0371,20,Pass,,
SI-2025-0371,21,Pass,,
SI-2025-0371,22,Pass,,
SI-2025-0371,23,Fail,Low,Statutory notice board at the north stairwell out of date
SI-2025-0371,24,Pass,,
SI-2025-0372,1,Pass,,
SI-2025-0372,2,Pass,,
SI-2025-0372,3,Pass,,
SI-2025-0372,4,Pass,,
SI-2025-0372,5,Pass,,
SI-2025-0372,6,Pass,,
SI-2025-0372,7,Pass,,
SI-2025-0372,8,Pass,,
SI-2025-0372,9,Pass,,
SI-2025-0372,10,Pass,,
SI-2025-0372,11,NA,,
SI-2025-0372,12,Pass,,
SI-2025-0372,13,Pass,,
SI-2025-0372,14,Pass,,
SI-2025-0372,15,Pass,,
SI-2025-0372,16,Pass,,
SI-2025-0372,17,Fail,Low,Racking tag at the welfare cabin out of date
SI-2025-0372,18,Pass,,
SI-2025-0372,19,Fail,Medium,Untagged stepladder in use at aisle 4
SI-2025-0372,20,Pass,,
SI-2025-0372,21,Fail,Medium,Escape route sign above level 2 obscured by stock
SI-2025-0372,22,Fail,Low,Walkway markings at bay 2 worn and faded
SI-2025-0372,23,Pass,,
SI-2025-0372,24,Pass,,
SI-2025-0373,1,Pass,,
SI-2025-0373,2,Pass,,
SI-2025-0373,3,Pass,,
SI-2025-0373,4,Pass,,
SI-2025-0373,5,NA,,
SI-2025-0373,6,Pass,,
SI-2025-0373,7,Fail,Low,Damaged extension lead in use at bay 2
SI-2025-0373,8,Fail,Low,Isolation switch at the north stairwell obstructed
SI-2025-0373,9,Pass,,
SI-2025-0373,10,Pass,,
SI-2025-0373,11,Pass,,
SI-2025-0373,12,Pass,,
SI-2025-0373,13,Pass,,
SI-2025-0373,14,Pass,,
SI-2025-0373,15,Pass,,
SI-2025-0373,16,Pass,,
SI-2025-0373,17,Pass,,
SI-2025-0373,18,Pass,,
SI-2025-0373,19,Pass,,
SI-2025-0373,20,Pass,,
SI-2025-0373,21,NA,,
SI-2025-0373,22,Pass,,
SI-2025-0373,23,Pass,,
SI-2025-0373,24,Pass,,
SI-2025-0374,1,Pass,,
SI-2025-0374,2,Pass,,
SI-2025-0374,3,Pass,,
SI-2025-0374,4,Pass,,
SI-2025-0374,5,Pass,,
SI-2025-0374,6,Pass,,
SI-2025-0374,7,Pass,,
SI-2025-0374,8,Pass,,
SI-2025-0374,9,Pass,,
SI-2025-0374,10,Pass,,
SI-2025-0374,11,Pass,,
SI-2025-0374,12,Pass,,
SI-2025-0374,13,Pass,,
SI-2025-0374,14,Pass,,
SI-2025-0374,15,Fail,Low,Operative without hi-vis near aisle 4
SI-2025-0374,16,Fail,Medium,Welfare room at the dock office without hot water
SI-2025-0374,17,Fail,High,Racking tag at loading bay 6 out of date
SI-2025-0374,18,Pass,,
SI-2025-0374,19,Pass,,
SI-2025-0374,20,Pass,,
SI-2025-0374,21,Pass,,
SI-2025-0374,22,Fail,Low,Walkway markings at level 2 worn and faded
SI-2025-0374,23,Pass,,
SI-2025-0374,24,Fail,Low,No vehicle warning signage at the east exit crossing
SI-2025-0375,1,Pass,,
SI-2025-0375,2,Fail,Medium,Extinguisher at the welfare cabin past its service date
SI-2025-0375,3,Pass,,
SI-2025-0375,4,Pass,,
SI-2025-0375,5,Fail,Medium,PAT label at the welfare cabin expired
SI-2025-0375,6,Pass,,
SI-2025-0375,7,Pass,,
SI-2025-0375,8,Pass,,
SI-2025-0375,9,Pass,,
SI-2025-0375,10,Pass,,
SI-2025-0375,11,Pass,,
SI-2025-0375,12,Pass,,
SI-2025-0375,13,Pass,,
SI-2025-0375,14,Pass,,
SI-2025-0375,15,Pass,,
SI-2025-0375,16,Pass,,
SI-2025-0375,17,Pass,,
SI-2025-0375,18,Pass,,
SI-2025-0375,19,Pass,,
SI-2025-0375,20,Pass,,
SI-2025-0375,21,Pass,,
SI-2025-0375,22,Pass,,
SI-2025-0375,23,Pass,,
SI-2025-0375,24,Pass,,
SI-2025-0376,1,NA,,
SI-2025-0376,2,Pass,,
SI-2025-0376,3,Pass,,
SI-2025-0376,4,Pass,,
SI-2025-0376,5,Pass,,
SI-2025-0376,6,Pass,,
SI-2025-0376,7,Pass,,
SI-2025-0376,8,Pass,,
SI-2025-0376,9,NA,,
SI-2025-0376,10,Pass,,
SI-2025-0376,11,Pass,,
SI-2025-0376,12,Pass,,
SI-2025-0376,13,Pass,,
SI-2025-0376,14,Fail,Low,First-aid kit at bay 2 missing dressings
SI-2025-0376,15,Pass,,
SI-2025-0376,16,Fail,Medium,Welfare room at aisle 4 without hot water
SI-2025-0376,17,Pass,,
SI-2025-0376,18,Pass,,
SI-2025-0376,19,Pass,,
SI-2025-0376,20,Pass,,
SI-2025-0376,21,Pass,,
SI-2025-0376,22,Pass,,
SI-2025-0376,23,Pass,,
SI-2025-0376,24,Pass,,
SI-2025-0377,1,Pass,,
SI-2025-0377,2,NA,,
SI-2025-0377,3,Pass,,
SI-2025-0377,4,Pass,,
SI-2025-0377,5,Pass,,
SI-2025-0377,6,Pass,,
SI-2025-0377,7,Pass,,
SI-2025-0377,8,Pass,,
SI-2025-0377,9,Pass,,
SI-2025-0377,10,Pass,,
SI-2025-0377,11,Pass,,
SI-2025-0377,12,Pass,,
SI-2025-0377,13,Pass,,
SI-2025-0377,14,Pass,,
SI-2025-0377,15,Fail,Low,Operative without hi-vis near store B
SI-2025-0377,16,Pass,,
SI-2025-0377,17,Pass,,
SI-2025-0377,18,Pass,,
SI-2025-0377,19,Pass,,
SI-2025-0377,20,Fail,Low,COSHH register at the north stairwell not updated this quarter
SI-2025-0377,21,Pass,,
SI-2025-0377,22,Pass,,
SI-2025-0377,23,Pass,,
SI-2025-0377,24,Fail,Medium,No vehicle warning signage at the main workshop crossing
SI-2025-0378,1,Pass,,
SI-2025-0378,2,Pass,,
SI-2025-0378,3,Pass,,
SI-2025-0378,4,Pass,,
SI-2025-0378,5,Pass,,
SI-2025-0378,6,Pass,,
SI-2025-0378,7,Pass,,
SI-2025-0378,8,Pass,,
SI-2025-0378,9,Pass,,
SI-2025-0378,10,Pass,,
SI-2025-0378,11,Pass,,
SI-2025-0378,12,Pass,,
SI-2025-0378,13,Pass,,
SI-2025-0378,14,Fail,Low,First-aid kit at the main workshop missing dressings
SI-2025-0378,15,Pass,,
SI-2025-0378,16,Pass,,
SI-2025-0378,17,Pass,,
SI-2025-0378,18,Pass,,
SI-2025-0378,19,Pass,,
SI-2025-0378,20,Pass,,
SI-2025-0378,21,Pass,,
SI-2025-0378,22,Pass,,
SI-2025-0378,23,NA,,
SI-2025-0378,24,Pass,,
SI-2025-0379,1,Fail,Low,Fire door at the east exit catches on frame and does not latch
SI-2025-0379,2,Pass,,
SI-2025-0379,3,Pass,,
SI-2025-0379,4,Pass,,
SI-2025-0379,5,Fail,Low,PAT label at the welfare cabin expired
SI-2025-0379,6,Pass,,
SI-2025-0379,7,Pass,,
SI-2025-0379,8,Pass,,
SI-2025-0379,9,Fail,High,Pallets staged on pedestrian route near the dock office
SI-2025-0379,10,Pass,,
SI-2025-0379,11,Pass,,
SI-2025-0379,12,Pass,,
SI-2025-0379,13,NA,,
SI-2025-0379,14,Fail,Medium,First-aid kit at the east exit missing dressings
SI-2025-0379,15,Pass,,
SI-2025-0379,16,Pass,,
SI-2025-0379,17,Pass,,
SI-2025-0379,18,Fail,Low,Overloaded top beam at loading bay 6
SI-2025-0379,19,Pass,,
SI-2025-0379,20,Pass,,
SI-2025-0379,21,Pass,,
SI-2025-0379,22,Pass,,
SI-2025-0379,23,Pass,,
SI-2025-0379,24,Pass,,
SI-2025-0380,1,Pass,,
SI-2025-0380,2,Pass,,
SI-2025-0380,3,Pass,,
SI-2025-0380,4,Pass,,
SI-2025-0380,5,Pass,,
SI-2025-0380,6,Pass,,
SI-2025-0380,7,Pass,,
SI-2025-0380,8,Pass,,
SI-2025-0380,9,Pass,,
SI-2025-0380,10,NA,,
SI-2025-0380,11,Pass,,
SI-2025-0380,12,Pass,,
SI-2025-0380,13,NA,,
SI-2025-0380,14,Pass,,
SI-2025-0380,15,Pass,,
SI-2025-0380,16,Pass,,
SI-2025-0380,17,Pass,,
SI-2025-0380,18,Pass,,
SI-2025-0380,19,Pass,,
SI-2025-0380,20,Pass,,
SI-2025-0380,21,Pass,,
SI-2025-0380,22,Pass,,
SI-2025-0380,23,Pass,,
SI-2025-0380,24,Pass,,
SI-2025-0381,1,Pass,,
SI-2025-0381,2,Fail,Low,Extinguisher at the yard gate past its service date
SI-2025-0381,3,Fail,Low,Call point at loading bay 6 blocked by stored materials
SI-2025-0381,4,Pass,,
SI-2025-0381,5,Pass,,
SI-2025-0381,6,Pass,,
SI-2025-0381,7,Pass,,
SI-2025-0381,8,Pass,,
SI-2025-0381,9,Pass,,
SI-2025-0381,10,Pass,,
SI-2025-0381,11,Fail,Low,Work bench at the main workshop cluttered with offcuts
SI-2025-0381,12,Fail,High,Spill kit at level 2 missing absorbent pads
SI-2025-0381,13,Pass,,
SI-2025-0381,14,Pass,,
SI-2025-0381,15,Fail,Medium,Operative without hi-vis near the mezzanine
SI-2025-0381,16,Pass,,
SI-2025-0381,17,Pass,,
SI-2025-0381,18,NA,,
SI-2025-0381,19,Pass,,
SI-2025-0381,20,Pass,,
SI-2025-0381,21,Fail,Medium,Escape route sign above the dock office obscured by stock
SI-2025-0381,22,Pass,,
SI-2025-0381,23,Fail,Low,Statutory notice board at bay 2 out of date
SI-2025-0381,24,Pass,,
SI-2025-0382,1,Pass,,
SI-2025-0382,2,Pass,,
SI-2025-0382,3,Pass,,
SI-2025-0382,4,Pass,,
SI-2025-0382,5,Pass,,
SI-2025-0382,6,Pass,,
SI-2025-0382,7,Pass,,
SI-2025-0382,8,Pass,,
SI-2025-0382,9,Pass,,
SI-2025-0382,10,Pass,,
SI-2025-0382,11,Pass,,
SI-2025-0382,12,Pass,,
SI-2025-0382,13,Pass,,
SI-2025-0382,14,Fail,Medium,First-aid kit at the mezzanine missing dressings
SI-2025-0382,15,Pass,,
SI-2025-0382,16,Fail,Medium,Welfare room at the main workshop without hot water
SI-2025-0382,17,Pass,,
SI-2025-0382,18,Pass,,
SI-2025-0382,19,Pass,,
SI-2025-0382,20,Pass,,
SI-2025-0382,21,Pass,,
SI-2025-0382,22,Pass,,
SI-2025-0382,23,NA,,
SI-2025-0382,24,Pass,,
SI-2025-0383,1,Pass,,
SI-2025-0383,2,Fail,Medium,Extinguisher at loading bay 6 past its service date
SI-2025-0383,3,Pass,,
SI-2025-0383,4,Pass,,
SI-2025-0383,5,Pass,,
SI-2025-0383,6,Pass,,
SI-2025-0383,7,NA,,
SI-2025-0383,8,Pass,,
SI-2025-0383,9,Pass,,
SI-2025-0383,10,Pass,,
SI-2025-0383,11,Pass,,
SI-2025-0383,12,Pass,,
SI-2025-0383,13,Pass,,
SI-2025-0383,14,Pass,,
SI-2025-0383,15,Pass,,
SI-2025-0383,16,Pass,,
SI-2025-0383,17,Pass,,
SI-2025-0383,18,Pass,,
SI-2025-0383,19,NA,,
SI-2025-0383,20,Fail,Medium,COSHH register at aisle 4 not updated this quarter
SI-2025-0383,21,Pass,,
SI-2025-0383,22,Pass,,
SI-2025-0383,23,Pass,,
SI-2025-0383,24,Pass,,
SI-2025-0384,1,Pass,,
SI-2025-0384,2,Pass,,
SI-2025-0384,3,Pass,,
SI-2025-0384,4,Fail,Low,Emergency light at the yard gate not illuminating on test
SI-2025-0384,5,Pass,,
SI-2025-0384,6,Pass,,
SI-2025-0384,7,Pass,,
SI-2025-0384,8,Pass,,
SI-2025-0384,9,Pass,,
SI-2025-0384,10,Pass,,
SI-2025-0384,11,Fail,Low,Work bench at store B cluttered with offcuts
SI-2025-0384,12,Pass,,
SI-2025-0384,13,Pass,,
SI-2025-0384,14,Fail,Low,First-aid kit at aisle 4 missing dressings
SI-2025-0384,15,Pass,,
SI-2025-0384,16,Pass,,
SI-2025-0384,17,Pass,,
SI-2025-0384,18,Pass,,
SI-2025-0384,19,Fail,Low,Untagged stepladder in use at the east exit
SI-2025-0384,20,Pass,,
SI-2025-0384,21,Fail,Low,Escape route sign above level 2 obscured by stock
SI-2025-0384,22,Pass,,
SI-2025-0384,23,Pass,,
SI-2025-0384,24,Pass,,
SI-2025-0385,1,Pass,,
SI-2025-0385,2,Pass,,
SI-2025-0385,3,Pass,,
SI-2025-0385,4,Pass,,
SI-2025-0385,5,NA,,
SI-2025-0385,6,Pass,,
SI-2025-0385,7,Pass,,
SI-2025-0385,8,Pass,,
SI-2025-0385,9,Pass,,
SI-2025-0385,10,Pass,,
SI-2025-0385,11,Fail,Medium,Work bench at the mezzanine cluttered with offcuts
SI-2025-0385,12,Pass,,
SI-2025-0385,13,Pass,,
SI-2025-0385,14,Pass,,
SI-2025-0385,15,Pass,,
SI-2025-0385,16,Pass,,
SI-2025-0385,17,NA,,
SI-2025-0385,18,Pass,,
SI-2025-0385,19,Pass,,
SI-2025-0385,20,Fail,Medium,COSHH register at loading bay 6 not updated this quarter
SI-2025-0385,21,Pass,,
SI-2025-0385,22,Fail,Medium,Walkway markings at the main workshop worn and faded
SI-2025-0385,23,Pass,,
SI-2025-0385,24,Pass,,
SI-2025-0386,1,Fail,Medium,Fire door at level 2 catches on frame and does not latch
SI-2025-0386,2,Pass,,
SI-2025-0386,3,Pass,,
SI-2025-0386,4,Pass,,
SI-2025-0386,5,Pass,,
SI-2025-0386,6,Pass,,
SI-2025-0386,7,Pass,,
SI-2025-0386,8,Pass,,
SI-2025-0386,9,Pass,,
SI-2025-0386,10,Pass,,
SI-2025-0386,11,Pass,,
SI-2025-0386,12,Pass,,
SI-2025-0386,13,Pass,,
SI-2025-0386,14,Fail,Medium,First-aid kit at the north stairwell missing dressings
SI-2025-0386,15,Fail,Low,Operative without hi-vis near bay 2
SI-2025-0386,16,Pass,,
SI-2025-0386,17,Pass,,
SI-2025-0386,18,Fail,Low,Overloaded top beam at loading bay 6
SI-2025-0386,19,Pass,,
SI-2025-0386,20,Pass,,
SI-2025-0386,21,Pass,,
SI-2025-0386,22,Fail,Low,Walkway markings at the north stairwell worn and faded
SI-2025-0386,23,Pass,,
SI-2025-0386,24,Pass,,
SI-2025-0387,1,Pass,,
SI-2025-0387,2,Pass,,
SI-2025-0387,3,Pass,,
SI-2025-0387,4,Pass,,
SI-2025-0387,5,Pass,,
SI-2025-0387,6,Pass,,
SI-2025-0387,7,Pass,,
SI-2025-0387,8,Pass,,
SI-2025-0387,9,Pass,,
SI-2025-0387,10,Fail,Low,Waste bins overflowing at the mezzanine
SI-2025-0387,11,Pass,,
SI-2025-0387,12,NA,,
SI-2025-0387,13,Pass,,
SI-2025-0387,14,Fail,Low,First-aid kit at the main workshop missing dressings
SI-2025-0387,15,Pass,,
SI-2025-0387,16,Pass,,
SI-2025-0387,17,Pass,,
SI-2025-0387,18,Pass,,
SI-2025-0387,19,Pass,,
SI-2025-0387,20,Pass,,
SI-2025-0387,21,Pass,,
SI-2025-0387,22,Pass,,
SI-2025-0387,23,Fail,Medium,Statutory notice board at the north stairwell out of date
SI-2025-0387,24,Pass,,
SI-2025-0388,1,Pass,,
SI-2025-0388,2,Pass,,
SI-2025-0388,3,Pass,,
SI-2025-0388,4,Pass,,
SI-2025-0388,5,Pass,,
SI-2025-0388,6,Pass,,
SI-2025-0388,7,Pass,,
SI-2025-0388,8,Pass,,
SI-2025-0388,9,Pass,,
SI-2025-0388,10,Pass,,
SI-2025-0388,11,Fail,Medium,Work bench at the dock office cluttered with offcuts
SI-2025-0388,12,Fail,Medium,Spill kit at the east exit missing absorbent pads
SI-2025-0388,13,Pass,,
SI-2025-0388,14,Pass,,
SI-2025-0388,15,Pass,,
SI-2025-0388,16,Pass,,
SI-2025-0388,17,Pass,,
SI-2025-0388,18,Pass,,
SI-2025-0388,19,Pass,,
SI-2025-0388,20,Pass,,
SI-2025-0388,21,Pass,,
SI-2025-0388,22,Pass,,
SI-2025-0388,23,Pass,,
SI-2025-0388,24,Pass,,
SI-2025-0389,1,Pass,,
SI-2025-0389,2,Pass,,
SI-2025-0389,3,Pass,,
SI-2025-0389,4,Pass,,
SI-2025-0389,5,Pass,,
SI-2025-0389,6,Pass,,
SI-2025-0389,7,Fail,High,Damaged extension lead in use at loading bay 6
SI-2025-0389,8,Pass,,
SI-2025-0389,9,Pass,,
SI-2025-0389,10,Pass,,
SI-2025-0389,11,Pass,,
SI-2025-0389,12,Pass,,
SI-2025-0389,13,Pass,,
SI-2025-0389,14,Pass,,
SI-2025-0389,15,Pass,,
SI-2025-0389,16,Fail,Low,Welfare room at the mezzanine without hot water
SI-2025-0389,17,Pass,,
SI-2025-0389,18,Pass,,
SI-2025-0389,19,Pass,,
SI-2025-0389,20,Pass,,
SI-2025-0389,21,Fail,Low,Escape route sign above level 2 obscured by stock
SI-2025-0389,22,Pass,,
SI-2025-0389,23,Pass,,
SI-2025-0389,24,Pass,,
SI-2025-0390,1,Pass,,
SI-2025-0390,2,Pass,,
SI-2025-0390,3,Pass,,
SI-2025-0390,4,Pass,,
SI-2025-0390,5,Pass,,
SI-2025-0390,6,Pass,,
SI-2025-0390,7,Pass,,
SI-2025-0390,8,Pass,,
SI-2025-0390,9,Pass,,
SI-2025-0390,10,Pass,,
SI-2025-0390,11,Pass,,
SI-2025-0390,12,Pass,,
SI-2025-0390,13,Pass,,
SI-2025-0390,14,Pass,,
SI-2025-0390,15,Pass,,
SI-2025-0390,16,Pass,,
SI-2025-0390,17,Pass,,
SI-2025-0390,18,Pass,,
SI-2025-0390,19,NA,,
SI-2025-0390,20,Pass,,
SI-2025-0390,21,Pass,,
SI-2025-0390,22,NA,,
SI-2025-0390,23,Fail,Low,Statutory notice board at loading bay 6 out of date
SI-2025-0390,24,Pass,,
SI-2025-0391,1,Pass,,
SI-2025-0391,2,NA,,
SI-2025-0391,3,Pass,,
SI-2025-0391,4,Pass,,
SI-2025-0391,5,Pass,,
SI-2025-0391,6,Pass,,
SI-2025-0391,7,Pass,,
SI-2025-0391,8,Pass,,
SI-2025-0391,9,Fail,Medium,Pallets staged on pedestrian route near aisle 4
SI-2025-0391,10,Pass,,
SI-2025-0391,11,Pass,,
SI-2025-0391,12,Pass,,
SI-2025-0391,13,Pass,,
SI-2025-0391,14,Pass,,
SI-2025-0391,15,Pass,,
SI-2025-0391,16,Pass,,
SI-2025-0391,17,Pass,,
SI-2025-0391,18,NA,,
SI-2025-0391,19,Pass,,
SI-2025-0391,20,Pass,,
SI-2025-0391,21,Pass,,
SI-2025-0391,22,Pass,,
SI-2025-0391,23,Pass,,
SI-2025-0391,24,Pass,,
SI-2025-0392,1,Pass,,
SI-2025-0392,2,Pass,,
SI-2025-0392,3,Pass,,
SI-2025-0392,4,Pass,,
SI-2025-0392,5,Pass,,
SI-2025-0392,6,Pass,,
SI-2025-0392,7,Pass,,
SI-2025-0392,8,Pass,,
SI-2025-0392,9,Fail,Medium,Pallets staged on pedestrian route near level 2
SI-2025-0392,10,Fail,Medium,Waste bins overflowing at the dock office
SI-2025-0392,11,Pass,,
SI-2025-0392,12,Pass,,
SI-2025-0392,13,Pass,,
SI-2025-0392,14,Pass,,
SI-2025-0392,15,Pass,,
SI-2025-0392,16,Pass,,
SI-2025-0392,17,Pass,,
SI-2025-0392,18,Pass,,
SI-2025-0392,19,Pass,,
SI-2025-0392,20,Pass,,
SI-2025-0392,21,Pass,,
SI-2025-0392,22,Fail,Low,Walkway markings at aisle 4 worn and faded
SI-2025-0392,23,Pass,,
SI-2025-0392,24,Pass,,
SI-2025-0393,1,NA,,
SI-2025-0393,2,Pass,,
SI-2025-0393,3,NA,,
SI-2025-0393,4,Pass,,
SI-2025-0393,5,Pass,,
SI-2025-0393,6,Pass,,
SI-2025-0393,7,Pass,,
SI-2025-0393,8,Pass,,
SI-2025-0393,9,Pass,,
SI-2025-0393,10,Pass,,
SI-2025-0393,11,Pass,,
SI-2025-0393,12,Pass,,
SI-2025-0393,13,Pass,,
SI-2025-0393,14,Pass,,
SI-2025-0393,15,Pass,,
SI-2025-0393,16,Pass,,
SI-2025-0393,17,Fail,Low,Racking tag at the main workshop out of date
SI-2025-0393,18,Pass,,
SI-2025-0393,19,Pass,,
SI-2025-0393,20,Pass,,
SI-2025-0393,21,Pass,,
SI-2025-0393,22,Pass,,
SI-2025-0393,23,Pass,,
SI-2025-0393,24,Pass,,
SI-2025-0394,1,Pass,,
SI-2025-0394,2,Pass,,
SI-2025-0394,3,Pass,,
SI-2025-0394,4,Pass,,
SI-2025-0394,5,NA,,
SI-2025-0394,6,Pass,,
SI-2025-0394,7,Pass,,
SI-2025-0394,8,Fail,Low,Isolation switch at level 2 obstructed
SI-2025-0394,9,Pass,,
SI-2025-0394,10,Pass,,
SI-2025-0394,11,Pass,,
SI-2025-0394,12,Pass,,
SI-2025-0394,13,Pass,,
SI-2025-0394,14,Fail,Low,First-aid kit at store B missing dressings
SI-2025-0394,15,Pass,,
SI-2025-0394,16,Fail,Low,Welfare room at store B without hot water
SI-2025-0394,17,Pass,,
SI-2025-0394,18,Fail,Medium,Overloaded top beam at the welfare cabin
SI-2025-0394,19,Fail,Low,Untagged stepladder in use at bay 2
SI-2025-0394,20,Fail,Low,COSHH register at the mezzanine not updated this quarter
SI-2025-0394,21,Fail,Low,Escape route sign above level 2 obscured by stock
SI-2025-0394,22,Fail,Low,Walkway markings at the welfare cabin worn and faded
SI-2025-0394,23,Pass,,
SI-2025-0394,24,Pass,,
SI-2025-0395,1,Pass,,
SI-2025-0395,2,Fail,High,Extinguisher at the yard gate past its service date
SI-2025-0395,3,Pass,,
SI-2025-0395,4,Pass,,
SI-2025-0395,5,Pass,,
SI-2025-0395,6,Pass,,
SI-2025-0395,7,Pass,,
SI-2025-0395,8,Fail,High,Isolation switch at the east exit obstructed
SI-2025-0395,9,Pass,,
SI-2025-0395,10,Fail,Low,Waste bins overflowing at the main workshop
SI-2025-0395,11,Pass,,
SI-2025-0395,12,Pass,,
SI-2025-0395,13,Pass,,
SI-2025-0395,14,Pass,,
SI-2025-0395,15,Fail,High,Operative without hi-vis near the welfare cabin
SI-2025-0395,16,Pass,,
SI-2025-0395,17,Pass,,
SI-2025-0395,18,Pass,,
SI-2025-0395,19,Pass,,
SI-2025-0395,20,Pass,,
SI-2025-0395,21,Pass,,
SI-2025-0395,22,Pass,,
SI-2025-0395,23,Fail,Low,Statutory notice board at store B out of date
SI-2025-0395,24,Pass,,
SI-2025-0396,1,Pass,,
SI-2025-0396,2,Pass,,
SI-2025-0396,3,Pass,,
SI-2025-0396,4,Pass,,
SI-2025-0396,5,Pass,,
SI-2025-0396,6,Pass,,
SI-2025-0396,7,Pass,,
SI-2025-0396,8,Pass,,
SI-2025-0396,9,Pass,,
SI-2025-0396,10,Pass,,
SI-2025-0396,11,Pass,,
SI-2025-0396,12,Pass,,
SI-2025-0396,13,Pass,,
SI-2025-0396,14,Pass,,
SI-2025-0396,15,Pass,,
SI-2025-0396,16,Pass,,
SI-2025-0396,17,Fail,Medium,Racking tag at the mezzanine out of date
SI-2025-0396,18,Pass,,
SI-2025-0396,19,Pass,,
SI-2025-0396,20,Pass,,
SI-2025-0396,21,Pass,,
SI-2025-0396,22,Pass,,
SI-2025-0396,23,Pass,,
SI-2025-0396,24,Pass,,
SI-2025-0397,1,Pass,,
SI-2025-0397,2,Pass,,
SI-2025-0397,3,Pass,,
SI-2025-0397,4,Fail,Low,Emergency light at the main workshop not illuminating on test
SI-2025-0397,5,Pass,,
SI-2025-0397,6,NA,,
SI-2025-0397,7,Pass,,
SI-2025-0397,8,Pass,,
SI-2025-0397,9,Pass,,
SI-2025-0397,10,Pass,,
SI-2025-0397,11,Pass,,
SI-2025-0397,12,Pass,,
SI-2025-0397,13,Fail,Low,Eye-wash bottle at loading bay 6 past expiry
SI-2025-0397,14,Pass,,
SI-2025-0397,15,NA,,
SI-2025-0397,16,Pass,,
SI-2025-0397,17,Pass,,
SI-2025-0397,18,Pass,,
SI-2025-0397,19,Pass,,
SI-2025-0397,20,Pass,,
SI-2025-0397,21,Fail,Low,Escape route sign above the north stairwell obscured by stock
SI-2025-0397,22,Pass,,
SI-2025-0397,23,Pass,,
SI-2025-0397,24,Pass,,
SI-2025-0398,1,Pass,,
SI-2025-0398,2,Pass,,
SI-2025-0398,3,Pass,,
SI-2025-0398,4,Pass,,
SI-2025-0398,5,Pass,,
SI-2025-0398,6,Pass,,
SI-2025-0398,7,Pass,,
SI-2025-0398,8,Pass,,
SI-2025-0398,9,Pass,,
SI-2025-0398,10,Pass,,
SI-2025-0398,11,Pass,,
SI-2025-0398,12,Pass,,
SI-2025-0398,13,Pass,,
SI-2025-0398,14,Pass,,
SI-2025-0398,15,Fail,Low,Operative without hi-vis near the main workshop
SI-2025-0398,16,Pass,,
SI-2025-0398,17,Pass,,
SI-2025-0398,18,Pass,,
SI-2025-0398,19,Pass,,
SI-2025-0398,20,Pass,,
SI-2025-0398,21,Pass,,
SI-2025-0398,22,Pass,,
SI-2025-0398,23,Pass,,
SI-2025-0398,24,Pass,,
SI-2025-0399,1,Pass,,
SI-2025-0399,2,NA,,
SI-2025-0399,3,Pass,,
SI-2025-0399,4,Pass,,
SI-2025-0399,5,Pass,,
SI-2025-0399,6,Pass,,
SI-2025-0399,7,Pass,,
SI-2025-0399,8,Pass,,
SI-2025-0399,9,Pass,,
SI-2025-0399,10,Pass,,
SI-2025-0399,11,Pass,,
SI-2025-0399,12,Pass,,
SI-2025-0399,13,Fail,Low,Eye-wash bottle at the mezzanine past expiry
SI-2025-0399,14,Pass,,
SI-2025-0399,15,Pass,,
SI-2025-0399,16,Pass,,
SI-2025-0399,17,Pass,,
SI-2025-0399,18,Pass,,
SI-2025-0399,19,Pass,,
SI-2025-0399,20,Pass,,
SI-2025-0399,21,Fail,Medium,Escape route sign above aisle 4 obscured by stock
SI-2025-0399,22,Pass,,
SI-2025-0399,23,Pass,,
SI-2025-0399,24,Pass,,
SI-2025-0400,1,Pass,,
SI-2025-0400,2,Pass,,
SI-2025-0400,3,Pass,,
SI-2025-0400,4,Pass,,
SI-2025-0400,5,Pass,,
SI-2025-0400,6,Pass,,
SI-2025-0400,7,Pass,,
SI-2025-0400,8,Pass,,
SI-2025-0400,9,Pass,,
SI-2025-0400,10,Pass,,
SI-2025-0400,11,Pass,,
SI-2025-0400,12,NA,,
SI-2025-0400,13,Pass,,
SI-2025-0400,14,Pass,,
SI-2025-0400,15,Pass,,
SI-2025-0400,16,Pass,,
SI-2025-0400,17,Pass,,
SI-2025-0400,18,Pass,,
SI-2025-0400,19,Pass,,
SI-2025-0400,20,Pass,,
SI-2025-0400,21,Fail,Low,Escape route sign above store B obscured by stock
SI-2025-0400,22,Pass,,
SI-2025-0400,23,Pass,,
SI-2025-0400,24,Pass,,
SI-2025-0401,1,Fail,Medium,Fire door at bay 2 catches on frame and does not latch
SI-2025-0401,2,Pass,,
SI-2025-0401,3,Pass,,
SI-2025-0401,4,Pass,,
SI-2025-0401,5,Pass,,
SI-2025-0401,6,Pass,,
SI-2025-0401,7,Pass,,
SI-2025-0401,8,Pass,,
SI-2025-0401,9,Pass,,
SI-2025-0401,10,Pass,,
SI-2025-0401,11,Pass,,
SI-2025-0401,12,Pass,,
SI-2025-0401,13,Pass,,
SI-2025-0401,14,Pass,,
SI-2025-0401,15,Pass,,
SI-2025-0401,16,Pass,,
SI-2025-0401,17,Fail,Medium,Racking tag at the main workshop out of date
SI-2025-0401,18,Pass,,
SI-2025-0401,19,Pass,,
SI-2025-0401,20,Pass,,
SI-2025-0401,21,Pass,,
SI-2025-0401,22,Fail,Low,Walkway markings at level 2 worn and faded
SI-2025-0401,23,Pass,,
SI-2025-0401,24,Pass,,
SI-2025-0402,1,Pass,,
SI-2025-0402,2,Pass,,
SI-2025-0402,3,Pass,,
SI-2025-0402,4,Pass,,
SI-2025-0402,5,Pass,,
SI-2025-0402,6,Pass,,
SI-2025-0402,7,Pass,,
SI-2025-0402,8,Pass,,
SI-2025-0402,9,Pass,,
SI-2025-0402,10,Pass,,
SI-2025-0402,11,Pass,,
SI-2025-0402,12,Pass,,
SI-2025-0402,13,Pass,,
SI-2025-0402,14,Pass,,
SI-2025-0402,15,Pass,,
SI-2025-0402,16,Pass,,
SI-2025-0402,17,Pass,,
SI-2025-0402,18,Pass,,
SI-2025-0402,19,Pass,,
SI-2025-0402,20,Pass,,
SI-2025-0402,21,Pass,,
SI-2025-0402,22,Pass,,
SI-2025-0402,23,Pass,,
SI-2025-0402,24,Pass,,
SI-2025-0403,1,Pass,,
SI-2025-0403,2,Pass,,
SI-2025-0403,3,NA,,
SI-2025-0403,4,Pass,,
SI-2025-0403,5,Pass,,
SI-2025-0403,6,Pass,,
SI-2025-0403,7,Pass,,
SI-2025-0403,8,Pass,,
SI-2025-0403,9,Pass,,
SI-2025-0403,10,Pass,,
SI-2025-0403,11,Pass,,
SI-2025-0403,12,Pass,,
SI-2025-0403,13,Pass,,
SI-2025-0403,14,Pass,,
SI-2025-0403,15,Pass,,
SI-2025-0403,16,Pass,,
SI-2025-0403,17,Pass,,
SI-2025-0403,18,Pass,,
SI-2025-0403,19,Pass,,
SI-2025-0403,20,Pass,,
SI-2025-0403,21,Pass,,
SI-2025-0403,22,Pass,,
SI-2025-0403,23,Pass,,
SI-2025-0403,24,Pass,,
SI-2025-0404,1,Pass,,
SI-2025-0404,2,Pass,,
SI-2025-0404,3,Fail,Medium,Call point at the yard gate blocked by stored materials
SI-2025-0404,4,Pass,,
SI-2025-0404,5,Pass,,
SI-2025-0404,6,Pass,,
SI-2025-0404,7,Pass,,
SI-2025-0404,8,NA,,
SI-2025-0404,9,Pass,,
SI-2025-0404,10,Pass,,
SI-2025-0404,11,Pass,,
SI-2025-0404,12,Pass,,
SI-2025-0404,13,Pass,,
SI-2025-0404,14,Pass,,
SI-2025-0404,15,Pass,,
SI-2025-0404,16,Pass,,
SI-2025-0404,17,Fail,Low,Racking tag at the north stairwell out of date
SI-2025-0404,18,Pass,,
SI-2025-0404,19,Pass,,
SI-2025-0404,20,Pass,,
SI-2025-0404,21,Fail,Medium,Escape route sign above loading bay 6 obscured by stock
SI-2025-0404,22,Fail,Medium,Walkway markings at the dock office worn and faded
SI-2025-0404,23,Pass,,
SI-2025-0404,24,Pass,,
SI-2025-0405,1,Fail,Low,Fire door at aisle 4 catches on frame and does not latch
SI-2025-0405,2,Pass,,
SI-2025-0405,3,Fail,Low,Call point at the dock office blocked by stored materials
SI-2025-0405,4,Pass,,
SI-2025-0405,5,Pass,,
SI-2025-0405,6,Pass,,
SI-2025-0405,7,Pass,,
SI-2025-0405,8,Pass,,
SI-2025-0405,9,Pass,,
SI-2025-0405,10,Pass,,
SI-2025-0405,11,Pass,,
SI-2025-0405,12,Pass,,
SI-2025-0405,13,Pass,,
SI-2025-0405,14,Pass,,
SI-2025-0405,15,Pass,,
SI-2025-0405,16,Pass,,
SI-2025-0405,17,Pass,,
SI-2025-0405,18,Pass,,
SI-2025-0405,19,Pass,,
SI-2025-0405,20,Pass,,
SI-2025-0405,21,Pass,,
SI-2025-0405,22,Pass,,
SI-2025-0405,23,Pass,,
SI-2025-0405,24,Pass,,
SI-2025-0406,1,Pass,,
SI-2025-0406,2,Pass,,
SI-2025-0406,3,Pass,,
SI-2025-0406,4,Pass,,
SI-2025-0406,5,Pass,,
SI-2025-0406,6,Pass,,
SI-2025-0406,7,NA,,
SI-2025-0406,8,Pass,,
SI-2025-0406,9,Pass,,
SI-2025-0406,10,Pass,,
SI-2025-0406,11,Pass,,
SI-2025-0406,12,Pass,,
SI-2025-0406,13,NA,,
SI-2025-0406,14,Fail,Low,First-aid kit at aisle 4 missing dressings
SI-2025-0406,15,Pass,,
SI-2025-0406,16,Fail,Low,Welfare room at the mezzanine without hot water
SI-2025-0406,17,Pass,,
SI-2025-0406,18,Pass,,
SI-2025-0406,19,Fail,Low,Untagged stepladder in use at the main workshop
SI-2025-0406,20,Pass,,
SI-2025-0406,21,Pass,,
SI-2025-0406,22,Pass,,
SI-2025-0406,23,Fail,Low,Statutory notice board at the mezzanine out of date
SI-2025-0406,24,Pass,,
SI-2025-0407,1,Pass,,
SI-2025-0407,2,Pass,,
SI-2025-0407,3,Fail,Low,Call point at the dock office blocked by stored materials
SI-2025-0407,4,Pass,,
SI-2025-0407,5,Pass,,
SI-2025-0407,6,NA,,
SI-2025-0407,7,Pass,,
SI-2025-0407,8,Pass,,
SI-2025-0407,9,Pass,,
SI-2025-0407,10,Fail,High,Waste bins overflowing at store B
SI-2025-0407,11,Pass,,
SI-2025-0407,12,NA,,
SI-2025-0407,13,Pass,,
SI-2025-0407,14,Pass,,
SI-2025-0407,15,Pass,,
SI-2025-0407,16,Fail,Low,Welfare room at aisle 4 without hot water
SI-2025-0407,17,Pass,,
SI-2025-0407,18,Pass,,
SI-2025-0407,19,NA,,
SI-2025-0407,20,Fail,High,COSHH register at the dock office not updated this quarter
SI-2025-0407,21,Pass,,
SI-2025-0407,22,Pass,,
SI-2025-0407,23,Pass,,
SI-2025-0407,24,Pass,,
SI-2025-0408,1,NA,,
SI-2025-0408,2,Pass,,
SI-2025-0408,3,Pass,,
SI-2025-0408,4,Pass,,
SI-2025-0408,5,Pass,,
SI-2025-0408,6,Pass,,
SI-2025-0408,7,Pass,,
SI-2025-0408,8,Pass,,
SI-2025-0408,9,Pass,,
SI-2025-0408,10,Pass,,
SI-2025-0408,11,Fail,Medium,Work bench at the east exit cluttered with offcuts
SI-2025-0408,12,Pass,,
SI-2025-0408,13,Pass,,
SI-2025-0408,14,Pass,,
SI-2025-0408,15,Pass,,
SI-2025-0408,16,Pass,,
SI-2025-0408,17,Pass,,
SI-2025-0408,18,Pass,,
SI-2025-0408,19,Pass,,
SI-2025-0408,20,Fail,High,COSHH register at the main workshop not updated this quarter
SI-2025-0408,21,Fail,Medium,Escape route sign above the mezzanine obscured by stock
SI-2025-0408,22,Pass,,
SI-2025-0408,23,Pass,,
SI-2025-0408,24,Pass,,
SI-2025-0409,1,Fail,Low,Fire door at the mezzanine catches on frame and does not latch
SI-2025-0409,2,Pass,,
SI-2025-0409,3,Pass,,
SI-2025-0409,4,Pass,,
SI-2025-0409,5,NA,,
SI-2025-0409,6,Pass,,
SI-2025-0409,7,Pass,,
SI-2025-0409,8,Pass,,
SI-2025-0409,9,Pass,,
SI-2025-0409,10,Pass,,
SI-2025-0409,11,Pass,,
SI-2025-0409,12,Pass,,
SI-2025-0409,13,Pass,,
SI-2025-0409,14,Pass,,
SI-2025-0409,15,Pass,,
SI-2025-0409,16,Pass,,
SI-2025-0409,17,Pass,,
SI-2025-0409,18,Pass,,
SI-2025-0409,19,Pass,,
SI-2025-0409,20,Pass,,
SI-2025-0409,21,Pass,,
SI-2025-0409,22,NA,,
SI-2025-0409,23,Pass,,
SI-2025-0409,24,Pass,,
SI-2025-0410,1,Pass,,
SI-2025-0410,2,Pass,,
SI-2025-0410,3,Pass,,
SI-2025-0410,4,Pass,,
SI-2025-0410,5,Pass,,
SI-2025-0410,6,Pass,,
SI-2025-0410,7,Pass,,
SI-2025-0410,8,Pass,,
SI-2025-0410,9,Pass,,
SI-2025-0410,10,Pass,,
SI-2025-0410,11,Pass,,
SI-2025-0410,12,Pass,,
SI-2025-0410,13,Pass,,
SI-2025-0410,14,Pass,,
SI-2025-0410,15,Pass,,
SI-2025-0410,16,Pass,,
SI-2025-0410,17,Pass,,
SI-2025-0410,18,Pass,,
SI-2025-0410,19,Pass,,
SI-2025-0410,20,Pass,,
SI-2025-0410,21,Fail,Medium,Escape route sign above the main workshop obscured by stock
SI-2025-0410,22,Pass,,
SI-2025-0410,23,Fail,Low,Statutory notice board at the east exit out of date
SI-2025-0410,24,Pass,,
SI-2025-0411,1,Pass,,
SI-2025-0411,2,Fail,High,Extinguisher at the yard gate past its service date
SI-2025-0411,3,Pass,,
SI-2025-0411,4,Pass,,
SI-2025-0411,5,Pass,,
SI-2025-0411,6,Pass,,
SI-2025-0411,7,Pass,,
SI-2025-0411,8,Pass,,
SI-2025-0411,9,Pass,,
SI-2025-0411,10,Pass,,
SI-2025-0411,11,Pass,,
SI-2025-0411,12,Pass,,
SI-2025-0411,13,Pass,,
SI-2025-0411,14,Pass,,
SI-2025-0411,15,Pass,,
SI-2025-0411,16,Pass,,
SI-2025-0411,17,Pass,,
SI-2025-0411,18,Fail,Medium,Overloaded top beam at the main workshop
SI-2025-0411,19,Pass,,
SI-2025-0411,20,Pass,,
SI-2025-0411,21,Pass,,
SI-2025-0411,22,Fail,Medium,Walkway markings at the north stairwell worn and faded
SI-2025-0411,23,Pass,,
SI-2025-0411,24,Pass,,
SI-2025-0412,1,Pass,,
SI-2025-0412,2,Pass,,
SI-2025-0412,3,Fail,Low,Call point at the yard gate blocked by stored materials
SI-2025-0412,4,Pass,,
SI-2025-0412,5,Pass,,
SI-2025-0412,6,Pass,,
SI-2025-0412,7,Pass,,
SI-2025-0412,8,Pass,,
SI-2025-0412,9,Pass,,
SI-2025-0412,10,Pass,,
SI-2025-0412,11,Pass,,
SI-2025-0412,12,NA,,
SI-2025-0412,13,Pass,,
SI-2025-0412,14,Pass,,
SI-2025-0412,15,Pass,,
SI-2025-0412,16,Pass,,
SI-2025-0412,17,Pass,,
SI-2025-0412,18,Pass,,
SI-2025-0412,19,Pass,,
SI-2025-0412,20,Pass,,
SI-2025-0412,21,Fail,Low,Escape route sign above level 2 obscured by stock
SI-2025-0412,22,Pass,,
SI-2025-0412,23,Pass,,
SI-2025-0412,24,Pass,,
SI-2025-0413,1,Pass,,
SI-2025-0413,2,Fail,Medium,Extinguisher at store B past its service date
SI-2025-0413,3,Pass,,
SI-2025-0413,4,Pass,,
SI-2025-0413,5,Pass,,
SI-2025-0413,6,Fail,Medium,Distribution board at the dock office left open and unlabelled
SI-2025-0413,7,Fail,Low,Damaged extension lead in use at the welfare cabin
SI-2025-0413,8,Pass,,
SI-2025-0413,9,Fail,Low,Pallets staged on pedestrian route near level 2
SI-2025-0413,10,Pass,,
SI-2025-0413,11,Pass,,
SI-2025-0413,12,Pass,,
SI-2025-0413,13,Pass,,
SI-2025-0413,14,Fail,Low,First-aid kit at the east exit missing dressings
SI-2025-0413,15,Pass,,
SI-2025-0413,16,Fail,Medium,Welfare room at bay 2 without hot water
SI-2025-0413,17,Pass,,
SI-2025-0413,18,Pass,,
SI-2025-0413,19,Fail,Low,Untagged stepladder in use at the yard gate
SI-2025-0413,20,Pass,,
SI-2025-0413,21,Pass,,
SI-2025-0413,22,Fail,Medium,Walkway markings at the yard gate worn and faded
SI-2025-0413,23,Fail,Medium,Statutory notice board at the dock office out of date
SI-2025-0413,24,Fail,Low,No vehicle warning signage at the yard gate crossing
SI-2025-0414,1,Pass,,
SI-2025-0414,2,Pass,,
SI-2025-0414,3,Pass,,
SI-2025-0414,4,Pass,,
SI-2025-0414,5,Pass,,
SI-2025-0414,6,Pass,,
SI-2025-0414,7,Pass,,
SI-2025-0414,8,Pass,,
SI-2025-0414,9,Pass,,
SI-2025-0414,10,Fail,Low,Waste bins overflowing at level 2
SI-2025-0414,11,Pass,,
SI-2025-0414,12,Pass,,
SI-2025-0414,13,Pass,,
SI-2025-0414,14,Pass,,
SI-2025-0414,15,Pass,,
SI-2025-0414,16,Pass,,
SI-2025-0414,17,Pass,,
SI-2025-0414,18,Pass,,
SI-2025-0414,19,Fail,Medium,Untagged stepladder in use at the east exit
SI-2025-0414,20,Fail,High,COSHH register at the yard gate not updated this quarter
SI-2025-0414,21,Pass,,
SI-2025-0414,22,Pass,,
SI-2025-0414,23,Fail,Medium,Statutory notice board at the dock office out of date
SI-2025-0414,24,Pass,,
SI-2025-0415,1,Pass,,
SI-2025-0415,2,Pass,,
SI-2025-0415,3,Fail,Medium,Call point at loading bay 6 blocked by stored materials
SI-2025-0415,4,Pass,,
SI-2025-0415,5,Pass,,
SI-2025-0415,6,Pass,,
SI-2025-0415,7,Pass,,
SI-2025-0415,8,Pass,,
SI-2025-0415,9,Fail,Low,Pallets staged on pedestrian route near the east exit
SI-2025-0415,10,Pass,,
SI-2025-0415,11,Pass,,
SI-2025-0415,12,Pass,,
SI-2025-0415,13,Pass,,
SI-2025-0415,14,Pass,,
SI-2025-0415,15,Pass,,
SI-2025-0415,16,Fail,Low,Welfare room at the north stairwell without hot water
SI-2025-0415,17,Pass,,
SI-2025-0415,18,Pass,,
SI-2025-0415,19,Pass,,
SI-2025-0415,20,Pass,,
SI-2025-0415,21,Pass,,
SI-2025-0415,22,Pass,,
SI-2025-0415,23,Pass,,
SI-2025-0415,24,Pass,,
SI-2025-0416,1,Pass,,
SI-2025-0416,2,Pass,,
SI-2025-0416,3,Pass,,
SI-2025-0416,4,Pass,,
SI-2025-0416,5,Pass,,
SI-2025-0416,6,Pass,,
SI-2025-0416,7,Fail,Low,Damaged extension lead in use at aisle 4
SI-2025-0416,8,Pass,,
SI-2025-0416,9,Fail,Medium,Pallets staged on pedestrian route near loading bay 6
SI-2025-0416,10,Pass,,
SI-2025-0416,11,Pass,,
SI-2025-0416,12,Pass,,
SI-2025-0416,13,Pass,,
SI-2025-0416,14,Pass,,
SI-2025-0416,15,Pass,,
SI-2025-0416,16,Pass,,
SI-2025-0416,17,Pass,,
SI-2025-0416,18,Pass,,
SI-2025-0416,19,Pass,,
SI-2025-0416,20,Pass,,
SI-2025-0416,21,Pass,,
SI-2025-0416,22,Pass,,
SI-2025-0416,23,Fail,High,Statutory notice board at bay 2 out of date
SI-2025-0416,24,Fail,Medium,No vehicle warning signage at aisle 4 crossing
SI-2025-0417,1,Pass,,
SI-2025-0417,2,Fail,Low,Extinguisher at bay 2 past its service date
SI-2025-0417,3,Pass,,
SI-2025-0417,4,Pass,,
SI-2025-0417,5,Pass,,
SI-2025-0417,6,Pass,,
SI-2025-0417,7,Pass,,
SI-2025-0417,8,Pass,,
SI-2025-0417,9,Pass,,
SI-2025-0417,10,Fail,Medium,Waste bins overflowing at aisle 4
SI-2025-0417,11,Pass,,
SI-2025-0417,12,Pass,,
SI-2025-0417,13,NA,,
SI-2025-0417,14,Pass,,
SI-2025-0417,15,Pass,,
SI-2025-0417,16,Pass,,
SI-2025-0417,17,Pass,,
SI-2025-0417,18,Pass,,
SI-2025-0417,19,Pass,,
SI-2025-0417,20,Pass,,
SI-2025-0417,21,Pass,,
SI-2025-0417,22,Pass,,
SI-2025-0417,23,Fail,Medium,Statutory notice board at the north stairwell out of date
SI-2025-0417,24,Fail,Low,No vehicle warning signage at the welfare cabin crossing
SI-2025-0418,1,Pass,,
SI-2025-0418,2,Pass,,
SI-2025-0418,3,Fail,Medium,Call point at the welfare cabin blocked by stored materials
SI-2025-0418,4,Pass,,
SI-2025-0418,5,Pass,,
SI-2025-0418,6,Pass,,
SI-2025-0418,7,Fail,Low,Damaged extension lead in use at level 2
SI-2025-0418,8,Pass,,
SI-2025-0418,9,Pass,,
SI-2025-0418,10,Pass,,
SI-2025-0418,11,Pass,,
SI-2025-0418,12,Pass,,
SI-2025-0418,13,Pass,,
SI-2025-0418,14,Pass,,
SI-2025-0418,15,Pass,,
SI-2025-0418,16,Pass,,
SI-2025-0418,17,Pass,,
SI-2025-0418,18,Pass,,
SI-2025-0418,19,Pass,,
SI-2025-0418,20,Pass,,
SI-2025-0418,21,Pass,,
SI-2025-0418,22,Pass,,
SI-2025-0418,23,Pass,,
SI-2025-0418,24,Pass,,
SI-2025-0419,1,Pass,,
SI-2025-0419,2,Pass,,
SI-2025-0419,3,Pass,,
SI-2025-0419,4,Pass,,
SI-2025-0419,5,Pass,,
SI-2025-0419,6,Pass,,
SI-2025-0419,7,Pass,,
SI-2025-0419,8,Pass,,
SI-2025-0419,9,Pass,,
SI-2025-0419,10,NA,,
SI-2025-0419,11,Fail,Low,Work bench at loading bay 6 cluttered with offcuts
SI-2025-0419,12,Pass,,
SI-2025-0419,13,NA,,
SI-2025-0419,14,Pass,,
SI-2025-0419,15,Pass,,
SI-2025-0419,16,Pass,,
SI-2025-0419,17,Pass,,
SI-2025-0419,18,Pass,,
SI-2025-0419,19,Pass,,
SI-2025-0419,20,Pass,,
SI-2025-0419,21,Fail,Low,Escape route sign above loading bay 6 obscured by stock
SI-2025-0419,22,Pass,,
SI-2025-0419,23,Fail,Medium,Statutory notice board at level 2 out of date
SI-2025-0419,24,Pass,,
SI-2025-0420,1,Fail,Low,Fire door at store B catches on frame and does not latch
SI-2025-0420,2,Pass,,
SI-2025-0420,3,Pass,,
SI-2025-0420,4,Pass,,
SI-2025-0420,5,Pass,,
SI-2025-0420,6,Pass,,
SI-2025-0420,7,Pass,,
SI-2025-0420,8,Pass,,
SI-2025-0420,9,Pass,,
SI-2025-0420,10,Pass,,
SI-2025-0420,11,Pass,,
SI-2025-0420,12,Pass,,
SI-2025-0420,13,Pass,,
SI-2025-0420,14,Pass,,
SI-2025-0420,15,Fail,Medium,Operative without hi-vis near loading bay 6
SI-2025-0420,16,Pass,,
SI-2025-0420,17,Pass,,
SI-2025-0420,18,NA,,
SI-2025-0420,19,Pass,,
SI-2025-0420,20,Pass,,
SI-2025-0420,21,Pass,,
SI-2025-0420,22,Pass,,
SI-2025-0420,23,Pass,,
SI-2025-0420,24,Pass,,
SI-2025-0421,1,Fail,Low,Fire door at bay 2 catches on frame and does not latch
SI-2025-0421,2,Fail,Low,Extinguisher at the north stairwell past its service date
SI-2025-0421,3,Pass,,
SI-2025-0421,4,Pass,,
SI-2025-0421,5,Pass,,
SI-2025-0421,6,Pass,,
SI-2025-0421,7,NA,,
SI-2025-0421,8,Pass,,
SI-2025-0421,9,Pass,,
SI-2025-0421,10,Pass,,
SI-2025-0421,11,Pass,,
SI-2025-0421,12,Pass,,
SI-2025-0421,13,Pass,,
SI-2025-0421,14,Pass,,
SI-2025-0421,15,Pass,,
SI-2025-0421,16,Pass,,
SI-2025-0421,17,Pass,,
SI-2025-0421,18,Pass,,
SI-2025-0421,19,Pass,,
SI-2025-0421,20,Pass,,
SI-2025-0421,21,Pass,,
SI-2025-0421,22,Pass,,
SI-2025-0421,23,Pass,,
SI-2025-0421,24,Pass,,
SI-2025-0422,1,Pass,,
SI-2025-0422,2,Pass,,
SI-2025-0422,3,Pass,,
SI-2025-0422,4,Fail,Low,Emergency light at loading bay 6 not illuminating on test
SI-2025-0422,5,Pass,,
SI-2025-0422,6,Pass,,
SI-2025-0422,7,Pass,,
SI-2025-0422,8,Pass,,
SI-2025-0422,9,Pass,,
SI-2025-0422,10,Pass,,
SI-2025-0422,11,Pass,,
SI-2025-0422,12,Fail,Low,Spill kit at bay 2 missing absorbent pads
SI-2025-0422,13,Pass,,
SI-2025-0422,14,Pass,,
SI-2025-0422,15,Pass,,
SI-2025-0422,16,Pass,,
SI-2025-0422,17,Pass,,
SI-2025-0422,18,Fail,Medium,Overloaded top beam at aisle 4
SI-2025-0422,19,Pass,,
SI-2025-0422,20,Pass,,
SI-2025-0422,21,Pass,,
SI-2025-0422,22,Fail,Low,Walkway markings at aisle 4 worn and faded
SI-2025-0422,23,Pass,,
SI-2025-0422,24,Pass,,
SI-2025-0423,1,Pass,,
SI-2025-0423,2,Pass,,
SI-2025-0423,3,Pass,,
SI-2025-0423,4,Pass,,
SI-2025-0423,5,Pass,,
SI-2025-0423,6,Pass,,
SI-2025-0423,7,Pass,,
SI-2025-0423,8,Pass,,
SI-2025-0423,9,Pass,,
SI-2025-0423,10,Pass,,
SI-2025-0423,11,Pass,,
SI-2025-0423,12,Pass,,
SI-2025-0423,13,Pass,,
SI-2025-0423,14,Pass,,
SI-2025-0423,15,Pass,,
SI-2025-0423,16,Pass,,
SI-2025-0423,17,Pass,,
SI-2025-0423,18,Fail,Medium,Overloaded top beam at store B
SI-2025-0423,19,Pass,,
SI-2025-0423,20,Pass,,
SI-2025-0423,21,Pass,,
SI-2025-0423,22,Pass,,
SI-2025-0423,23,Pass,,
SI-2025-0423,24,Pass,,
SI-2025-0424,1,Pass,,
SI-2025-0424,2,Pass,,
SI-2025-0424,3,Pass,,
SI-2025-0424,4,Pass,,
SI-2025-0424,5,Pass,,
SI-2025-0424,6,Pass,,
SI-2025-0424,7,Pass,,
SI-2025-0424,8,Pass,,
SI-2025-0424,9,Pass,,
SI-2025-0424,10,Pass,,
SI-2025-0424,11,Pass,,
SI-2025-0424,12,Pass,,
SI-2025-0424,13,Pass,,
SI-2025-0424,14,Pass,,
SI-2025-0424,15,Pass,,
SI-2025-0424,16,Pass,,
SI-2025-0424,17,Pass,,
SI-2025-0424,18,Pass,,
SI-2025-0424,19,Pass,,
SI-2025-0424,20,Fail,Low,COSHH register at the mezzanine not updated this quarter
SI-2025-0424,21,Pass,,
SI-2025-0424,22,Fail,High,Walkway markings at the mezzanine worn and faded
SI-2025-0424,23,Pass,,
SI-2025-0424,24,Fail,Low,No vehicle warning signage at the welfare cabin crossing
SI-2025-0425,1,Pass,,
SI-2025-0425,2,Pass,,
SI-2025-0425,3,Pass,,
SI-2025-0425,4,Pass,,
SI-2025-0425,5,Pass,,
SI-2025-0425,6,Pass,,
SI-2025-0425,7,Pass,,
SI-2025-0425,8,Pass,,
SI-2025-0425,9,Pass,,
SI-2025-0425,10,Pass,,
SI-2025-0425,11,Pass,,
SI-2025-0425,12,Pass,,
SI-2025-0425,13,Pass,,
SI-2025-0425,14,Pass,,
SI-2025-0425,15,Pass,,
SI-2025-0425,16,Pass,,
SI-2025-0425,17,Pass,,
SI-2025-0425,18,Pass,,
SI-2025-0425,19,Pass,,
SI-2025-0425,20,Pass,,
SI-2025-0425,21,Pass,,
SI-2025-0425,22,Pass,,
SI-2025-0425,23,Pass,,
SI-2025-0425,24,Fail,Low,No vehicle warning signage at the mezzanine crossing
SI-2025-0426,1,Pass,,
SI-2025-0426,2,Fail,Low,Extinguisher at the yard gate past its service date
SI-2025-0426,3,Pass,,
SI-2025-0426,4,Pass,,
SI-2025-0426,5,Pass,,
SI-2025-0426,6,Pass,,
SI-2025-0426,7,Pass,,
SI-2025-0426,8,Pass,,
SI-2025-0426,9,Pass,,
SI-2025-0426,10,Pass,,
SI-2025-0426,11,Pass,,
SI-2025-0426,12,Pass,,
SI-2025-0426,13,Pass,,
SI-2025-0426,14,Pass,,
SI-2025-0426,15,Pass,,
SI-2025-0426,16,Pass,,
SI-2025-0426,17,Pass,,
SI-2025-0426,18,Fail,High,Overloaded top beam at the yard gate
SI-2025-0426,19,Pass,,
SI-2025-0426,20,Pass,,
SI-2025-0426,21,Pass,,
SI-2025-0426,22,Pass,,
SI-2025-0426,23,Fail,Low,Statutory notice board at the east exit out of date
SI-2025-0426,24,NA,,
SI-2025-0427,1,Pass,,
SI-2025-0427,2,Pass,,
SI-2025-0427,3,Fail,Low,Call point at aisle 4 blocked by stored materials
SI-2025-0427,4,Pass,,
SI-2025-0427,5,Pass,,
SI-2025-0427,6,Pass,,
SI-2025-0427,7,Pass,,
SI-2025-0427,8,Pass,,
SI-2025-0427,9,Pass,,
SI-2025-0427,10,Pass,,
SI-2025-0427,11,Pass,,
SI-2025-0427,12,Pass,,
SI-2025-0427,13,Fail,Medium,Eye-wash bottle at the welfare cabin past expiry
SI-2025-0427,14,Pass,,
SI-2025-0427,15,Pass,,
SI-2025-0427,16,Pass,,
SI-2025-0427,17,Pass,,
SI-2025-0427,18,Pass,,
SI-2025-0427,19,Pass,,
SI-2025-0427,20,Pass,,
SI-2025-0427,21,Pass,,
SI-2025-0427,22,Pass,,
SI-2025-0427,23,Pass,,
SI-2025-0427,24,Pass,,
SI-2025-0428,1,Pass,,
SI-2025-0428,2,Pass,,
SI-2025-0428,3,Fail,High,Call point at the north stairwell blocked by stored materials
SI-2025-0428,4,Pass,,
SI-2025-0428,5,Pass,,
SI-2025-0428,6,Pass,,
SI-2025-0428,7,Pass,,
SI-2025-0428,8,Pass,,
SI-2025-0428,9,Fail,Low,Pallets staged on pedestrian route near aisle 4
SI-2025-0428,10,Pass,,
SI-2025-0428,11,Pass,,
SI-2025-0428,12,Pass,,
SI-2025-0428,13,Pass,,
SI-2025-0428,14,Pass,,
SI-2025-0428,15,Pass,,
SI-2025-0428,16,Pass,,
SI-2025-0428,17,Pass,,
SI-2025-0428,18,Pass,,
SI-2025-0428,19,Pass,,
SI-2025-0428,20,Pass,,
SI-2025-0428,21,Pass,,
SI-2025-0428,22,Pass,,
SI-2025-0428,23,Pass,,
SI-2025-0428,24,Pass,,
SI-2025-0429,1,Pass,,
SI-2025-0429,2,Pass,,
SI-2025-0429,3,Pass,,
SI-2025-0429,4,Pass,,
SI-2025-0429,5,Pass,,
SI-2025-0429,6,Pass,,
SI-2025-0429,7,Pass,,
SI-2025-0429,8,Pass,,
SI-2025-0429,9,Fail,Low,Pallets staged on pedestrian route near the welfare cabin
SI-2025-0429,10,Pass,,
SI-2025-0429,11,Pass,,
SI-2025-0429,12,Pass,,
SI-2025-0429,13,Pass,,
SI-2025-0429,14,Pass,,
SI-2025-0429,15,Pass,,
SI-2025-0429,16,Pass,,
SI-2025-0429,17,Pass,,
SI-2025-0429,18,Pass,,
SI-2025-0429,19,Fail,Medium,Untagged stepladder in use at aisle 4
SI-2025-0429,20,Pass,,
SI-2025-0429,21,Pass,,
SI-2025-0429,22,Pass,,
SI-2025-0429,23,Pass,,
SI-2025-0429,24,Pass,,
SI-2025-0430,1,Pass,,
SI-2025-0430,2,Fail,Medium,Extinguisher at aisle 4 past its service date
SI-2025-0430,3,Pass,,
SI-2025-0430,4,Pass,,
SI-2025-0430,5,Pass,,
SI-2025-0430,6,Pass,,
SI-2025-0430,7,Pass,,
SI-2025-0430,8,Pass,,
SI-2025-0430,9,Pass,,
SI-2025-0430,10,Fail,Low,Waste bins overflowing at the welfare cabin
SI-2025-0430,11,NA,,
SI-2025-0430,12,Fail,Medium,Spill kit at the welfare cabin missing absorbent pads
SI-2025-0430,13,Pass,,
SI-2025-0430,14,Pass,,
SI-2025-0430,15,Pass,,
SI-2025-0430,16,Fail,Low,Welfare room at store B without hot water
SI-2025-0430,17,Pass,,
SI-2025-0430,18,Pass,,
SI-2025-0430,19,Pass,,
SI-2025-0430,20,Pass,,
SI-2025-0430,21,Fail,Low,Escape route sign above the east exit obscured by stock
SI-2025-0430,22,Fail,Low,Walkway markings at level 2 worn and faded
SI-2025-0430,23,Pass,,
SI-2025-0430,24,Pass,,
SI-2025-0431,1,Fail,Low,Fire door at aisle 4 catches on frame and does not latch
SI-2025-0431,2,Pass,,
SI-2025-0431,3,NA,,
SI-2025-0431,4,Pass,,
SI-2025-0431,5,Pass,,
SI-2025-0431,6,Pass,,
SI-2025-0431,7,Pass,,
SI-2025-0431,8,Fail,Low,Isolation switch at the north stairwell obstructed
SI-2025-0431,9,Pass,,
SI-2025-0431,10,Pass,,
SI-2025-0431,11,Pass,,
SI-2025-0431,12,Pass,,
SI-2025-0431,13,Pass,,
SI-2025-0431,14,Pass,,
SI-2025-0431,15,NA,,
SI-2025-0431,16,Pass,,
SI-2025-0431,17,Pass,,
SI-2025-0431,18,Pass,,
SI-2025-0431,19,Pass,,
SI-2025-0431,20,Pass,,
SI-2025-0431,21,Pass,,
SI-2025-0431,22,Pass,,
SI-2025-0431,23,Pass,,
SI-2025-0431,24,Pass,,
SI-2025-0432,1,Pass,,
SI-2025-0432,2,Pass,,
SI-2025-0432,3,Pass,,
SI-2025-0432,4,Pass,,
SI-2025-0432,5,Pass,,
SI-2025-0432,6,Pass,,
SI-2025-0432,7,Pass,,
SI-2025-0432,8,Pass,,
SI-2025-0432,9,Pass,,
SI-2025-0432,10,Pass,,
SI-2025-0432,11,Pass,,
SI-2025-0432,12,Pass,,
SI-2025-0432,13,Pass,,
SI-2025-0432,14,Pass,,
SI-2025-0432,15,Pass,,
SI-2025-0432,16,Pass,,
SI-2025-0432,17,Pass,,
SI-2025-0432,18,Pass,,
SI-2025-0432,19,NA,,
SI-2025-0432,20,Pass,,
SI-2025-0432,21,Pass,,
SI-2025-0432,22,Pass,,
SI-2025-0432,23,Pass,,
SI-2025-0432,24,Pass,,
SI-2025-0433,1,Pass,,
SI-2025-0433,2,Pass,,
SI-2025-0433,3,NA,,
SI-2025-0433,4,Pass,,
SI-2025-0433,5,Pass,,
SI-2025-0433,6,Fail,Low,Distribution board at the east exit left open and unlabelled
SI-2025-0433,7,Pass,,
SI-2025-0433,8,Pass,,
SI-2025-0433,9,Pass,,
SI-2025-0433,10,Pass,,
SI-2025-0433,11,Pass,,
SI-2025-0433,12,Pass,,
SI-2025-0433,13,Pass,,
SI-2025-0433,14,Pass,,
SI-2025-0433,15,Pass,,
SI-2025-0433,16,Pass,,
SI-2025-0433,17,Pass,,
SI-2025-0433,18,Pass,,
SI-2025-0433,19,Pass,,
SI-2025-0433,20,Pass,,
SI-2025-0433,21,Pass,,
SI-2025-0433,22,Pass,,
SI-2025-0433,23,Pass,,
SI-2025-0433,24,Pass,,
SI-2025-0434,1,Pass,,
SI-2025-0434,2,Pass,,
SI-2025-0434,3,NA,,
SI-2025-0434,4,Pass,,
SI-2025-0434,5,Pass,,
SI-2025-0434,6,Pass,,
SI-2025-0434,7,Pass,,
SI-2025-0434,8,Pass,,
SI-2025-0434,9,Fail,Medium,Pallets staged on pedestrian route near the east exit
SI-2025-0434,10,Pass,,
SI-2025-0434,11,Pass,,
SI-2025-0434,12,Pass,,
SI-2025-0434,13,Fail,Low,Eye-wash bottle at aisle 4 past expiry
SI-2025-0434,14,Pass,,
SI-2025-0434,15,Pass,,
SI-2025-0434,16,Pass,,
SI-2025-0434,17,Pass,,
SI-2025-0434,18,Pass,,
SI-2025-0434,19,Pass,,
SI-2025-0434,20,Pass,,
SI-2025-0434,21,Pass,,
SI-2025-0434,22,Pass,,
SI-2025-0434,23,Fail,Low,Statutory notice board at loading bay 6 out of date
SI-2025-0434,24,Pass,,
SI-2025-0435,1,Pass,,
SI-2025-0435,2,Pass,,
SI-2025-0435,3,Pass,,
SI-2025-0435,4,Pass,,
SI-2025-0435,5,Pass,,
SI-2025-0435,6,Pass,,
SI-2025-0435,7,Pass,,
SI-2025-0435,8,Pass,,
SI-2025-0435,9,Fail,Low,Pallets staged on pedestrian route near aisle 4
SI-2025-0435,10,Pass,,
SI-2025-0435,11,NA,,
SI-2025-0435,12,Pass,,
SI-2025-0435,13,Pass,,
SI-2025-0435,14,Pass,,
SI-2025-0435,15,Pass,,
SI-2025-0435,16,Pass,,
SI-2025-0435,17,Pass,,
SI-2025-0435,18,Pass,,
SI-2025-0435,19,Fail,Medium,Untagged stepladder in use at the mezzanine
SI-2025-0435,20,Pass,,
SI-2025-0435,21,Fail,Low,Escape route sign above the mezzanine obscured by stock
SI-2025-0435,22,Pass,,
SI-2025-0435,23,Pass,,
SI-2025-0435,24,Pass,,
SI-2025-0436,1,Fail,Low,Fire door at the mezzanine catches on frame and does not latch
SI-2025-0436,2,Pass,,
SI-2025-0436,3,Pass,,
SI-2025-0436,4,Pass,,
SI-2025-0436,5,Pass,,
SI-2025-0436,6,Pass,,
SI-2025-0436,7,Pass,,
SI-2025-0436,8,Pass,,
SI-2025-0436,9,Pass,,
SI-2025-0436,10,Fail,Low,Waste bins overflowing at level 2
SI-2025-0436,11,Pass,,
SI-2025-0436,12,Pass,,
SI-2025-0436,13,Pass,,
SI-2025-0436,14,Pass,,
SI-2025-0436,15,Pass,,
SI-2025-0436,16,Pass,,
SI-2025-0436,17,Pass,,
SI-2025-0436,18,Fail,Low,Overloaded top beam at loading bay 6
SI-2025-0436,19,Pass,,
SI-2025-0436,20,Pass,,
SI-2025-0436,21,Pass,,
SI-2025-0436,22,Fail,Low,Walkway markings at store B worn and faded
SI-2025-0436,23,Pass,,
SI-2025-0436,24,Pass,,
SI-2025-0437,1,Fail,Low,Fire door at the welfare cabin catches on frame and does not latch
SI-2025-0437,2,Pass,,
SI-2025-0437,3,Pass,,
SI-2025-0437,4,Pass,,
SI-2025-0437,5,Pass,,
SI-2025-0437,6,Pass,,
SI-2025-0437,7,Fail,Medium,Damaged extension lead in use at aisle 4
SI-2025-0437,8,Pass,,
SI-2025-0437,9,Pass,,
SI-2025-0437,10,Pass,,
SI-2025-0437,11,Pass,,
SI-2025-0437,12,Pass,,
SI-2025-0437,13,Fail,Medium,Eye-wash bottle at the welfare cabin past expiry
SI-2025-0437,14,Pass,,
SI-2025-0437,15,Pass,,
SI-2025-0437,16,Pass,,
SI-2025-0437,17,Pass,,
SI-2025-0437,18,Pass,,
SI-2025-0437,19,Fail,Low,Untagged stepladder in use at bay 2
SI-2025-0437,20,Pass,,
SI-2025-0437,21,Pass,,
SI-2025-0437,22,Pass,,
SI-2025-0437,23,Pass,,
SI-2025-0437,24,Pass,,
SI-2025-0438,1,Pass,,
SI-2025-0438,2,Pass,,
SI-2025-0438,3,Pass,,
SI-2025-0438,4,Fail,Low,Emergency light at loading bay 6 not illuminating on test
SI-2025-0438,5,Pass,,
SI-2025-0438,6,Fail,Low,Distribution board at aisle 4 left open and unlabelled
SI-2025-0438,7,NA,,
SI-2025-0438,8,Pass,,
SI-2025-0438,9,Pass,,
SI-2025-0438,10,Pass,,
SI-2025-0438,11,Pass,,
SI-2025-0438,12,Pass,,
SI-2025-0438,13,Pass,,
SI-2025-0438,14,Pass,,
SI-2025-0438,15,Pass,,
SI-2025-0438,16,Pass,,
SI-2025-0438,17,Pass,,
SI-2025-0438,18,Pass,,
SI-2025-0438,19,Fail,Medium,Untagged stepladder in use at the mezzanine
SI-2025-0438,20,Pass,,
SI-2025-0438,21,Pass,,
SI-2025-0438,22,Pass,,
SI-2025-0438,23,Fail,Low,Statutory notice board at the dock office out of date
SI-2025-0438,24,Pass,,
SI-2025-0439,1,Pass,,
SI-2025-0439,2,Pass,,
SI-2025-0439,3,Pass,,
SI-2025-0439,4,Pass,,
SI-2025-0439,5,Pass,,
SI-2025-0439,6,Fail,Low,Distribution board at bay 2 left open and unlabelled
SI-2025-0439,7,Pass,,
SI-2025-0439,8,Pass,,
SI-2025-0439,9,Pass,,
SI-2025-0439,10,Pass,,
SI-2025-0439,11,Pass,,
SI-2025-0439,12,Fail,Low,Spill kit at bay 2 missing absorbent pads
SI-2025-0439,13,Pass,,
SI-2025-0439,14,Pass,,
SI-2025-0439,15,Pass,,
SI-2025-0439,16,Fail,Low,Welfare room at the north stairwell without hot water
SI-2025-0439,17,Pass,,
SI-2025-0439,18,Pass,,
SI-2025-0439,19,Pass,,
SI-2025-0439,20,Pass,,
SI-2025-0439,21,Fail,Low,Escape route sign above store B obscured by stock
SI-2025-0439,22,Pass,,
SI-2025-0439,23,Pass,,
SI-2025-0439,24,Pass,,
SI-2025-0440,1,Fail,Low,Fire door at level 2 catches on frame and does not latch
SI-2025-0440,2,Pass,,
SI-2025-0440,3,Pass,,
SI-2025-0440,4,Pass,,
SI-2025-0440,5,Pass,,
SI-2025-0440,6,Pass,,
SI-2025-0440,7,Pass,,
SI-2025-0440,8,Pass,,
SI-2025-0440,9,Pass,,
SI-2025-0440,10,Pass,,
SI-2025-0440,11,Pass,,
SI-2025-0440,12,Pass,,
SI-2025-0440,13,Pass,,
SI-2025-0440,14,Pass,,
SI-2025-0440,15,Pass,,
SI-2025-0440,16,Pass,,
SI-2025-0440,17,Pass,,
SI-2025-0440,18,Pass,,
SI-2025-0440,19,Pass,,
SI-2025-0440,20,Pass,,
SI-2025-0440,21,Pass,,
SI-2025-0440,22,Pass,,
SI-2025-0440,23,Pass,,
SI-2025-0440,24,Fail,Medium,No vehicle warning signage at the north stairwell crossing
SI-2025-0441,1,Pass,,
SI-2025-0441,2,Pass,,
SI-2025-0441,3,Pass,,
SI-2025-0441,4,NA,,
SI-2025-0441,5,Pass,,
SI-2025-0441,6,Pass,,
SI-2025-0441,7,Pass,,
SI-2025-0441,8,Fail,Medium,Isolation switch at the dock office obstructed
SI-2025-0441,9,Pass,,
SI-2025-0441,10,Pass,,
SI-2025-0441,11,Pass,,
SI-2025-0441,12,Pass,,
SI-2025-0441,13,Pass,,
SI-2025-0441,14,Pass,,
SI-2025-0441,15,Pass,,
SI-2025-0441,16,Fail,Low,Welfare room at the main workshop without hot water
SI-2025-0441,17,Pass,,
SI-2025-0441,18,Pass,,
SI-2025-0441,19,Pass,,
SI-2025-0441,20,Pass,,
SI-2025-0441,21,Pass,,
SI-2025-0441,22,Pass,,
SI-2025-0441,23,Pass,,
SI-2025-0441,24,Pass,,
SI-2025-0442,1,Pass,,
SI-2025-0442,2,Pass,,
SI-2025-0442,3,Pass,,
SI-2025-0442,4,NA,,
SI-2025-0442,5,Pass,,
SI-2025-0442,6,Pass,,
SI-2025-0442,7,Pass,,
SI-2025-0442,8,Pass,,
SI-2025-0442,9,Pass,,
SI-2025-0442,10,NA,,
SI-2025-0442,11,Pass,,
SI-2025-0442,12,Pass,,
SI-2025-0442,13,Fail,Low,Eye-wash bottle at aisle 4 past expiry
SI-2025-0442,14,Pass,,
SI-2025-0442,15,Pass,,
SI-2025-0442,16,Pass,,
SI-2025-0442,17,Pass,,
SI-2025-0442,18,Pass,,
SI-2025-0442,19,Pass,,
SI-2025-0442,20,Pass,,
SI-2025-0442,21,Pass,,
SI-2025-0442,22,Pass,,
SI-2025-0442,23,Pass,,
SI-2025-0442,24,Pass,,
SI-2025-0443,1,Fail,Medium,Fire door at the north stairwell catches on frame and does not latch
SI-2025-0443,2,Pass,,
SI-2025-0443,3,Pass,,
SI-2025-0443,4,Pass,,
SI-2025-0443,5,Pass,,
SI-2025-0443,6,Fail,High,Distribution board at the dock office left open and unlabelled
SI-2025-0443,7,Pass,,
SI-2025-0443,8,Pass,,
SI-2025-0443,9,Pass,,
SI-2025-0443,10,Pass,,
SI-2025-0443,11,NA,,
SI-2025-0443,12,Pass,,
SI-2025-0443,13,NA,,
SI-2025-0443,14,Pass,,
SI-2025-0443,15,Pass,,
SI-2025-0443,16,NA,,
SI-2025-0443,17,Fail,High,Racking tag at the east exit out of date
SI-2025-0443,18,Pass,,
SI-2025-0443,19,Pass,,
SI-2025-0443,20,Pass,,
SI-2025-0443,21,Pass,,
SI-2025-0443,22,Pass,,
SI-2025-0443,23,Pass,,
SI-2025-0443,24,Pass,,
SI-2025-0444,1,Fail,High,Fire door at loading bay 6 catches on frame and does not latch
SI-2025-0444,2,Pass,,
SI-2025-0444,3,Pass,,
SI-2025-0444,4,Pass,,
SI-2025-0444,5,Pass,,
SI-2025-0444,6,Pass,,
SI-2025-0444,7,Pass,,
SI-2025-0444,8,Pass,,
SI-2025-0444,9,Pass,,
SI-2025-0444,10,Pass,,
SI-2025-0444,11,Pass,,
SI-2025-0444,12,Pass,,
SI-2025-0444,13,Pass,,
SI-2025-0444,14,Pass,,
SI-2025-0444,15,Pass,,
SI-2025-0444,16,Pass,,
SI-2025-0444,17,Pass,,
SI-2025-0444,18,Pass,,
SI-2025-0444,19,Pass,,
SI-2025-0444,20,Pass,,
SI-2025-0444,21,Pass,,
SI-2025-0444,22,Pass,,
SI-2025-0444,23,Pass,,
SI-2025-0444,24,Fail,Low,No vehicle warning signage at the east exit crossing
SI-2025-0445,1,Pass,,
SI-2025-0445,2,Pass,,
SI-2025-0445,3,Pass,,
SI-2025-0445,4,Pass,,
SI-2025-0445,5,Fail,Medium,PAT label at the welfare cabin expired
SI-2025-0445,6,Pass,,
SI-2025-0445,7,Pass,,
SI-2025-0445,8,Pass,,
SI-2025-0445,9,Pass,,
SI-2025-0445,10,Pass,,
SI-2025-0445,11,Pass,,
SI-2025-0445,12,Pass,,
SI-2025-0445,13,Pass,,
SI-2025-0445,14,Fail,Low,First-aid kit at store B missing dressings
SI-2025-0445,15,Pass,,
SI-2025-0445,16,Pass,,
SI-2025-0445,17,Pass,,
SI-2025-0445,18,Pass,,
SI-2025-0445,19,Pass,,
SI-2025-0445,20,Fail,Low,COSHH register at bay 2 not updated this quarter
SI-2025-0445,21,Pass,,
SI-2025-0445,22,Pass,,
SI-2025-0445,23,Pass,,
SI-2025-0445,24,Pass,,
SI-2025-0446,1,Pass,,
SI-2025-0446,2,Pass,,
SI-2025-0446,3,Pass,,
SI-2025-0446,4,Pass,,
SI-2025-0446,5,NA,,
SI-2025-0446,6,Pass,,
SI-2025-0446,7,Pass,,
SI-2025-0446,8,Pass,,
SI-2025-0446,9,Pass,,
SI-2025-0446,10,Pass,,
SI-2025-0446,11,Pass,,
SI-2025-0446,12,Fail,Low,Spill kit at the mezzanine missing absorbent pads
SI-2025-0446,13,Pass,,
SI-2025-0446,14,Pass,,
SI-2025-0446,15,Pass,,
SI-2025-0446,16,Pass,,
SI-2025-0446,17,Pass,,
SI-2025-0446,18,Pass,,
SI-2025-0446,19,Pass,,
SI-2025-0446,20,Pass,,
SI-2025-0446,21,Fail,Low,Escape route sign above aisle 4 obscured by stock
SI-2025-0446,22,Fail,Low,Walkway markings at the yard gate worn and faded
SI-2025-0446,23,Fail,Medium,Statutory notice board at the mezzanine out of date
SI-2025-0446,24,Pass,,
SI-2025-0447,1,Pass,,
SI-2025-0447,2,Pass,,
SI-2025-0447,3,Fail,Low,Call point at bay 2 blocked by stored materials
SI-2025-0447,4,Pass,,
SI-2025-0447,5,Pass,,
SI-2025-0447,6,Pass,,
SI-2025-0447,7,Pass,,
SI-2025-0447,8,Pass,,
SI-2025-0447,9,Pass,,
SI-2025-0447,10,Pass,,
SI-2025-0447,11,Fail,Medium,Work bench at the north stairwell cluttered with offcuts
SI-2025-0447,12,Pass,,
SI-2025-0447,13,Pass,,
SI-2025-0447,14,Pass,,
SI-2025-0447,15,Pass,,
SI-2025-0447,16,Pass,,
SI-2025-0447,17,Pass,,
SI-2025-0447,18,Fail,Low,Overloaded top beam at the north stairwell
SI-2025-0447,19,Pass,,
SI-2025-0447,20,Fail,Low,COSHH register at the main workshop not updated this quarter
SI-2025-0447,21,Pass,,
SI-2025-0447,22,Fail,Low,Walkway markings at the mezzanine worn and faded
SI-2025-0447,23,Fail,Low,Statutory notice board at the mezzanine out of date
SI-2025-0447,24,Pass,,
SI-2025-0448,1,Pass,,
SI-2025-0448,2,Pass,,
SI-2025-0448,3,Pass,,
SI-2025-0448,4,Pass,,
SI-2025-0448,5,Pass,,
SI-2025-0448,6,Pass,,
SI-2025-0448,7,Pass,,
SI-2025-0448,8,Pass,,
SI-2025-0448,9,Pass,,
SI-2025-0448,10,Pass,,
SI-2025-0448,11,Pass,,
SI-2025-0448,12,Pass,,
SI-2025-0448,13,Pass,,
SI-2025-0448,14,Fail,Medium,First-aid kit at loading bay 6 missing dressings
SI-2025-0448,15,Pass,,
SI-2025-0448,16,Pass,,
SI-2025-0448,17,Fail,Low,Racking tag at the mezzanine out of date
SI-2025-0448,18,NA,,
SI-2025-0448,19,Pass,,
SI-2025-0448,20,Pass,,
SI-2025-0448,21,Fail,Low,Escape route sign above bay 2 obscured by stock
SI-2025-0448,22,Fail,Low,Walkway markings at the east exit worn and faded
SI-2025-0448,23,Pass,,
SI-2025-0448,24,Pass,,
SI-2025-0449,1,NA,,
SI-2025-0449,2,Pass,,
SI-2025-0449,3,Pass,,
SI-2025-0449,4,Pass,,
SI-2025-0449,5,Pass,,
SI-2025-0449,6,Pass,,
SI-2025-0449,7,Pass,,
SI-2025-0449,8,Pass,,
SI-2025-0449,9,Fail,Low,Pallets staged on pedestrian route near store B
SI-2025-0449,10,Pass,,
SI-2025-0449,11,Pass,,
SI-2025-0449,12,Fail,High,Spill kit at bay 2 missing absorbent pads
SI-2025-0449,13,Pass,,
SI-2025-0449,14,Fail,Medium,First-aid kit at level 2 missing dressings
SI-2025-0449,15,Pass,,
SI-2025-0449,16,Pass,,
SI-2025-0449,17,Pass,,
SI-2025-0449,18,Pass,,
SI-2025-0449,19,Pass,,
SI-2025-0449,20,Pass,,
SI-2025-0449,21,Pass,,
SI-2025-0449,22,Pass,,
SI-2025-0449,23,Fail,Medium,Statutory notice board at the main workshop out of date
SI-2025-0449,24,Fail,Low,No vehicle warning signage at store B crossing
SI-2025-0450,1,Pass,,
SI-2025-0450,2,Fail,Low,Extinguisher at bay 2 past its service date
SI-2025-0450,3,Pass,,
SI-2025-0450,4,NA,,
SI-2025-0450,5,Pass,,
SI-2025-0450,6,Pass,,
SI-2025-0450,7,Pass,,
SI-2025-0450,8,Pass,,
SI-2025-0450,9,Pass,,
SI-2025-0450,10,Pass,,
SI-2025-0450,11,Fail,Medium,Work bench at the yard gate cluttered with offcuts
SI-2025-0450,12,Pass,,
SI-2025-0450,13,Fail,Medium,Eye-wash bottle at the mezzanine past expiry
SI-2025-0450,14,Pass,,
SI-2025-0450,15,Pass,,
SI-2025-0450,16,Pass,,
SI-2025-0450,17,Pass,,
SI-2025-0450,18,Pass,,
SI-2025-0450,19,Pass,,
SI-2025-0450,20,Pass,,
SI-2025-0450,21,Pass,,
SI-2025-0450,22,Pass,,
SI-2025-0450,23,Pass,,
SI-2025-0450,24,Pass,,
SI-2025-0451,1,Pass,,
SI-2025-0451,2,Fail,Low,Extinguisher at the north stairwell past its service date
SI-2025-0451,3,Pass,,
SI-2025-0451,4,Pass,,
SI-2025-0451,5,Pass,,
SI-2025-0451,6,Fail,Medium,Distribution board at the north stairwell left open and unlabelled
SI-2025-0451,7,Pass,,
SI-2025-0451,8,Pass,,
SI-2025-0451,9,Pass,,
SI-2025-0451,10,Pass,,
SI-2025-0451,11,Fail,Low,Work bench at the main workshop cluttered with offcuts
SI-2025-0451,12,Pass,,
SI-2025-0451,13,Pass,,
SI-2025-0451,14,Pass,,
SI-2025-0451,15,Pass,,
SI-2025-0451,16,Pass,,
SI-2025-0451,17,Pass,,
SI-2025-0451,18,Pass,,
SI-2025-0451,19,Pass,,
SI-2025-0451,20,Pass,,
SI-2025-0451,21,Pass,,
SI-2025-0451,22,Pass,,
SI-2025-0451,23,Pass,,
SI-2025-0451,24,Pass,,
SI-2025-0452,1,Pass,,
SI-2025-0452,2,Fail,Medium,Extinguisher at store B past its service date
SI-2025-0452,3,Fail,Low,Call point at loading bay 6 blocked by stored materials
SI-2025-0452,4,Pass,,
SI-2025-0452,5,Pass,,
SI-2025-0452,6,Pass,,
SI-2025-0452,7,Pass,,
SI-2025-0452,8,Pass,,
SI-2025-0452,9,NA,,
SI-2025-0452,10,Pass,,
SI-2025-0452,11,Pass,,
SI-2025-0452,12,Fail,Medium,Spill kit at the welfare cabin missing absorbent pads
SI-2025-0452,13,Pass,,
SI-2025-0452,14,Pass,,
SI-2025-0452,15,Pass,,
SI-2025-0452,16,Pass,,
SI-2025-0452,17,Pass,,
SI-2025-0452,18,Pass,,
SI-2025-0452,19,Pass,,
SI-2025-0452,20,Pass,,
SI-2025-0452,21,Pass,,
SI-2025-0452,22,Fail,Low,Walkway markings at bay 2 worn and faded
SI-2025-0452,23,Pass,,
SI-2025-0452,24,Fail,Medium,No vehicle warning signage at the yard gate crossing
SI-2025-0453,1,Fail,Low,Fire door at the yard gate catches on frame and does not latch
SI-2025-0453,2,Fail,Low,Extinguisher at bay 2 past its service date
SI-2025-0453,3,Pass,,
SI-2025-0453,4,Pass,,
SI-2025-0453,5,NA,,
SI-2025-0453,6,Pass,,
SI-2025-0453,7,Pass,,
SI-2025-0453,8,Pass,,
SI-2025-0453,9,Fail,Low,Pallets staged on pedestrian route near bay 2
SI-2025-0453,10,Pass,,
SI-2025-0453,11,Pass,,
SI-2025-0453,12,Pass,,
SI-2025-0453,13,Pass,,
SI-2025-0453,14,Pass,,
SI-2025-0453,15,Pass,,
SI-2025-0453,16,Pass,,
SI-2025-0453,17,Pass,,
SI-2025-0453,18,Pass,,
SI-2025-0453,19,Fail,Medium,Untagged stepladder in use at the yard gate
SI-2025-0453,20,Pass,,
SI-2025-0453,21,Pass,,
SI-2025-0453,22,Pass,,
SI-2025-0453,23,Pass,,
SI-2025-0453,24,Pass,,
SI-2025-0454,1,Pass,,
SI-2025-0454,2,Pass,,
SI-2025-0454,3,Pass,,
SI-2025-0454,4,Pass,,
SI-2025-0454,5,Pass,,
SI-2025-0454,6,Pass,,
SI-2025-0454,7,Pass,,
SI-2025-0454,8,Pass,,
SI-2025-0454,9,Pass,,
SI-2025-0454,10,Pass,,
SI-2025-0454,11,Pass,,
SI-2025-0454,12,Pass,,
SI-2025-0454,13,Pass,,
SI-2025-0454,14,Pass,,
SI-2025-0454,15,Pass,,
SI-2025-0454,16,Pass,,
SI-2025-0454,17,Pass,,
SI-2025-0454,18,Pass,,
SI-2025-0454,19,Pass,,
SI-2025-0454,20,Pass,,
SI-2025-0454,21,Pass,,
SI-2025-0454,22,Pass,,
SI-2025-0454,23,Pass,,
SI-2025-0454,24,Pass,,
SI-2025-0455,1,Pass,,
SI-2025-0455,2,Pass,,
SI-2025-0455,3,Pass,,
SI-2025-0455,4,Fail,High,Emergency light at aisle 4 not illuminating on test
SI-2025-0455,5,Pass,,
SI-2025-0455,6,Pass,,
SI-2025-0455,7,Pass,,
SI-2025-0455,8,Pass,,
SI-2025-0455,9,Pass,,
SI-2025-0455,10,Pass,,
SI-2025-0455,11,Pass,,
SI-2025-0455,12,Pass,,
SI-2025-0455,13,Pass,,
SI-2025-0455,14,Pass,,
SI-2025-0455,15,Pass,,
SI-2025-0455,16,Pass,,
SI-2025-0455,17,Pass,,
SI-2025-0455,18,Pass,,
SI-2025-0455,19,Pass,,
SI-2025-0455,20,Pass,,
SI-2025-0455,21,NA,,
SI-2025-0455,22,Pass,,
SI-2025-0455,23,Fail,Medium,Statutory notice board at the main workshop out of date
SI-2025-0455,24,Pass,,
SI-2025-0456,1,Pass,,
SI-2025-0456,2,Pass,,
SI-2025-0456,3,Pass,,
SI-2025-0456,4,Fail,Low,Emergency light at the main workshop not illuminating on test
SI-2025-0456,5,Pass,,
SI-2025-0456,6,Pass,,
SI-2025-0456,7,Pass,,
SI-2025-0456,8,Pass,,
SI-2025-0456,9,NA,,
SI-2025-0456,10,Pass,,
SI-2025-0456,11,Pass,,
SI-2025-0456,12,Pass,,
SI-2025-0456,13,Pass,,
SI-2025-0456,14,Pass,,
SI-2025-0456,15,Pass,,
SI-2025-0456,16,Fail,High,Welfare room at the yard gate without hot water
SI-2025-0456,17,Pass,,
SI-2025-0456,18,Pass,,
SI-2025-0456,19,Pass,,
SI-2025-0456,20,Pass,,
SI-2025-0456,21,Pass,,
SI-2025-0456,22,Fail,Medium,Walkway markings at the yard gate worn and faded
SI-2025-0456,23,Pass,,
SI-2025-0456,24,Fail,Low,No vehicle warning signage at loading bay 6 crossing
SI-2025-0457,1,Pass,,
SI-2025-0457,2,Pass,,
SI-2025-0457,3,Pass,,
SI-2025-0457,4,Pass,,
SI-2025-0457,5,Pass,,
SI-2025-0457,6,Pass,,
SI-2025-0457,7,Pass,,
SI-2025-0457,8,Pass,,
SI-2025-0457,9,Pass,,
SI-2025-0457,10,Pass,,
SI-2025-0457,11,Pass,,
SI-2025-0457,12,NA,,
SI-2025-0457,13,Pass,,
SI-2025-0457,14,Pass,,
SI-2025-0457,15,Pass,,
SI-2025-0457,16,Pass,,
SI-2025-0457,17,Fail,Low,Racking tag at store B out of date
SI-2025-0457,18,Pass,,
SI-2025-0457,19,Pass,,
SI-2025-0457,20,Pass,,
SI-2025-0457,21,Pass,,
SI-2025-0457,22,Pass,,
SI-2025-0457,23,Pass,,
SI-2025-0457,24,Pass,,
SI-2025-0458,1,Pass,,
SI-2025-0458,2,Pass,,
SI-2025-0458,3,Pass,,
SI-2025-0458,4,Fail,Low,Emergency light at the north stairwell not illuminating on test
SI-2025-0458,5,Pass,,
SI-2025-0458,6,Pass,,
SI-2025-0458,7,Pass,,
SI-2025-0458,8,Pass,,
SI-2025-0458,9,NA,,
SI-2025-0458,10,Pass,,
SI-2025-0458,11,Pass,,
SI-2025-0458,12,Pass,,
SI-2025-0458,13,NA,,
SI-2025-0458,14,Pass,,
SI-2025-0458,15,Pass,,
SI-2025-0458,16,Pass,,
SI-2025-0458,17,Pass,,
SI-2025-0458,18,Fail,Low,Overloaded top beam at the north stairwell
SI-2025-0458,19,NA,,
SI-2025-0458,20,Pass,,
SI-2025-0458,21,Pass,,
SI-2025-0458,22,Pass,,
SI-2025-0458,23,Pass,,
SI-2025-0458,24,Pass,,
SI-2025-0459,1,Pass,,
SI-2025-0459,2,NA,,
SI-2025-0459,3,Fail,Medium,Call point at the dock office blocked by stored materials
SI-2025-0459,4,Pass,,
SI-2025-0459,5,Pass,,
SI-2025-0459,6,Pass,,
SI-2025-0459,7,Pass,,
SI-2025-0459,8,Pass,,
SI-2025-0459,9,Pass,,
SI-2025-0459,10,Pass,,
SI-2025-0459,11,Pass,,
SI-2025-0459,12,Fail,Low,Spill kit at aisle 4 missing absorbent pads
SI-2025-0459,13,Fail,Low,Eye-wash bottle at the yard gate past expiry
SI-2025-0459,14,Pass,,
SI-2025-0459,15,Pass,,
SI-2025-0459,16,Pass,,
SI-2025-0459,17,Pass,,
SI-2025-0459,18,Pass,,
SI-2025-0459,19,Pass,,
SI-2025-0459,20,Pass,,
SI-2025-0459,21,Fail,Medium,Escape route sign above bay 2 obscured by stock
SI-2025-0459,22,Pass,,
SI-2025-0459,23,Pass,,
SI-2025-0459,24,Pass,,
SI-2025-0460,1,NA,,
SI-2025-0460,2,Fail,Medium,Extinguisher at the yard gate past its service date
SI-2025-0460,3,Pass,,
SI-2025-0460,4,Pass,,
SI-2025-0460,5,Pass,,
SI-2025-0460,6,Pass,,
SI-2025-0460,7,Pass,,
SI-2025-0460,8,Pass,,
SI-2025-0460,9,Pass,,
SI-2025-0460,10,Pass,,
SI-2025-0460,11,Fail,Low,Work bench at bay 2 cluttered with offcuts
SI-2025-0460,12,Pass,,
SI-2025-0460,13,Pass,,
SI-2025-0460,14,Pass,,
SI-2025-0460,15,Pass,,
SI-2025-0460,16,Pass,,
SI-2025-0460,17,Pass,,
SI-2025-0460,18,Pass,,
SI-2025-0460,19,Pass,,
SI-2025-0460,20,Pass,,
SI-2025-0460,21,Pass,,
SI-2025-0460,22,Fail,Low,Walkway markings at the east exit worn and faded
SI-2025-0460,23,NA,,
SI-2025-0460,24,Fail,Low,No vehicle warning signage at aisle 4 crossing
SI-2025-0461,1,Pass,,
SI-2025-0461,2,Fail,Low,Extinguisher at the dock office past its service date
SI-2025-0461,3,Pass,,
SI-2025-0461,4,Pass,,
SI-2025-0461,5,Pass,,
SI-2025-0461,6,Pass,,
SI-2025-0461,7,Pass,,
SI-2025-0461,8,Pass,,
SI-2025-0461,9,Pass,,
SI-2025-0461,10,Pass,,
SI-2025-0461,11,Fail,Low,Work bench at the main workshop cluttered with offcuts
SI-2025-0461,12,Fail,Low,Spill kit at bay 2 missing absorbent pads
SI-2025-0461,13,Pass,,
SI-2025-0461,14,Pass,,
SI-2025-0461,15,Pass,,
SI-2025-0461,16,Fail,Low,Welfare room at the north stairwell without hot water
SI-2025-0461,17,Pass,,
SI-2025-0461,18,Pass,,
SI-2025-0461,19,Pass,,
SI-2025-0461,20,Pass,,
SI-2025-0461,21,Pass,,
SI-2025-0461,22,Pass,,
SI-2025-0461,23,Pass,,
SI-2025-0461,24,Pass,,
SI-2025-0462,1,Pass,,
SI-2025-0462,2,Pass,,
SI-2025-0462,3,Pass,,
SI-2025-0462,4,Pass,,
SI-2025-0462,5,Fail,Medium,PAT label at store B expired
SI-2025-0462,6,Pass,,
SI-2025-0462,7,Pass,,
SI-2025-0462,8,Pass,,
SI-2025-0462,9,Pass,,
SI-2025-0462,10,Pass,,
SI-2025-0462,11,Pass,,
SI-2025-0462,12,Pass,,
SI-2025-0462,13,Pass,,
SI-2025-0462,14,Pass,,
SI-2025-0462,15,Pass,,
SI-2025-0462,16,Pass,,
SI-2025-0462,17,Pass,,
SI-2025-0462,18,Pass,,
SI-2025-0462,19,Pass,,
SI-2025-0462,20,Pass,,
SI-2025-0462,21,Pass,,
SI-2025-0462,22,Fail,Low,Walkway markings at the north stairwell worn and faded
SI-2025-0462,23,Pass,,
SI-2025-0462,24,Pass,,
SI-2025-0463,1,Pass,,
SI-2025-0463,2,Fail,Medium,Extinguisher at the welfare cabin past its service date
SI-2025-0463,3,Fail,Medium,Call point at the yard gate blocked by stored materials
SI-2025-0463,4,Pass,,
SI-2025-0463,5,Pass,,
SI-2025-0463,6,Pass,,
SI-2025-0463,7,Pass,,
SI-2025-0463,8,Pass,,
SI-2025-0463,9,Pass,,
SI-2025-0463,10,Pass,,
SI-2025-0463,11,Pass,,
SI-2025-0463,12,Pass,,
SI-2025-0463,13,Pass,,
SI-2025-0463,14,Pass,,
SI-2025-0463,15,Pass,,
SI-2025-0463,16,Pass,,
SI-2025-0463,17,Pass,,
SI-2025-0463,18,Pass,,
SI-2025-0463,19,Pass,,
SI-2025-0463,20,Pass,,
SI-2025-0463,21,Pass,,
SI-2025-0463,22,Pass,,
SI-2025-0463,23,Fail,Medium,Statutory notice board at the mezzanine out of date
SI-2025-0463,24,Pass,,
SI-2025-0464,1,Pass,,
SI-2025-0464,2,Pass,,
SI-2025-0464,3,Pass,,
SI-2025-0464,4,Fail,High,Emergency light at bay 2 not illuminating on test
SI-2025-0464,5,Pass,,
SI-2025-0464,6,Pass,,
SI-2025-0464,7,Pass,,
SI-2025-0464,8,Pass,,
SI-2025-0464,9,Pass,,
SI-2025-0464,10,Pass,,
SI-2025-0464,11,Pass,,
SI-2025-0464,12,Pass,,
SI-2025-0464,13,Pass,,
SI-2025-0464,14,Pass,,
SI-2025-0464,15,Pass,,
SI-2025-0464,16,Pass,,
SI-2025-0464,17,Pass,,
SI-2025-0464,18,Pass,,
SI-2025-0464,19,NA,,
SI-2025-0464,20,Fail,Low,COSHH register at the welfare cabin not updated this quarter
SI-2025-0464,21,Pass,,
SI-2025-0464,22,Pass,,
SI-2025-0464,23,Pass,,
SI-2025-0464,24,Pass,,
SI-2025-0465,1,Fail,Medium,Fire door at the yard gate catches on frame and does not latch
SI-2025-0465,2,Fail,Low,Extinguisher at the mezzanine past its service date
SI-2025-0465,3,Pass,,
SI-2025-0465,4,Pass,,
SI-2025-0465,5,Pass,,
SI-2025-0465,6,Pass,,
SI-2025-0465,7,Pass,,
SI-2025-0465,8,Pass,,
SI-2025-0465,9,Pass,,
SI-2025-0465,10,Pass,,
SI-2025-0465,11,Pass,,
SI-2025-0465,12,Pass,,
SI-2025-0465,13,Pass,,
SI-2025-0465,14,Pass,,
SI-2025-0465,15,Pass,,
SI-2025-0465,16,Pass,,
SI-2025-0465,17,Pass,,
SI-2025-0465,18,Pass,,
SI-2025-0465,19,Pass,,
SI-2025-0465,20,Pass,,
SI-2025-0465,21,Fail,Low,Escape route sign above loading bay 6 obscured by stock
SI-2025-0465,22,Fail,Low,Walkway markings at the mezzanine worn and faded
SI-2025-0465,23,Pass,,
SI-2025-0465,24,Pass,,
SI-2025-0466,1,Pass,,
SI-2025-0466,2,Pass,,
SI-2025-0466,3,Pass,,
SI-2025-0466,4,Pass,,
SI-2025-0466,5,Pass,,
SI-2025-0466,6,Pass,,
SI-2025-0466,7,Pass,,
SI-2025-0466,8,Pass,,
SI-2025-0466,9,Pass,,
SI-2025-0466,10,Pass,,
SI-2025-0466,11,Pass,,
SI-2025-0466,12,Pass,,
SI-2025-0466,13,Pass,,
SI-2025-0466,14,Pass,,
SI-2025-0466,15,Pass,,
SI-2025-0466,16,Fail,Low,Welfare room at bay 2 without hot water
SI-2025-0466,17,Pass,,
SI-2025-0466,18,Pass,,
SI-2025-0466,19,Pass,,
SI-2025-0466,20,Pass,,
SI-2025-0466,21,Pass,,
SI-2025-0466,22,Fail,Low,Walkway markings at store B worn and faded
SI-2025-0466,23,Pass,,
SI-2025-0466,24,Pass,,
SI-2025-0467,1,Pass,,
SI-2025-0467,2,Pass,,
SI-2025-0467,3,Fail,Medium,Call point at the yard gate blocked by stored materials
SI-2025-0467,4,Pass,,
SI-2025-0467,5,Pass,,
SI-2025-0467,6,Pass,,
SI-2025-0467,7,Pass,,
SI-2025-0467,8,NA,,
SI-2025-0467,9,Pass,,
SI-2025-0467,10,Fail,Low,Waste bins overflowing at bay 2
SI-2025-0467,11,Pass,,
SI-2025-0467,12,Fail,Medium,Spill kit at the main workshop missing absorbent pads
SI-2025-0467,13,Pass,,
SI-2025-0467,14,Pass,,
SI-2025-0467,15,Pass,,
SI-2025-0467,16,Pass,,
SI-2025-0467,17,Pass,,
SI-2025-0467,18,Pass,,
SI-2025-0467,19,Pass,,
SI-2025-0467,20,Pass,,
SI-2025-0467,21,Pass,,
SI-2025-0467,22,Pass,,
SI-2025-0467,23,Pass,,
SI-2025-0467,24,Pass,,
SI-2025-0468,1,Pass,,
SI-2025-0468,2,Pass,,
SI-2025-0468,3,Pass,,
SI-2025-0468,4,Pass,,
SI-2025-0468,5,Pass,,
SI-2025-0468,6,Pass,,
SI-2025-0468,7,Pass,,
SI-2025-0468,8,Pass,,
SI-2025-0468,9,Pass,,
SI-2025-0468,10,Pass,,
SI-2025-0468,11,Pass,,
SI-2025-0468,12,Pass,,
SI-2025-0468,13,Pass,,
SI-2025-0468,14,Pass,,
SI-2025-0468,15,Pass,,
SI-2025-0468,16,NA,,
SI-2025-0468,17,Pass,,
SI-2025-0468,18,Pass,,
SI-2025-0468,19,Pass,,
SI-2025-0468,20,Pass,,
SI-2025-0468,21,Pass,,
SI-2025-0468,22,Fail,Low,Walkway markings at the north stairwell worn and faded
SI-2025-0468,23,Pass,,
SI-2025-0468,24,Pass,,
SI-2025-0469,1,Pass,,
SI-2025-0469,2,Pass,,
SI-2025-0469,3,Pass,,
SI-2025-0469,4,Pass,,
SI-2025-0469,5,NA,,
SI-2025-0469,6,Pass,,
SI-2025-0469,7,Fail,Medium,Damaged extension lead in use at the welfare cabin
SI-2025-0469,8,Pass,,
SI-2025-0469,9,Pass,,
SI-2025-0469,10,Fail,Medium,Waste bins overflowing at the north stairwell
SI-2025-0469,11,Pass,,
SI-2025-0469,12,Pass,,
SI-2025-0469,13,Pass,,
SI-2025-0469,14,Pass,,
SI-2025-0469,15,Pass,,
SI-2025-0469,16,Pass,,
SI-2025-0469,17,Pass,,
SI-2025-0469,18,NA,,
SI-2025-0469,19,Pass,,
SI-2025-0469,20,Pass,,
SI-2025-0469,21,Pass,,
SI-2025-0469,22,Pass,,
SI-2025-0469,23,Fail,Low,Statutory notice board at the dock office out of date
SI-2025-0469,24,Pass,,
SI-2025-0470,1,Pass,,
SI-2025-0470,2,Fail,Low,Extinguisher at level 2 past its service date
SI-2025-0470,3,Pass,,
SI-2025-0470,4,NA,,
SI-2025-0470,5,Pass,,
SI-2025-0470,6,Pass,,
SI-2025-0470,7,Pass,,
SI-2025-0470,8,Pass,,
SI-2025-0470,9,Pass,,
SI-2025-0470,10,Pass,,
SI-2025-0470,11,Pass,,
SI-2025-0470,12,Pass,,
SI-2025-0470,13,Pass,,
SI-2025-0470,14,Pass,,
SI-2025-0470,15,NA,,
SI-2025-0470,16,Pass,,
SI-2025-0470,17,Fail,Low,Racking tag at the mezzanine out of date
SI-2025-0470,18,Pass,,
SI-2025-0470,19,Pass,,
SI-2025-0470,20,Pass,,
SI-2025-0470,21,Pass,,
SI-2025-0470,22,Pass,,
SI-2025-0470,23,Pass,,
SI-2025-0470,24,Pass,,
SI-2025-0471,1,Pass,,
SI-2025-0471,2,Pass,,
SI-2025-0471,3,Pass,,
SI-2025-0471,4,NA,,
SI-2025-0471,5,Pass,,
SI-2025-0471,6,Pass,,
SI-2025-0471,7,Pass,,
SI-2025-0471,8,Pass,,
SI-2025-0471,9,Pass,,
SI-2025-0471,10,Fail,Medium,Waste bins overflowing at loading bay 6
SI-2025-0471,11,Pass,,
SI-2025-0471,12,Pass,,
SI-2025-0471,13,Pass,,
SI-2025-0471,14,Pass,,
SI-2025-0471,15,Pass,,
SI-2025-0471,16,Pass,,
SI-2025-0471,17,Fail,Medium,Racking tag at bay 2 out of date
SI-2025-0471,18,Pass,,
SI-2025-0471,19,Fail,Low,Untagged stepladder in use at the welfare cabin
SI-2025-0471,20,Pass,,
SI-2025-0471,21,Pass,,
SI-2025-0471,22,Pass,,
SI-2025-0471,23,Pass,,
SI-2025-0471,24,Pass,,
SI-2025-0472,1,Pass,,
SI-2025-0472,2,Pass,,
SI-2025-0472,3,Fail,Medium,Call point at bay 2 blocked by stored materials
SI-2025-0472,4,Pass,,
SI-2025-0472,5,Pass,,
SI-2025-0472,6,Pass,,
SI-2025-0472,7,Pass,,
SI-2025-0472,8,Fail,Low,Isolation switch at loading bay 6 obstructed
SI-2025-0472,9,Pass,,
SI-2025-0472,10,Pass,,
SI-2025-0472,11,Pass,,
SI-2025-0472,12,Fail,High,Spill kit at aisle 4 missing absorbent pads
SI-2025-0472,13,Pass,,
SI-2025-0472,14,Pass,,
SI-2025-0472,15,Pass,,
SI-2025-0472,16,Pass,,
SI-2025-0472,17,Pass,,
SI-2025-0472,18,Pass,,
SI-2025-0472,19,Pass,,
SI-2025-0472,20,NA,,
SI-2025-0472,21,Pass,,
SI-2025-0472,22,Pass,,
SI-2025-0472,23,Pass,,
SI-2025-0472,24,Pass,,
SI-2025-0473,1,Pass,,
SI-2025-0473,2,Pass,,
SI-2025-0473,3,Pass,,
SI-2025-0473,4,Pass,,
SI-2025-0473,5,Pass,,
SI-2025-0473,6,NA,,
SI-2025-0473,7,Pass,,
SI-2025-0473,8,Pass,,
SI-2025-0473,9,Pass,,
SI-2025-0473,10,Pass,,
SI-2025-0473,11,Fail,Medium,Work bench at loading bay 6 cluttered with offcuts
SI-2025-0473,12,Pass,,
SI-2025-0473,13,Pass,,
SI-2025-0473,14,Pass,,
SI-2025-0473,15,Pass,,
SI-2025-0473,16,Pass,,
SI-2025-0473,17,Fail,Medium,Racking tag at bay 2 out of date
SI-2025-0473,18,Pass,,
SI-2025-0473,19,Pass,,
SI-2025-0473,20,Pass,,
SI-2025-0473,21,Pass,,
SI-2025-0473,22,Fail,High,Walkway markings at the welfare cabin worn and faded
SI-2025-0473,23,Pass,,
SI-2025-0473,24,Pass,,
SI-2025-0474,1,Pass,,
SI-2025-0474,2,Fail,Low,Extinguisher at store B past its service date
SI-2025-0474,3,Pass,,
SI-2025-0474,4,Fail,Low,Emergency light at aisle 4 not illuminating on test
SI-2025-0474,5,Pass,,
SI-2025-0474,6,Pass,,
SI-2025-0474,7,Pass,,
SI-2025-0474,8,Pass,,
SI-2025-0474,9,Pass,,
SI-2025-0474,10,Pass,,
SI-2025-0474,11,Pass,,
SI-2025-0474,12,Pass,,
SI-2025-0474,13,Pass,,
SI-2025-0474,14,Fail,Low,First-aid kit at bay 2 missing dressings
SI-2025-0474,15,Fail,Medium,Operative without hi-vis near store B
SI-2025-0474,16,Pass,,
SI-2025-0474,17,Pass,,
SI-2025-0474,18,Fail,Medium,Overloaded top beam at aisle 4
SI-2025-0474,19,Pass,,
SI-2025-0474,20,Pass,,
SI-2025-0474,21,Pass,,
SI-2025-0474,22,Pass,,
SI-2025-0474,23,Pass,,
SI-2025-0474,24,Pass,,
SI-2025-0475,1,Pass,,
SI-2025-0475,2,Pass,,
SI-2025-0475,3,Pass,,
SI-2025-0475,4,Pass,,
SI-2025-0475,5,Pass,,
SI-2025-0475,6,Pass,,
SI-2025-0475,7,Pass,,
SI-2025-0475,8,Pass,,
SI-2025-0475,9,Pass,,
SI-2025-0475,10,Fail,Low,Waste bins overflowing at the north stairwell
SI-2025-0475,11,Pass,,
SI-2025-0475,12,Pass,,
SI-2025-0475,13,Pass,,
SI-2025-0475,14,Pass,,
SI-2025-0475,15,Pass,,
SI-2025-0475,16,Fail,Medium,Welfare room at the mezzanine without hot water
SI-2025-0475,17,Fail,Low,Racking tag at the east exit out of date
SI-2025-0475,18,Pass,,
SI-2025-0475,19,Pass,,
SI-2025-0475,20,Pass,,
SI-2025-0475,21,Pass,,
SI-2025-0475,22,Fail,Medium,Walkway markings at level 2 worn and faded
SI-2025-0475,23,Pass,,
SI-2025-0475,24,Pass,,
SI-2025-0476,1,NA,,
SI-2025-0476,2,Pass,,
SI-2025-0476,3,Pass,,
SI-2025-0476,4,Pass,,
SI-2025-0476,5,Pass,,
SI-2025-0476,6,Pass,,
SI-2025-0476,7,Pass,,
SI-2025-0476,8,Pass,,
SI-2025-0476,9,Fail,Low,Pallets staged on pedestrian route near the welfare cabin
SI-2025-0476,10,Pass,,
SI-2025-0476,11,Pass,,
SI-2025-0476,12,Pass,,
SI-2025-0476,13,Pass,,
SI-2025-0476,14,Pass,,
SI-2025-0476,15,Pass,,
SI-2025-0476,16,Pass,,
SI-2025-0476,17,Pass,,
SI-2025-0476,18,Pass,,
SI-2025-0476,19,Pass,,
SI-2025-0476,20,Pass,,
SI-2025-0476,21,Pass,,
SI-2025-0476,22,Pass,,
SI-2025-0476,23,Fail,Low,Statutory notice board at bay 2 out of date
SI-2025-0476,24,Fail,Low,No vehicle warning signage at the mezzanine crossing
SI-2025-0477,1,Pass,,
SI-2025-0477,2,Pass,,
SI-2025-0477,3,Pass,,
SI-2025-0477,4,Pass,,
SI-2025-0477,5,Pass,,
SI-2025-0477,6,Pass,,
SI-2025-0477,7,NA,,
SI-2025-0477,8,Pass,,
SI-2025-0477,9,Pass,,
SI-2025-0477,10,Fail,Low,Waste bins overflowing at the north stairwell
SI-2025-0477,11,Pass,,
SI-2025-0477,12,Pass,,
SI-2025-0477,13,Pass,,
SI-2025-0477,14,Pass,,
SI-2025-0477,15,Pass,,
SI-2025-0477,16,Pass,,
SI-2025-0477,17,Pass,,
SI-2025-0477,18,Pass,,
SI-2025-0477,19,Pass,,
SI-2025-0477,20,Pass,,
SI-2025-0477,21,Pass,,
SI-2025-0477,22,Pass,,
SI-2025-0477,23,Pass,,
SI-2025-0477,24,Pass,,
SI-2025-0478,1,Pass,,
SI-2025-0478,2,Pass,,
SI-2025-0478,3,Pass,,
SI-2025-0478,4,Pass,,
SI-2025-0478,5,Pass,,
SI-2025-0478,6,Pass,,
SI-2025-0478,7,Pass,,
SI-2025-0478,8,Pass,,
SI-2025-0478,9,Pass,,
SI-2025-0478,10,Pass,,
SI-2025-0478,11,Pass,,
SI-2025-0478,12,Pass,,
SI-2025-0478,13,Pass,,
SI-2025-0478,14,Pass,,
SI-2025-0478,15,Pass,,
SI-2025-0478,16,Pass,,
SI-2025-0478,17,Pass,,
SI-2025-0478,18,Pass,,
SI-2025-0478,19,Pass,,
SI-2025-0478,20,Pass,,
SI-2025-0478,21,Pass,,
SI-2025-0478,22,Pass,,
SI-2025-0478,23,Pass,,
SI-2025-0478,24,Fail,Low,No vehicle warning signage at the welfare cabin crossing
SI-2025-0479,1,Pass,,
SI-2025-0479,2,Pass,,
SI-2025-0479,3,Pass,,
SI-2025-0479,4,Pass,,
SI-2025-0479,5,Pass,,
SI-2025-0479,6,Pass,,
SI-2025-0479,7,Pass,,
SI-2025-0479,8,Pass,,
SI-2025-0479,9,Pass,,
SI-2025-0479,10,Pass,,
SI-2025-0479,11,Pass,,
SI-2025-0479,12,NA,,
SI-2025-0479,13,Pass,,
SI-2025-0479,14,Pass,,
SI-2025-0479,15,Pass,,
SI-2025-0479,16,Pass,,
SI-2025-0479,17,Pass,,
SI-2025-0479,18,Pass,,
SI-2025-0479,19,Pass,,
SI-2025-0479,20,Pass,,
SI-2025-0479,21,Fail,Low,Escape route sign above the dock office obscured by stock
SI-2025-0479,22,Pass,,
SI-2025-0479,23,Pass,,
SI-2025-0479,24,Pass,,
SI-2025-0480,1,Pass,,
SI-2025-0480,2,Pass,,
SI-2025-0480,3,Pass,,
SI-2025-0480,4,Pass,,
SI-2025-0480,5,Pass,,
SI-2025-0480,6,Pass,,
SI-2025-0480,7,Pass,,
SI-2025-0480,8,Pass,,
SI-2025-0480,9,Pass,,
SI-2025-0480,10,Pass,,
SI-2025-0480,11,Pass,,
SI-2025-0480,12,Pass,,
SI-2025-0480,13,Pass,,
SI-2025-0480,14,Pass,,
SI-2025-0480,15,Pass,,
SI-2025-0480,16,Pass,,
SI-2025-0480,17,Pass,,
SI-2025-0480,18,NA,,
SI-2025-0480,19,NA,,
SI-2025-0480,20,Pass,,
SI-2025-0480,21,Pass,,
SI-2025-0480,22,Fail,Low,Walkway markings at the east exit worn and faded
SI-2025-0480,23,Pass,,
SI-2025-0480,24,Pass,,
SI-2025-0481,1,Pass,,
SI-2025-0481,2,Pass,,
SI-2025-0481,3,Pass,,
SI-2025-0481,4,Pass,,
SI-2025-0481,5,Fail,Medium,PAT label at the mezzanine expired
SI-2025-0481,6,Pass,,
SI-2025-0481,7,Pass,,
SI-2025-0481,8,Pass,,
SI-2025-0481,9,Pass,,
SI-2025-0481,10,Pass,,
SI-2025-0481,11,Pass,,
SI-2025-0481,12,Pass,,
SI-2025-0481,13,Pass,,
SI-2025-0481,14,Pass,,
SI-2025-0481,15,Pass,,
SI-2025-0481,16,Pass,,
SI-2025-0481,17,Pass,,
SI-2025-0481,18,Pass,,
SI-2025-0481,19,Fail,High,Untagged stepladder in use at level 2
SI-2025-0481,20,Pass,,
SI-2025-0481,21,Pass,,
SI-2025-0481,22,Pass,,
SI-2025-0481,23,Pass,,
SI-2025-0481,24,Pass,,
SI-2025-0482,1,Pass,,
SI-2025-0482,2,Fail,Low,Extinguisher at level 2 past its service date
SI-2025-0482,3,Pass,,
SI-2025-0482,4,Pass,,
SI-2025-0482,5,Pass,,
SI-2025-0482,6,Pass,,
SI-2025-0482,7,Pass,,
SI-2025-0482,8,Pass,,
SI-2025-0482,9,Pass,,
SI-2025-0482,10,Pass,,
SI-2025-0482,11,Fail,Low,Work bench at the welfare cabin cluttered with offcuts
SI-2025-0482,12,Pass,,
SI-2025-0482,13,Pass,,
SI-2025-0482,14,Pass,,
SI-2025-0482,15,Pass,,
SI-2025-0482,16,Pass,,
SI-2025-0482,17,Pass,,
SI-2025-0482,18,Pass,,
SI-2025-0482,19,Pass,,
SI-2025-0482,20,Pass,,
SI-2025-0482,21,Pass,,
SI-2025-0482,22,Fail,High,Walkway markings at aisle 4 worn and faded
SI-2025-0482,23,Pass,,
SI-2025-0482,24,Fail,Low,No vehicle warning signage at store B crossing
SI-2025-0483,1,Pass,,
SI-2025-0483,2,Pass,,
SI-2025-0483,3,Fail,Low,Call point at bay 2 blocked by stored materials
SI-2025-0483,4,Fail,Medium,Emergency light at the yard gate not illuminating on test
SI-2025-0483,5,Fail,Medium,PAT label at the main workshop expired
SI-2025-0483,6,Pass,,
SI-2025-0483,7,Pass,,
SI-2025-0483,8,Pass,,
SI-2025-0483,9,Pass,,
SI-2025-0483,10,Pass,,
SI-2025-0483,11,Pass,,
SI-2025-0483,12,Pass,,
SI-2025-0483,13,Pass,,
SI-2025-0483,14,Pass,,
SI-2025-0483,15,Pass,,
SI-2025-0483,16,Pass,,
SI-2025-0483,17,Pass,,
SI-2025-0483,18,Pass,,
SI-2025-0483,19,Pass,,
SI-2025-0483,20,Pass,,
SI-2025-0483,21,Pass,,
SI-2025-0483,22,Pass,,
SI-2025-0483,23,Pass,,
SI-2025-0483,24,Pass,,
SI-2025-0484,1,Pass,,
SI-2025-0484,2,Pass,,
SI-2025-0484,3,Pass,,
SI-2025-0484,4,Fail,Low,Emergency light at the welfare cabin not illuminating on test
SI-2025-0484,5,Pass,,
SI-2025-0484,6,Pass,,
SI-2025-0484,7,Pass,,
SI-2025-0484,8,Pass,,
SI-2025-0484,9,Pass,,
SI-2025-0484,10,Pass,,
SI-2025-0484,11,Pass,,
SI-2025-0484,12,Pass,,
SI-2025-0484,13,Pass,,
SI-2025-0484,14,Pass,,
SI-2025-0484,15,Pass,,
SI-2025-0484,16,Pass,,
SI-2025-0484,17,Pass,,
SI-2025-0484,18,Pass,,
SI-2025-0484,19,Pass,,
SI-2025-0484,20,Pass,,
SI-2025-0484,21,Pass,,
SI-2025-0484,22,Pass,,
SI-2025-0484,23,Pass,,
SI-2025-0484,24,Pass,,
SI-2025-0485,1,Pass,,
SI-2025-0485,2,Pass,,
SI-2025-0485,3,Pass,,
SI-2025-0485,4,Pass,,
SI-2025-0485,5,Pass,,
SI-2025-0485,6,Pass,,
SI-2025-0485,7,Pass,,
SI-2025-0485,8,Pass,,
SI-2025-0485,9,NA,,
SI-2025-0485,10,Pass,,
SI-2025-0485,11,Pass,,
SI-2025-0485,12,Fail,Low,Spill kit at the main workshop missing absorbent pads
SI-2025-0485,13,Pass,,
SI-2025-0485,14,Pass,,
SI-2025-0485,15,Pass,,
SI-2025-0485,16,Fail,Low,Welfare room at the dock office without hot water
SI-2025-0485,17,Pass,,
SI-2025-0485,18,Pass,,
SI-2025-0485,19,Pass,,
SI-2025-0485,20,Pass,,
SI-2025-0485,21,NA,,
SI-2025-0485,22,Fail,Low,Walkway markings at the dock office worn and faded
SI-2025-0485,23,Pass,,
SI-2025-0485,24,Pass,,
SI-2025-0486,1,Pass,,
SI-2025-0486,2,Pass,,
SI-2025-0486,3,Fail,Low,Call point at loading bay 6 blocked by stored materials
SI-2025-0486,4,Pass,,
SI-2025-0486,5,Pass,,
SI-2025-0486,6,Pass,,
SI-2025-0486,7,Pass,,
SI-2025-0486,8,Pass,,
SI-2025-0486,9,Pass,,
SI-2025-0486,10,NA,,
SI-2025-0486,11,Pass,,
SI-2025-0486,12,Pass,,
SI-2025-0486,13,Pass,,
SI-2025-0486,14,Pass,,
SI-2025-0486,15,Fail,Medium,Operative without hi-vis near loading bay 6
SI-2025-0486,16,Fail,Low,Welfare room at the main workshop without hot water
SI-2025-0486,17,Pass,,
SI-2025-0486,18,Fail,Medium,Overloaded top beam at the welfare cabin
SI-2025-0486,19,Pass,,
SI-2025-0486,20,Pass,,
SI-2025-0486,21,Fail,Low,Escape route sign above the north stairwell obscured by stock
SI-2025-0486,22,Pass,,
SI-2025-0486,23,Fail,Low,Statutory notice board at bay 2 out of date
SI-2025-0486,24,Pass,,
SI-2025-0487,1,Pass,,
SI-2025-0487,2,Pass,,
SI-2025-0487,3,Pass,,
SI-2025-0487,4,Pass,,
SI-2025-0487,5,Pass,,
SI-2025-0487,6,Pass,,
SI-2025-0487,7,Pass,,
SI-2025-0487,8,Pass,,
SI-2025-0487,9,Pass,,
SI-2025-0487,10,Pass,,
SI-2025-0487,11,Pass,,
SI-2025-0487,12,Pass,,
SI-2025-0487,13,Pass,,
SI-2025-0487,14,Fail,High,First-aid kit at the welfare cabin missing dressings
SI-2025-0487,15,Pass,,
SI-2025-0487,16,Pass,,
SI-2025-0487,17,Pass,,
SI-2025-0487,18,Pass,,
SI-2025-0487,19,Pass,,
SI-2025-0487,20,Pass,,
SI-2025-0487,21,Pass,,
SI-2025-0487,22,Pass,,
SI-2025-0487,23,Pass,,
SI-2025-0487,24,Pass,,
SI-2025-0488,1,Pass,,
SI-2025-0488,2,NA,,
SI-2025-0488,3,Pass,,
SI-2025-0488,4,Pass,,
SI-2025-0488,5,Pass,,
SI-2025-0488,6,Pass,,
SI-2025-0488,7,Pass,,
SI-2025-0488,8,Pass,,
SI-2025-0488,9,Pass,,
SI-2025-0488,10,Pass,,
SI-2025-0488,11,Pass,,
SI-2025-0488,12,Pass,,
SI-2025-0488,13,Pass,,
SI-2025-0488,14,Pass,,
SI-2025-0488,15,Pass,,
SI-2025-0488,16,Fail,Low,Welfare room at loading bay 6 without hot water
SI-2025-0488,17,Pass,,
SI-2025-0488,18,Pass,,
SI-2025-0488,19,Pass,,
SI-2025-0488,20,Pass,,
SI-2025-0488,21,Pass,,
SI-2025-0488,22,Pass,,
SI-2025-0488,23,Pass,,
SI-2025-0488,24,Pass,,
SI-2025-0489,1,Pass,,
SI-2025-0489,2,Pass,,
SI-2025-0489,3,Pass,,
SI-2025-0489,4,Pass,,
SI-2025-0489,5,Pass,,
SI-2025-0489,6,Pass,,
SI-2025-0489,7,Fail,Medium,Damaged extension lead in use at store B
SI-2025-0489,8,Pass,,
SI-2025-0489,9,Pass,,
SI-2025-0489,10,Fail,High,Waste bins overflowing at the welfare cabin
SI-2025-0489,11,Pass,,
SI-2025-0489,12,Pass,,
SI-2025-0489,13,Pass,,
SI-2025-0489,14,Pass,,
SI-2025-0489,15,Pass,,
SI-2025-0489,16,Pass,,
SI-2025-0489,17,Pass,,
SI-2025-0489,18,Pass,,
SI-2025-0489,19,Pass,,
SI-2025-0489,20,Pass,,
SI-2025-0489,21,Pass,,
SI-2025-0489,22,Fail,High,Walkway markings at loading bay 6 worn and faded
SI-2025-0489,23,Fail,Medium,Statutory notice board at the mezzanine out of date
SI-2025-0489,24,Pass,,
SI-2025-0490,1,Pass,,
SI-2025-0490,2,NA,,
SI-2025-0490,3,Pass,,
SI-2025-0490,4,Pass,,
SI-2025-0490,5,Pass,,
SI-2025-0490,6,Pass,,
SI-2025-0490,7,Pass,,
SI-2025-0490,8,Fail,Low,Isolation switch at aisle 4 obstructed
SI-2025-0490,9,Pass,,
SI-2025-0490,10,Pass,,
SI-2025-0490,11,NA,,
SI-2025-0490,12,Pass,,
SI-2025-0490,13,Pass,,
SI-2025-0490,14,Pass,,
SI-2025-0490,15,Pass,,
SI-2025-0490,16,Pass,,
SI-2025-0490,17,Pass,,
SI-2025-0490,18,Pass,,
SI-2025-0490,19,Pass,,
SI-2025-0490,20,Pass,,
SI-2025-0490,21,Fail,Low,Escape route sign above the north stairwell obscured by stock
SI-2025-0490,22,Pass,,
SI-2025-0490,23,Pass,,
SI-2025-0490,24,Pass,,
SI-2025-0491,1,Pass,,
SI-2025-0491,2,Pass,,
SI-2025-0491,3,Pass,,
SI-2025-0491,4,Pass,,
SI-2025-0491,5,Pass,,
SI-2025-0491,6,Pass,,
SI-2025-0491,7,Pass,,
SI-2025-0491,8,Pass,,
SI-2025-0491,9,Pass,,
SI-2025-0491,10,Fail,Medium,Waste bins overflowing at the yard gate
SI-2025-0491,11,NA,,
SI-2025-0491,12,Pass,,
SI-2025-0491,13,Pass,,
SI-2025-0491,14,Pass,,
SI-2025-0491,15,Pass,,
SI-2025-0491,16,Pass,,
SI-2025-0491,17,Fail,Low,Racking tag at the dock office out of date
SI-2025-0491,18,Pass,,
SI-2025-0491,19,Pass,,
SI-2025-0491,20,Pass,,
SI-2025-0491,21,Pass,,
SI-2025-0491,22,Pass,,
SI-2025-0491,23,Pass,,
SI-2025-0491,24,Pass,,
SI-2025-0492,1,Pass,,
SI-2025-0492,2,Pass,,
SI-2025-0492,3,Pass,,
SI-2025-0492,4,Pass,,
SI-2025-0492,5,Pass,,
SI-2025-0492,6,Pass,,
SI-2025-0492,7,Pass,,
SI-2025-0492,8,Pass,,
SI-2025-0492,9,Pass,,
SI-2025-0492,10,NA,,
SI-2025-0492,11,Pass,,
SI-2025-0492,12,Pass,,
SI-2025-0492,13,Pass,,
SI-2025-0492,14,Pass,,
SI-2025-0492,15,Pass,,
SI-2025-0492,16,Pass,,
SI-2025-0492,17,Pass,,
SI-2025-0492,18,Pass,,
SI-2025-0492,19,Pass,,
SI-2025-0492,20,Pass,,
SI-2025-0492,21,Fail,Low,Escape route sign above the main workshop obscured by stock
SI-2025-0492,22,Pass,,
SI-2025-0492,23,Pass,,
SI-2025-0492,24,Pass,,
SI-2025-0493,1,Pass,,
SI-2025-0493,2,Fail,High,Extinguisher at level 2 past its service date
SI-2025-0493,3,Pass,,
SI-2025-0493,4,Pass,,
SI-2025-0493,5,Pass,,
SI-2025-0493,6,Pass,,
SI-2025-0493,7,Pass,,
SI-2025-0493,8,Pass,,
SI-2025-0493,9,Pass,,
SI-2025-0493,10,Pass,,
SI-2025-0493,11,Fail,Low,Work bench at loading bay 6 cluttered with offcuts
SI-2025-0493,12,Pass,,
SI-2025-0493,13,Pass,,
SI-2025-0493,14,Pass,,
SI-2025-0493,15,Pass,,
SI-2025-0493,16,Pass,,
SI-2025-0493,17,Pass,,
SI-2025-0493,18,Pass,,
SI-2025-0493,19,Pass,,
SI-2025-0493,20,Pass,,
SI-2025-0493,21,Fail,Low,Escape route sign above store B obscured by stock
SI-2025-0493,22,Pass,,
SI-2025-0493,23,Fail,Medium,Statutory notice board at the mezzanine out of date
SI-2025-0493,24,Pass,,
SI-2025-0494,1,Pass,,
SI-2025-0494,2,Pass,,
SI-2025-0494,3,Pass,,
SI-2025-0494,4,Pass,,
SI-2025-0494,5,Pass,,
SI-2025-0494,6,Pass,,
SI-2025-0494,7,Pass,,
SI-2025-0494,8,Pass,,
SI-2025-0494,9,Fail,Low,Pallets staged on pedestrian route near store B
SI-2025-0494,10,Pass,,
SI-2025-0494,11,NA,,
SI-2025-0494,12,Pass,,
SI-2025-0494,13,Pass,,
SI-2025-0494,14,Pass,,
SI-2025-0494,15,Pass,,
SI-2025-0494,16,Pass,,
SI-2025-0494,17,Pass,,
SI-2025-0494,18,Pass,,
SI-2025-0494,19,Pass,,
SI-2025-0494,20,Pass,,
SI-2025-0494,21,Fail,Medium,Escape route sign above the yard gate obscured by stock
SI-2025-0494,22,Pass,,
SI-2025-0494,23,Fail,Low,Statutory notice board at the north stairwell out of date
SI-2025-0494,24,NA,,
SI-2025-0495,1,Pass,,
SI-2025-0495,2,Pass,,
SI-2025-0495,3,Fail,Low,Call point at the main workshop blocked by stored materials
SI-2025-0495,4,Pass,,
SI-2025-0495,5,Pass,,
SI-2025-0495,6,Pass,,
SI-2025-0495,7,Pass,,
SI-2025-0495,8,Pass,,
SI-2025-0495,9,Pass,,
SI-2025-0495,10,Fail,Low,Waste bins overflowing at loading bay 6
SI-2025-0495,11,Pass,,
SI-2025-0495,12,Pass,,
SI-2025-0495,13,Pass,,
SI-2025-0495,14,Pass,,
SI-2025-0495,15,Pass,,
SI-2025-0495,16,Pass,,
SI-2025-0495,17,Pass,,
SI-2025-0495,18,Pass,,
SI-2025-0495,19,Pass,,
SI-2025-0495,20,Pass,,
SI-2025-0495,21,Pass,,
SI-2025-0495,22,Pass,,
SI-2025-0495,23,Pass,,
SI-2025-0495,24,Pass,,
SI-2025-0496,1,Pass,,
SI-2025-0496,2,Pass,,
SI-2025-0496,3,Pass,,
SI-2025-0496,4,Pass,,
SI-2025-0496,5,Pass,,
SI-2025-0496,6,Pass,,
SI-2025-0496,7,Pass,,
SI-2025-0496,8,Pass,,
SI-2025-0496,9,Pass,,
SI-2025-0496,10,Pass,,
SI-2025-0496,11,Pass,,
SI-2025-0496,12,Pass,,
SI-2025-0496,13,Fail,Low,Eye-wash bottle at aisle 4 past expiry
SI-2025-0496,14,NA,,
SI-2025-0496,15,Pass,,
SI-2025-0496,16,Pass,,
SI-2025-0496,17,Pass,,
SI-2025-0496,18,Pass,,
SI-2025-0496,19,Pass,,
SI-2025-0496,20,Pass,,
SI-2025-0496,21,Pass,,
SI-2025-0496,22,Pass,,
SI-2025-0496,23,Pass,,
SI-2025-0496,24,Pass,,
SI-2025-0497,1,Pass,,
SI-2025-0497,2,Fail,Low,Extinguisher at the yard gate past its service date
SI-2025-0497,3,Pass,,
SI-2025-0497,4,Fail,Low,Emergency light at bay 2 not illuminating on test
SI-2025-0497,5,Pass,,
SI-2025-0497,6,Fail,High,Distribution board at the main workshop left open and unlabelled
SI-2025-0497,7,Pass,,
SI-2025-0497,8,Pass,,
SI-2025-0497,9,Pass,,
SI-2025-0497,10,Pass,,
SI-2025-0497,11,Pass,,
SI-2025-0497,12,Pass,,
SI-2025-0497,13,Fail,Medium,Eye-wash bottle at bay 2 past expiry
SI-2025-0497,14,Pass,,
SI-2025-0497,15,Pass,,
SI-2025-0497,16,Pass,,
SI-2025-0497,17,Pass,,
SI-2025-0497,18,Pass,,
SI-2025-0497,19,Pass,,
SI-2025-0497,20,Pass,,
SI-2025-0497,21,NA,,
SI-2025-0497,22,Fail,Low,Walkway markings at the mezzanine worn and faded
SI-2025-0497,23,Pass,,
SI-2025-0497,24,Pass,,
SI-2025-0498,1,NA,,
SI-2025-0498,2,Pass,,
SI-2025-0498,3,Pass,,
SI-2025-0498,4,Pass,,
SI-2025-0498,5,Pass,,
SI-2025-0498,6,Pass,,
SI-2025-0498,7,Pass,,
SI-2025-0498,8,Pass,,
SI-2025-0498,9,Pass,,
SI-2025-0498,10,Pass,,
SI-2025-0498,11,Pass,,
SI-2025-0498,12,Pass,,
SI-2025-0498,13,Pass,,
SI-2025-0498,14,Pass,,
SI-2025-0498,15,Pass,,
SI-2025-0498,16,Pass,,
SI-2025-0498,17,Pass,,
SI-2025-0498,18,Pass,,
SI-2025-0498,19,Pass,,
SI-2025-0498,20,Pass,,
SI-2025-0498,21,Pass,,
SI-2025-0498,22,Pass,,
SI-2025-0498,23,Pass,,
SI-2025-0498,24,Fail,High,No vehicle warning signage at loading bay 6 crossing
SI-2025-0499,1,Pass,,
SI-2025-0499,2,Pass,,
SI-2025-0499,3,Pass,,
SI-2025-0499,4,Fail,Medium,Emergency light at the mezzanine not illuminating on test
SI-2025-0499,5,Pass,,
SI-2025-0499,6,Fail,Low,Distribution board at the main workshop left open and unlabelled
SI-2025-0499,7,Pass,,
SI-2025-0499,8,Pass,,
SI-2025-0499,9,Fail,Low,Pallets staged on pedestrian route near the mezzanine
SI-2025-0499,10,Pass,,
SI-2025-0499,11,Pass,,
SI-2025-0499,12,Pass,,
SI-2025-0499,13,Fail,Low,Eye-wash bottle at the yard gate past expiry
SI-2025-0499,14,Pass,,
SI-2025-0499,15,Pass,,
SI-2025-0499,16,Fail,Low,Welfare room at bay 2 without hot water
SI-2025-0499,17,Pass,,
SI-2025-0499,18,Pass,,
SI-2025-0499,19,Pass,,
SI-2025-0499,20,Fail,Low,COSHH register at store B not updated this quarter
SI-2025-0499,21,Pass,,
SI-2025-0499,22,Pass,,
SI-2025-0499,23,Pass,,
SI-2025-0499,24,Fail,Low,No vehicle warning signage at the yard gate crossing
SI-2025-0500,1,Pass,,
SI-2025-0500,2,Fail,Medium,Extinguisher at the north stairwell past its service date
SI-2025-0500,3,Pass,,
SI-2025-0500,4,Pass,,
SI-2025-0500,5,Pass,,
SI-2025-0500,6,Pass,,
SI-2025-0500,7,Pass,,
SI-2025-0500,8,Pass,,
SI-2025-0500,9,Pass,,
SI-2025-0500,10,Pass,,
SI-2025-0500,11,Fail,Low,Work bench at loading bay 6 cluttered with offcuts
SI-2025-0500,12,NA,,
SI-2025-0500,13,Pass,,
SI-2025-0500,14,Pass,,
SI-2025-0500,15,Pass,,
SI-2025-0500,16,Pass,,
SI-2025-0500,17,Fail,Medium,Racking tag at bay 2 out of date
SI-2025-0500,18,Pass,,
SI-2025-0500,19,Pass,,
SI-2025-0500,20,Pass,,
SI-2025-0500,21,Pass,,
SI-2025-0500,22,Pass,,
SI-2025-0500,23,Pass,,
SI-2025-0500,24,Fail,High,No vehicle warning signage at the welfare cabin crossing
SI-2025-0501,1,Pass,,
SI-2025-0501,2,Fail,Low,Extinguisher at the dock office past its service date
SI-2025-0501,3,NA,,
SI-2025-0501,4,Pass,,
SI-2025-0501,5,Pass,,
SI-2025-0501,6,Pass,,
SI-2025-0501,7,Pass,,
SI-2025-0501,8,Pass,,
SI-2025-0501,9,Pass,,
SI-2025-0501,10,Pass,,
SI-2025-0501,11,Pass,,
SI-2025-0501,12,Fail,Low,Spill kit at level 2 missing absorbent pads
SI-2025-0501,13,Pass,,
SI-2025-0501,14,Pass,,
SI-2025-0501,15,Pass,,
SI-2025-0501,16,Pass,,
SI-2025-0501,17,Pass,,
SI-2025-0501,18,Pass,,
SI-2025-0501,19,Pass,,
SI-2025-0501,20,Pass,,
SI-2025-0501,21,NA,,
SI-2025-0501,22,Pass,,
SI-2025-0501,23,Fail,Low,Statutory notice board at level 2 out of date
SI-2025-0501,24,Pass,,
SI-2025-0502,1,Pass,,
SI-2025-0502,2,Pass,,
SI-2025-0502,3,Pass,,
SI-2025-0502,4,Pass,,
SI-2025-0502,5,Pass,,
SI-2025-0502,6,Pass,,
SI-2025-0502,7,Pass,,
SI-2025-0502,8,Pass,,
SI-2025-0502,9,Pass,,
SI-2025-0502,10,Fail,Low,Waste bins overflowing at bay 2
SI-2025-0502,11,NA,,
SI-2025-0502,12,Pass,,
SI-2025-0502,13,Pass,,
SI-2025-0502,14,Pass,,
SI-2025-0502,15,NA,,
SI-2025-0502,16,Pass,,
SI-2025-0502,17,Pass,,
SI-2025-0502,18,Pass,,
SI-2025-0502,19,Pass,,
SI-2025-0502,20,Fail,Low,COSHH register at the yard gate not updated this quarter
SI-2025-0502,21,Pass,,
SI-2025-0502,22,Pass,,
SI-2025-0502,23,Pass,,
SI-2025-0502,24,Pass,,
SI-2025-0503,1,Pass,,
SI-2025-0503,2,Pass,,
SI-2025-0503,3,Pass,,
SI-2025-0503,4,Pass,,
SI-2025-0503,5,NA,,
SI-2025-0503,6,Pass,,
SI-2025-0503,7,NA,,
SI-2025-0503,8,Pass,,
SI-2025-0503,9,Pass,,
SI-2025-0503,10,Pass,,
SI-2025-0503,11,Fail,Low,Work bench at aisle 4 cluttered with offcuts
SI-2025-0503,12,Pass,,
SI-2025-0503,13,Pass,,
SI-2025-0503,14,Pass,,
SI-2025-0503,15,NA,,
SI-2025-0503,16,NA,,
SI-2025-0503,17,Pass,,
SI-2025-0503,18,Pass,,
SI-2025-0503,19,NA,,
SI-2025-0503,20,Pass,,
SI-2025-0503,21,Pass,,
SI-2025-0503,22,Pass,,
SI-2025-0503,23,Pass,,
SI-2025-0503,24,Pass,,
SI-2025-0504,1,Pass,,
SI-2025-0504,2,Pass,,
SI-2025-0504,3,Pass,,
SI-2025-0504,4,Pass,,
SI-2025-0504,5,Pass,,
SI-2025-0504,6,Pass,,
SI-2025-0504,7,Pass,,
SI-2025-0504,8,Pass,,
SI-2025-0504,9,Pass,,
SI-2025-0504,10,Fail,Low,Waste bins overflowing at the dock office
SI-2025-0504,11,Pass,,
SI-2025-0504,12,Pass,,
SI-2025-0504,13,Pass,,
SI-2025-0504,14,Pass,,
SI-2025-0504,15,Pass,,
SI-2025-0504,16,Pass,,
SI-2025-0504,17,Pass,,
SI-2025-0504,18,Pass,,
SI-2025-0504,19,Pass,,
SI-2025-0504,20,Pass,,
SI-2025-0504,21,Pass,,
SI-2025-0504,22,Fail,Medium,Walkway markings at loading bay 6 worn and faded
SI-2025-0504,23,Pass,,
SI-2025-0504,24,Pass,,
SI-2025-0505,1,Pass,,
SI-2025-0505,2,NA,,
SI-2025-0505,3,NA,,
SI-2025-0505,4,Pass,,
SI-2025-0505,5,Pass,,
SI-2025-0505,6,Pass,,
SI-2025-0505,7,Pass,,
SI-2025-0505,8,Pass,,
SI-2025-0505,9,Pass,,
SI-2025-0505,10,Pass,,
SI-2025-0505,11,Pass,,
SI-2025-0505,12,Fail,Medium,Spill kit at the welfare cabin missing absorbent pads
SI-2025-0505,13,NA,,
SI-2025-0505,14,Pass,,
SI-2025-0505,15,Pass,,
SI-2025-0505,16,Pass,,
SI-2025-0505,17,Pass,,
SI-2025-0505,18,Pass,,
SI-2025-0505,19,Pass,,
SI-2025-0505,20,Pass,,
SI-2025-0505,21,Pass,,
SI-2025-0505,22,Fail,Low,Walkway markings at the mezzanine worn and faded
SI-2025-0505,23,Pass,,
SI-2025-0505,24,Pass,,
SI-2025-0506,1,Pass,,
SI-2025-0506,2,Pass,,
SI-2025-0506,3,Pass,,
SI-2025-0506,4,Pass,,
SI-2025-0506,5,Pass,,
SI-2025-0506,6,Pass,,
SI-2025-0506,7,NA,,
SI-2025-0506,8,Pass,,
SI-2025-0506,9,Pass,,
SI-2025-0506,10,Fail,Low,Waste bins overflowing at loading bay 6
SI-2025-0506,11,Pass,,
SI-2025-0506,12,Fail,Low,Spill kit at bay 2 missing absorbent pads
SI-2025-0506,13,Pass,,
SI-2025-0506,14,Pass,,
SI-2025-0506,15,Pass,,
SI-2025-0506,16,Pass,,
SI-2025-0506,17,Pass,,
SI-2025-0506,18,Pass,,
SI-2025-0506,19,Pass,,
SI-2025-0506,20,Pass,,
SI-2025-0506,21,Pass,,
SI-2025-0506,22,Pass,,
SI-2025-0506,23,Pass,,
SI-2025-0506,24,Pass,,
SI-2025-0507,1,Fail,Low,Fire door at the east exit catches on frame and does not latch
SI-2025-0507,2,Pass,,
SI-2025-0507,3,Pass,,
SI-2025-0507,4,Fail,Medium,Emergency light at the welfare cabin not illuminating on test
SI-2025-0507,5,Pass,,
SI-2025-0507,6,Pass,,
SI-2025-0507,7,Pass,,
SI-2025-0507,8,Pass,,
SI-2025-0507,9,Pass,,
SI-2025-0507,10,Pass,,
SI-2025-0507,11,Pass,,
SI-2025-0507,12,Pass,,
SI-2025-0507,13,Pass,,
SI-2025-0507,14,Fail,Low,First-aid kit at level 2 missing dressings
SI-2025-0507,15,Pass,,
SI-2025-0507,16,Pass,,
SI-2025-0507,17,Pass,,
SI-2025-0507,18,Pass,,
SI-2025-0507,19,Pass,,
SI-2025-0507,20,Pass,,
SI-2025-0507,21,Fail,Low,Escape route sign above the yard gate obscured by stock
SI-2025-0507,22,Pass,,
SI-2025-0507,23,Pass,,
SI-2025-0507,24,Pass,,
SI-2025-0508,1,Pass,,
SI-2025-0508,2,Fail,Low,Extinguisher at the east exit past its service date
SI-2025-0508,3,Pass,,
SI-2025-0508,4,Fail,Medium,Emergency light at loading bay 6 not illuminating on test
SI-2025-0508,5,Pass,,
SI-2025-0508,6,Pass,,
SI-2025-0508,7,Pass,,
SI-2025-0508,8,Pass,,
SI-2025-0508,9,Fail,Medium,Pallets staged on pedestrian route near level 2
SI-2025-0508,10,Pass,,
SI-2025-0508,11,Pass,,
SI-2025-0508,12,Fail,Medium,Spill kit at the north stairwell missing absorbent pads
SI-2025-0508,13,Pass,,
SI-2025-0508,14,Pass,,
SI-2025-0508,15,Pass,,
SI-2025-0508,16,Pass,,
SI-2025-0508,17,Fail,Low,Racking tag at the dock office out of date
SI-2025-0508,18,Pass,,
SI-2025-0508,19,Pass,,
SI-2025-0508,20,Pass,,
SI-2025-0508,21,Pass,,
SI-2025-0508,22,Pass,,
SI-2025-0508,23,Fail,Low,Statutory notice board at the east exit out of date
SI-2025-0508,24,Pass,,
SI-2025-0509,1,Pass,,
SI-2025-0509,2,NA,,
SI-2025-0509,3,Fail,High,Call point at loading bay 6 blocked by stored materials
SI-2025-0509,4,Pass,,
SI-2025-0509,5,Pass,,
SI-2025-0509,6,Pass,,
SI-2025-0509,7,NA,,
SI-2025-0509,8,Pass,,
SI-2025-0509,9,Pass,,
SI-2025-0509,10,Pass,,
SI-2025-0509,11,Pass,,
SI-2025-0509,12,Pass,,
SI-2025-0509,13,Pass,,
SI-2025-0509,14,Pass,,
SI-2025-0509,15,Pass,,
SI-2025-0509,16,Pass,,
SI-2025-0509,17,Pass,,
SI-2025-0509,18,Fail,Low,Overloaded top beam at level 2
SI-2025-0509,19,Pass,,
SI-2025-0509,20,Pass,,
SI-2025-0509,21,Pass,,
SI-2025-0509,22,Pass,,
SI-2025-0509,23,Pass,,
SI-2025-0509,24,Fail,Low,No vehicle warning signage at level 2 crossing
SI-2025-0510,1,Pass,,
SI-2025-0510,2,Pass,,
SI-2025-0510,3,Pass,,
SI-2025-0510,4,Pass,,
SI-2025-0510,5,Pass,,
SI-2025-0510,6,Pass,,
SI-2025-0510,7,Pass,,
SI-2025-0510,8,Pass,,
SI-2025-0510,9,Pass,,
SI-2025-0510,10,Pass,,
SI-2025-0510,11,Pass,,
SI-2025-0510,12,Pass,,
SI-2025-0510,13,Pass,,
SI-2025-0510,14,Pass,,
SI-2025-0510,15,Pass,,
SI-2025-0510,16,Pass,,
SI-2025-0510,17,Pass,,
SI-2025-0510,18,Pass,,
SI-2025-0510,19,Pass,,
SI-2025-0510,20,Pass,,
SI-2025-0510,21,Fail,Low,Escape route sign above the dock office obscured by stock
SI-2025-0510,22,Pass,,
SI-2025-0510,23,Pass,,
SI-2025-0510,24,Pass,,
SI-2025-0511,1,Pass,,
SI-2025-0511,2,Pass,,
SI-2025-0511,3,Pass,,
SI-2025-0511,4,Pass,,
SI-2025-0511,5,Pass,,
SI-2025-0511,6,Pass,,
SI-2025-0511,7,Pass,,
SI-2025-0511,8,Pass,,
SI-2025-0511,9,Fail,Low,Pallets staged on pedestrian route near bay 2
SI-2025-0511,10,Pass,,
SI-2025-0511,11,Pass,,
SI-2025-0511,12,Pass,,
SI-2025-0511,13,Pass,,
SI-2025-0511,14,Pass,,
SI-2025-0511,15,Pass,,
SI-2025-0511,16,Pass,,
SI-2025-0511,17,Fail,Low,Racking tag at the east exit out of date
SI-2025-0511,18,Pass,,
SI-2025-0511,19,Pass,,
SI-2025-0511,20,Pass,,
SI-2025-0511,21,Pass,,
SI-2025-0511,22,Pass,,
SI-2025-0511,23,Pass,,
SI-2025-0511,24,Pass,,
SI-2025-0512,1,Pass,,
SI-2025-0512,2,Pass,,
SI-2025-0512,3,Pass,,
SI-2025-0512,4,Pass,,
SI-2025-0512,5,Pass,,
SI-2025-0512,6,Pass,,
SI-2025-0512,7,Pass,,
SI-2025-0512,8,Pass,,
SI-2025-0512,9,Pass,,
SI-2025-0512,10,Pass,,
SI-2025-0512,11,Pass,,
SI-2025-0512,12,Pass,,
SI-2025-0512,13,Pass,,
SI-2025-0512,14,Pass,,
SI-2025-0512,15,Pass,,
SI-2025-0512,16,Fail,Low,Welfare room at the mezzanine without hot water
SI-2025-0512,17,Pass,,
SI-2025-0512,18,Pass,,
SI-2025-0512,19,Fail,Low,Untagged stepladder in use at loading bay 6
SI-2025-0512,20,Pass,,
SI-2025-0512,21,Pass,,
SI-2025-0512,22,Pass,,
SI-2025-0512,23,Pass,,
SI-2025-0512,24,Pass,,
SI-2025-0513,1,Pass,,
SI-2025-0513,2,Pass,,
SI-2025-0513,3,Pass,,
SI-2025-0513,4,Pass,,
SI-2025-0513,5,Pass,,
SI-2025-0513,6,Fail,Low,Distribution board at loading bay 6 left open and unlabelled
SI-2025-0513,7,Pass,,
SI-2025-0513,8,Pass,,
SI-2025-0513,9,Pass,,
SI-2025-0513,10,Pass,,
SI-2025-0513,11,Pass,,
SI-2025-0513,12,Pass,,
SI-2025-0513,13,Pass,,
SI-2025-0513,14,Pass,,
SI-2025-0513,15,Pass,,
SI-2025-0513,16,Pass,,
SI-2025-0513,17,Pass,,
SI-2025-0513,18,Fail,Low,Overloaded top beam at the main workshop
SI-2025-0513,19,Pass,,
SI-2025-0513,20,NA,,
SI-2025-0513,21,Pass,,
SI-2025-0513,22,Pass,,
SI-2025-0513,23,Pass,,
SI-2025-0513,24,Pass,,
SI-2025-0514,1,Pass,,
SI-2025-0514,2,Pass,,
SI-2025-0514,3,Pass,,
SI-2025-0514,4,Pass,,
SI-2025-0514,5,Pass,,
SI-2025-0514,6,Pass,,
SI-2025-0514,7,Pass,,
SI-2025-0514,8,Pass,,
SI-2025-0514,9,Fail,Low,Pallets staged on pedestrian route near aisle 4
SI-2025-0514,10,Fail,High,Waste bins overflowing at the main workshop
SI-2025-0514,11,Pass,,
SI-2025-0514,12,Pass,,
SI-2025-0514,13,Fail,Medium,Eye-wash bottle at level 2 past expiry
SI-2025-0514,14,Pass,,
SI-2025-0514,15,Pass,,
SI-2025-0514,16,Pass,,
SI-2025-0514,17,Pass,,
SI-2025-0514,18,Pass,,
SI-2025-0514,19,Pass,,
SI-2025-0514,20,Pass,,
SI-2025-0514,21,Pass,,
SI-2025-0514,22,Pass,,
SI-2025-0514,23,Pass,,
SI-2025-0514,24,Pass,,
SI-2025-0515,1,Pass,,
SI-2025-0515,2,Pass,,
SI-2025-0515,3,Pass,,
SI-2025-0515,4,Fail,High,Emergency light at the main workshop not illuminating on test
SI-2025-0515,5,Pass,,
SI-2025-0515,6,Pass,,
SI-2025-0515,7,Pass,,
SI-2025-0515,8,Pass,,
SI-2025-0515,9,NA,,
SI-2025-0515,10,Pass,,
SI-2025-0515,11,Pass,,
SI-2025-0515,12,Pass,,
SI-2025-0515,13,Pass,,
SI-2025-0515,14,Pass,,
SI-2025-0515,15,Pass,,
SI-2025-0515,16,Pass,,
SI-2025-0515,17,Pass,,
SI-2025-0515,18,Pass,,
SI-2025-0515,19,Pass,,
SI-2025-0515,20,Pass,,
SI-2025-0515,21,Pass,,
SI-2025-0515,22,NA,,
SI-2025-0515,23,Fail,Low,Statutory notice board at the mezzanine out of date
SI-2025-0515,24,Pass,,
SI-2025-0516,1,Pass,,
SI-2025-0516,2,Fail,Low,Extinguisher at store B past its service date
SI-2025-0516,3,Fail,Low,Call point at the dock office blocked by stored materials
SI-2025-0516,4,Pass,,
SI-2025-0516,5,Pass,,
SI-2025-0516,6,Pass,,
SI-2025-0516,7,Pass,,
SI-2025-0516,8,Pass,,
SI-2025-0516,9,Pass,,
SI-2025-0516,10,Pass,,
SI-2025-0516,11,Pass,,
SI-2025-0516,12,Pass,,
SI-2025-0516,13,Pass,,
SI-2025-0516,14,Pass,,
SI-2025-0516,15,Fail,Low,Operative without hi-vis near loading bay 6
SI-2025-0516,16,Pass,,
SI-2025-0516,17,Pass,,
SI-2025-0516,18,Pass,,
SI-2025-0516,19,Pass,,
SI-2025-0516,20,Pass,,
SI-2025-0516,21,Pass,,
SI-2025-0516,22,Fail,Medium,Walkway markings at the north stairwell worn and faded
SI-2025-0516,23,Pass,,
SI-2025-0516,24,Pass,,
SI-2025-0517,1,Pass,,
SI-2025-0517,2,Pass,,
SI-2025-0517,3,Pass,,
SI-2025-0517,4,Pass,,
SI-2025-0517,5,Pass,,
SI-2025-0517,6,Pass,,
SI-2025-0517,7,NA,,
SI-2025-0517,8,Pass,,
SI-2025-0517,9,Pass,,
SI-2025-0517,10,Pass,,
SI-2025-0517,11,Pass,,
SI-2025-0517,12,Fail,Low,Spill kit at the east exit missing absorbent pads
SI-2025-0517,13,Pass,,
SI-2025-0517,14,Pass,,
SI-2025-0517,15,Pass,,
SI-2025-0517,16,Pass,,
SI-2025-0517,17,Fail,Low,Racking tag at the dock office out of date
SI-2025-0517,18,Pass,,
SI-2025-0517,19,Pass,,
SI-2025-0517,20,Fail,Medium,COSHH register at the yard gate not updated this quarter
SI-2025-0517,21,Pass,,
SI-2025-0517,22,Pass,,
SI-2025-0517,23,Pass,,
SI-2025-0517,24,Fail,High,No vehicle warning signage at the welfare cabin crossing
SI-2025-0518,1,Pass,,
SI-2025-0518,2,Fail,Low,Extinguisher at bay 2 past its service date
SI-2025-0518,3,Pass,,
SI-2025-0518,4,Pass,,
SI-2025-0518,5,Pass,,
SI-2025-0518,6,Pass,,
SI-2025-0518,7,Pass,,
SI-2025-0518,8,Pass,,
SI-2025-0518,9,Pass,,
SI-2025-0518,10,Pass,,
SI-2025-0518,11,Pass,,
SI-2025-0518,12,Fail,Low,Spill kit at the dock office missing absorbent pads
SI-2025-0518,13,Pass,,
SI-2025-0518,14,Pass,,
SI-2025-0518,15,Pass,,
SI-2025-0518,16,Pass,,
SI-2025-0518,17,Pass,,
SI-2025-0518,18,Pass,,
SI-2025-0518,19,Pass,,
SI-2025-0518,20,Pass,,
SI-2025-0518,21,Pass,,
SI-2025-0518,22,Pass,,
SI-2025-0518,23,Pass,,
SI-2025-0518,24,Pass,,
SI-2025-0519,1,Fail,Medium,Fire door at the mezzanine catches on frame and does not latch
SI-2025-0519,2,Pass,,
SI-2025-0519,3,Fail,Low,Call point at the dock office blocked by stored materials
SI-2025-0519,4,Pass,,
SI-2025-0519,5,Pass,,
SI-2025-0519,6,Pass,,
SI-2025-0519,7,Pass,,
SI-2025-0519,8,Pass,,
SI-2025-0519,9,Pass,,
SI-2025-0519,10,Pass,,
SI-2025-0519,11,Fail,High,Work bench at store B cluttered with offcuts
SI-2025-0519,12,NA,,
SI-2025-0519,13,Pass,,
SI-2025-0519,14,Pass,,
SI-2025-0519,15,NA,,
SI-2025-0519,16,Pass,,
SI-2025-0519,17,Pass,,
SI-2025-0519,18,Pass,,
SI-2025-0519,19,Pass,,
SI-2025-0519,20,Pass,,
SI-2025-0519,21,Fail,Low,Escape route sign above store B obscured by stock
SI-2025-0519,22,Fail,Medium,Walkway markings at the mezzanine worn and faded
SI-2025-0519,23,Fail,Low,Statutory notice board at the dock office out of date
SI-2025-0519,24,Pass,,
SI-2025-0520,1,Pass,,
SI-2025-0520,2,Pass,,
SI-2025-0520,3,Pass,,
SI-2025-0520,4,Pass,,
SI-2025-0520,5,Pass,,
SI-2025-0520,6,Pass,,
SI-2025-0520,7,Fail,Low,Damaged extension lead in use at the yard gate
SI-2025-0520,8,Pass,,
SI-2025-0520,9,Pass,,
SI-2025-0520,10,Pass,,
SI-2025-0520,11,Pass,,
SI-2025-0520,12,Pass,,
SI-2025-0520,13,Pass,,
SI-2025-0520,14,Pass,,
SI-2025-0520,15,Pass,,
SI-2025-0520,16,Pass,,
SI-2025-0520,17,Fail,Medium,Racking tag at the mezzanine out of date
SI-2025-0520,18,Pass,,
SI-2025-0520,19,Pass,,
SI-2025-0520,20,Pass,,
SI-2025-0520,21,NA,,
SI-2025-0520,22,Pass,,
SI-2025-0520,23,Pass,,
SI-2025-0520,24,Fail,Low,No vehicle warning signage at aisle 4 crossing
SI-2025-0521,1,Pass,,
SI-2025-0521,2,Pass,,
SI-2025-0521,3,Pass,,
SI-2025-0521,4,Pass,,
SI-2025-0521,5,Pass,,
SI-2025-0521,6,Pass,,
SI-2025-0521,7,Pass,,
SI-2025-0521,8,Pass,,
SI-2025-0521,9,Pass,,
SI-2025-0521,10,Pass,,
SI-2025-0521,11,Pass,,
SI-2025-0521,12,Pass,,
SI-2025-0521,13,Pass,,
SI-2025-0521,14,Fail,Medium,First-aid kit at the yard gate missing dressings
SI-2025-0521,15,Pass,,
SI-2025-0521,16,Pass,,
SI-2025-0521,17,Pass,,
SI-2025-0521,18,Pass,,
SI-2025-0521,19,Pass,,
SI-2025-0521,20,Pass,,
SI-2025-0521,21,Pass,,
SI-2025-0521,22,Pass,,
SI-2025-0521,23,Pass,,
SI-2025-0521,24,NA,,
SI-2025-0522,1,Pass,,
SI-2025-0522,2,Pass,,
SI-2025-0522,3,Pass,,
SI-2025-0522,4,NA,,
SI-2025-0522,5,Pass,,
SI-2025-0522,6,Pass,,
SI-2025-0522,7,Pass,,
SI-2025-0522,8,Pass,,
SI-2025-0522,9,Fail,Medium,Pallets staged on pedestrian route near the dock office
SI-2025-0522,10,Pass,,
SI-2025-0522,11,Pass,,
SI-2025-0522,12,Pass,,
SI-2025-0522,13,Pass,,
SI-2025-0522,14,Pass,,
SI-2025-0522,15,Pass,,
SI-2025-0522,16,Pass,,
SI-2025-0522,17,Pass,,
SI-2025-0522,18,Pass,,
SI-2025-0522,19,Pass,,
SI-2025-0522,20,Pass,,
SI-2025-0522,21,NA,,
SI-2025-0522,22,Pass,,
SI-2025-0522,23,Pass,,
SI-2025-0522,24,Pass,,
SI-2025-0523,1,Pass,,
SI-2025-0523,2,Pass,,
SI-2025-0523,3,Pass,,
SI-2025-0523,4,Pass,,
SI-2025-0523,5,Pass,,
SI-2025-0523,6,Pass,,
SI-2025-0523,7,Pass,,
SI-2025-0523,8,Pass,,
SI-2025-0523,9,Fail,Low,Pallets staged on pedestrian route near the dock office
SI-2025-0523,10,Pass,,
SI-2025-0523,11,Pass,,
SI-2025-0523,12,Pass,,
SI-2025-0523,13,Pass,,
SI-2025-0523,14,Pass,,
SI-2025-0523,15,NA,,
SI-2025-0523,16,Pass,,
SI-2025-0523,17,Pass,,
SI-2025-0523,18,Pass,,
SI-2025-0523,19,Pass,,
SI-2025-0523,20,Pass,,
SI-2025-0523,21,Pass,,
SI-2025-0523,22,Fail,Low,Walkway markings at the main workshop worn and faded
SI-2025-0523,23,Pass,,
SI-2025-0523,24,NA,,
SI-2025-0524,1,Pass,,
SI-2025-0524,2,Pass,,
SI-2025-0524,3,Pass,,
SI-2025-0524,4,Pass,,
SI-2025-0524,5,Pass,,
SI-2025-0524,6,Pass,,
SI-2025-0524,7,Pass,,
SI-2025-0524,8,Pass,,
SI-2025-0524,9,Pass,,
SI-2025-0524,10,Pass,,
SI-2025-0524,11,Fail,Low,Work bench at the dock office cluttered with offcuts
SI-2025-0524,12,Fail,Low,Spill kit at the main workshop missing absorbent pads
SI-2025-0524,13,Pass,,
SI-2025-0524,14,Pass,,
SI-2025-0524,15,Pass,,
SI-2025-0524,16,NA,,
SI-2025-0524,17,Pass,,
SI-2025-0524,18,Fail,Low,Overloaded top beam at the north stairwell
SI-2025-0524,19,Pass,,
SI-2025-0524,20,Pass,,
SI-2025-0524,21,Pass,,
SI-2025-0524,22,Pass,,
SI-2025-0524,23,Pass,,
SI-2025-0524,24,Pass,,
SI-2025-0525,1,Fail,Low,Fire door at the mezzanine catches on frame and does not latch
SI-2025-0525,2,Pass,,
SI-2025-0525,3,Pass,,
SI-2025-0525,4,Pass,,
SI-2025-0525,5,Pass,,
SI-2025-0525,6,NA,,
SI-2025-0525,7,Pass,,
SI-2025-0525,8,Pass,,
SI-2025-0525,9,Pass,,
SI-2025-0525,10,Pass,,
SI-2025-0525,11,Pass,,
SI-2025-0525,12,Pass,,
SI-2025-0525,13,Pass,,
SI-2025-0525,14,Fail,Low,First-aid kit at loading bay 6 missing dressings
SI-2025-0525,15,Pass,,
SI-2025-0525,16,Pass,,
SI-2025-0525,17,Pass,,
SI-2025-0525,18,Pass,,
SI-2025-0525,19,Pass,,
SI-2025-0525,20,Pass,,
SI-2025-0525,21,NA,,
SI-2025-0525,22,Pass,,
SI-2025-0525,23,Pass,,
SI-2025-0525,24,Pass,,
SI-2025-0526,1,Pass,,
SI-2025-0526,2,Pass,,
SI-2025-0526,3,Pass,,
SI-2025-0526,4,Pass,,
SI-2025-0526,5,Pass,,
SI-2025-0526,6,Pass,,
SI-2025-0526,7,Pass,,
SI-2025-0526,8,Pass,,
SI-2025-0526,9,Pass,,
SI-2025-0526,10,Pass,,
SI-2025-0526,11,Pass,,
SI-2025-0526,12,Pass,,
SI-2025-0526,13,Pass,,
SI-2025-0526,14,Fail,Low,First-aid kit at store B missing dressings
SI-2025-0526,15,Pass,,
SI-2025-0526,16,Pass,,
SI-2025-0526,17,Pass,,
SI-2025-0526,18,Pass,,
SI-2025-0526,19,Pass,,
SI-2025-0526,20,Pass,,
SI-2025-0526,21,Pass,,
SI-2025-0526,22,Pass,,
SI-2025-0526,23,Pass,,
SI-2025-0526,24,Fail,Low,No vehicle warning signage at the mezzanine crossing
SI-2025-0527,1,Fail,Low,Fire door at the dock office catches on frame and does not latch
SI-2025-0527,2,Pass,,
SI-2025-0527,3,Pass,,
SI-2025-0527,4,Pass,,
SI-2025-0527,5,Pass,,
SI-2025-0527,6,NA,,
SI-2025-0527,7,Pass,,
SI-2025-0527,8,Pass,,
SI-2025-0527,9,Pass,,
SI-2025-0527,10,Pass,,
SI-2025-0527,11,Pass,,
SI-2025-0527,12,Pass,,
SI-2025-0527,13,Pass,,
SI-2025-0527,14,Pass,,
SI-2025-0527,15,Pass,,
SI-2025-0527,16,Pass,,
SI-2025-0527,17,Pass,,
SI-2025-0527,18,NA,,
SI-2025-0527,19,Pass,,
SI-2025-0527,20,Pass,,
SI-2025-0527,21,Pass,,
SI-2025-0527,22,Pass,,
SI-2025-0527,23,Pass,,
SI-2025-0527,24,Pass,,
SI-2025-0528,1,NA,,
SI-2025-0528,2,Pass,,
SI-2025-0528,3,Pass,,
SI-2025-0528,4,Pass,,
SI-2025-0528,5,Pass,,
SI-2025-0528,6,Pass,,
SI-2025-0528,7,Pass,,
SI-2025-0528,8,Pass,,
SI-2025-0528,9,Pass,,
SI-2025-0528,10,Pass,,
SI-2025-0528,11,Pass,,
SI-2025-0528,12,Fail,Low,Spill kit at bay 2 missing absorbent pads
SI-2025-0528,13,Pass,,
SI-2025-0528,14,Pass,,
SI-2025-0528,15,Pass,,
SI-2025-0528,16,Fail,Low,Welfare room at bay 2 without hot water
SI-2025-0528,17,Pass,,
SI-2025-0528,18,Pass,,
SI-2025-0528,19,Pass,,
SI-2025-0528,20,Pass,,
SI-2025-0528,21,Pass,,
SI-2025-0528,22,Pass,,
SI-2025-0528,23,Pass,,
SI-2025-0528,24,Pass,,
SI-2025-0529,1,Pass,,
SI-2025-0529,2,Pass,,
SI-2025-0529,3,Pass,,
SI-2025-0529,4,Pass,,
SI-2025-0529,5,Pass,,
SI-2025-0529,6,Pass,,
SI-2025-0529,7,Pass,,
SI-2025-0529,8,Pass,,
SI-2025-0529,9,Pass,,
SI-2025-0529,10,Pass,,
SI-2025-0529,11,Fail,Low,Work bench at level 2 cluttered with offcuts
SI-2025-0529,12,Pass,,
SI-2025-0529,13,Pass,,
SI-2025-0529,14,Fail,Low,First-aid kit at the main workshop missing dressings
SI-2025-0529,15,Pass,,
SI-2025-0529,16,Pass,,
SI-2025-0529,17,Pass,,
SI-2025-0529,18,Pass,,
SI-2025-0529,19,Pass,,
SI-2025-0529,20,Pass,,
SI-2025-0529,21,Fail,Low,Escape route sign above the east exit obscured by stock
SI-2025-0529,22,Pass,,
SI-2025-0529,23,Pass,,
SI-2025-0529,24,Pass,,
SI-2025-0530,1,Pass,,
SI-2025-0530,2,Pass,,
SI-2025-0530,3,Fail,Low,Call point at bay 2 blocked by stored materials
SI-2025-0530,4,Pass,,
SI-2025-0530,5,Pass,,
SI-2025-0530,6,Pass,,
SI-2025-0530,7,Pass,,
SI-2025-0530,8,Pass,,
SI-2025-0530,9,Pass,,
SI-2025-0530,10,Pass,,
SI-2025-0530,11,Pass,,
SI-2025-0530,12,Pass,,
SI-2025-0530,13,Pass,,
SI-2025-0530,14,Pass,,
SI-2025-0530,15,Pass,,
SI-2025-0530,16,Pass,,
SI-2025-0530,17,Pass,,
SI-2025-0530,18,Pass,,
SI-2025-0530,19,Pass,,
SI-2025-0530,20,Pass,,
SI-2025-0530,21,Pass,,
SI-2025-0530,22,Pass,,
SI-2025-0530,23,Fail,Low,Statutory notice board at the north stairwell out of date
SI-2025-0530,24,Pass,,
SI-2025-0531,1,Pass,,
SI-2025-0531,2,Pass,,
SI-2025-0531,3,Pass,,
SI-2025-0531,4,Pass,,
SI-2025-0531,5,Pass,,
SI-2025-0531,6,Pass,,
SI-2025-0531,7,Pass,,
SI-2025-0531,8,Pass,,
SI-2025-0531,9,Pass,,
SI-2025-0531,10,Pass,,
SI-2025-0531,11,Pass,,
SI-2025-0531,12,Pass,,
SI-2025-0531,13,Pass,,
SI-2025-0531,14,Pass,,
SI-2025-0531,15,Pass,,
SI-2025-0531,16,Pass,,
SI-2025-0531,17,Pass,,
SI-2025-0531,18,Pass,,
SI-2025-0531,19,Pass,,
SI-2025-0531,20,Pass,,
SI-2025-0531,21,NA,,
SI-2025-0531,22,Pass,,
SI-2025-0531,23,Fail,Low,Statutory notice board at loading bay 6 out of date
SI-2025-0531,24,Pass,,
SI-2025-0532,1,Pass,,
SI-2025-0532,2,Pass,,
SI-2025-0532,3,Pass,,
SI-2025-0532,4,Pass,,
SI-2025-0532,5,Pass,,
SI-2025-0532,6,Pass,,
SI-2025-0532,7,Pass,,
SI-2025-0532,8,Pass,,
SI-2025-0532,9,Fail,Low,Pallets staged on pedestrian route near loading bay 6
SI-2025-0532,10,Pass,,
SI-2025-0532,11,Fail,Low,Work bench at the east exit cluttered with offcuts
SI-2025-0532,12,Pass,,
SI-2025-0532,13,Pass,,
SI-2025-0532,14,Fail,Medium,First-aid kit at the welfare cabin missing dressings
SI-2025-0532,15,NA,,
SI-2025-0532,16,Pass,,
SI-2025-0532,17,Pass,,
SI-2025-0532,18,Pass,,
SI-2025-0532,19,Pass,,
SI-2025-0532,20,Pass,,
SI-2025-0532,21,Pass,,
SI-2025-0532,22,Pass,,
SI-2025-0532,23,Pass,,
SI-2025-0532,24,Pass,,
SI-2025-0533,1,Pass,,
SI-2025-0533,2,Pass,,
SI-2025-0533,3,Pass,,
SI-2025-0533,4,Pass,,
SI-2025-0533,5,Pass,,
SI-2025-0533,6,Pass,,
SI-2025-0533,7,NA,,
SI-2025-0533,8,Pass,,
SI-2025-0533,9,Pass,,
SI-2025-0533,10,Pass,,
SI-2025-0533,11,Pass,,
SI-2025-0533,12,Pass,,
SI-2025-0533,13,Fail,Medium,Eye-wash bottle at the mezzanine past expiry
SI-2025-0533,14,Pass,,
SI-2025-0533,15,Pass,,
SI-2025-0533,16,Pass,,
SI-2025-0533,17,Fail,Low,Racking tag at the main workshop out of date
SI-2025-0533,18,Pass,,
SI-2025-0533,19,NA,,
SI-2025-0533,20,Pass,,
SI-2025-0533,21,Pass,,
SI-2025-0533,22,Pass,,
SI-2025-0533,23,Fail,Low,Statutory notice board at the main workshop out of date
SI-2025-0533,24,Pass,,
SI-2025-0534,1,Pass,,
SI-2025-0534,2,Pass,,
SI-2025-0534,3,Pass,,
SI-2025-0534,4,Pass,,
SI-2025-0534,5,Pass,,
SI-2025-0534,6,Pass,,
SI-2025-0534,7,Pass,,
SI-2025-0534,8,Pass,,
SI-2025-0534,9,Fail,High,Pallets staged on pedestrian route near level 2
SI-2025-0534,10,Fail,Low,Waste bins overflowing at the dock office
SI-2025-0534,11,Pass,,
SI-2025-0534,12,Pass,,
SI-2025-0534,13,Pass,,
SI-2025-0534,14,Fail,Low,First-aid kit at the dock office missing dressings
SI-2025-0534,15,Pass,,
SI-2025-0534,16,Pass,,
SI-2025-0534,17,Pass,,
SI-2025-0534,18,Pass,,
SI-2025-0534,19,Pass,,
SI-2025-0534,20,Pass,,
SI-2025-0534,21,Pass,,
SI-2025-0534,22,Pass,,
SI-2025-0534,23,Pass,,
SI-2025-0534,24,Pass,,
SI-2025-0535,1,Pass,,
SI-2025-0535,2,Pass,,
SI-2025-0535,3,Pass,,
SI-2025-0535,4,Fail,Low,Emergency light at level 2 not illuminating on test
SI-2025-0535,5,Pass,,
SI-2025-0535,6,Pass,,
SI-2025-0535,7,NA,,
SI-2025-0535,8,Pass,,
SI-2025-0535,9,NA,,
SI-2025-0535,10,Pass,,
SI-2025-0535,11,Fail,Medium,Work bench at level 2 cluttered with offcuts
SI-2025-0535,12,Pass,,
SI-2025-0535,13,Pass,,
SI-2025-0535,14,Pass,,
SI-2025-0535,15,Pass,,
SI-2025-0535,16,Pass,,
SI-2025-0535,17,Pass,,
SI-2025-0535,18,Pass,,
SI-2025-0535,19,Pass,,
SI-2025-0535,20,Pass,,
SI-2025-0535,21,Pass,,
SI-2025-0535,22,Fail,Low,Walkway markings at loading bay 6 worn and faded
SI-2025-0535,23,Fail,Low,Statutory notice board at the north stairwell out of date
SI-2025-0535,24,Pass,,
SI-2025-0536,1,Pass,,
SI-2025-0536,2,Pass,,
SI-2025-0536,3,Pass,,
SI-2025-0536,4,NA,,
SI-2025-0536,5,Pass,,
SI-2025-0536,6,Pass,,
SI-2025-0536,7,Pass,,
SI-2025-0536,8,Pass,,
SI-2025-0536,9,Pass,,
SI-2025-0536,10,Pass,,
SI-2025-0536,11,Pass,,
SI-2025-0536,12,Pass,,
SI-2025-0536,13,Pass,,
SI-2025-0536,14,Pass,,
SI-2025-0536,15,Pass,,
SI-2025-0536,16,Pass,,
SI-2025-0536,17,Pass,,
SI-2025-0536,18,Pass,,
SI-2025-0536,19,Pass,,
SI-2025-0536,20,Pass,,
SI-2025-0536,21,Pass,,
SI-2025-0536,22,Pass,,
SI-2025-0536,23,Pass,,
SI-2025-0536,24,Pass,,
SI-2025-0537,1,Pass,,
SI-2025-0537,2,Fail,Low,Extinguisher at the yard gate past its service date
SI-2025-0537,3,Pass,,
SI-2025-0537,4,Pass,,
SI-2025-0537,5,Pass,,
SI-2025-0537,6,Pass,,
SI-2025-0537,7,Pass,,
SI-2025-0537,8,Fail,Medium,Isolation switch at the dock office obstructed
SI-2025-0537,9,Pass,,
SI-2025-0537,10,Pass,,
SI-2025-0537,11,Pass,,
SI-2025-0537,12,Pass,,
SI-2025-0537,13,Pass,,
SI-2025-0537,14,Pass,,
SI-2025-0537,15,Fail,Low,Operative without hi-vis near the mezzanine
SI-2025-0537,16,Pass,,
SI-2025-0537,17,Pass,,
SI-2025-0537,18,Pass,,
SI-2025-0537,19,Pass,,
SI-2025-0537,20,Pass,,
SI-2025-0537,21,Fail,Low,Escape route sign above the east exit obscured by stock
SI-2025-0537,22,Pass,,
SI-2025-0537,23,Pass,,
SI-2025-0537,24,Fail,Low,No vehicle warning signage at the east exit crossing
SI-2025-0538,1,Pass,,
SI-2025-0538,2,Pass,,
SI-2025-0538,3,Pass,,
SI-2025-0538,4,Pass,,
SI-2025-0538,5,Pass,,
SI-2025-0538,6,Pass,,
SI-2025-0538,7,Fail,Medium,Damaged extension lead in use at the main workshop
SI-2025-0538,8,Pass,,
SI-2025-0538,9,Fail,Medium,Pallets staged on pedestrian route near aisle 4
SI-2025-0538,10,Pass,,
SI-2025-0538,11,Pass,,
SI-2025-0538,12,Pass,,
SI-2025-0538,13,Pass,,
SI-2025-0538,14,Pass,,
SI-2025-0538,15,Fail,Low,Operative without hi-vis near level 2
SI-2025-0538,16,Pass,,
SI-2025-0538,17,Pass,,
SI-2025-0538,18,Pass,,
SI-2025-0538,19,Pass,,
SI-2025-0538,20,Pass,,
SI-2025-0538,21,Fail,Low,Escape route sign above the mezzanine obscured by stock
SI-2025-0538,22,Pass,,
SI-2025-0538,23,Pass,,
SI-2025-0538,24,Pass,,
SI-2025-0539,1,Pass,,
SI-2025-0539,2,Pass,,
SI-2025-0539,3,Pass,,
SI-2025-0539,4,Pass,,
SI-2025-0539,5,Pass,,
SI-2025-0539,6,Pass,,
SI-2025-0539,7,Pass,,
SI-2025-0539,8,Pass,,
SI-2025-0539,9,Pass,,
SI-2025-0539,10,Pass,,
SI-2025-0539,11,Pass,,
SI-2025-0539,12,Pass,,
SI-2025-0539,13,Pass,,
SI-2025-0539,14,Pass,,
SI-2025-0539,15,Pass,,
SI-2025-0539,16,Pass,,
SI-2025-0539,17,Pass,,
SI-2025-0539,18,Pass,,
SI-2025-0539,19,Pass,,
SI-2025-0539,20,Pass,,
SI-2025-0539,21,Pass,,
SI-2025-0539,22,Pass,,
SI-2025-0539,23,Pass,,
SI-2025-0539,24,Fail,Low,No vehicle warning signage at the north stairwell crossing
SI-2025-0540,1,Pass,,
SI-2025-0540,2,Pass,,
SI-2025-0540,3,Pass,,
SI-2025-0540,4,Pass,,
SI-2025-0540,5,Pass,,
SI-2025-0540,6,NA,,
SI-2025-0540,7,Pass,,
SI-2025-0540,8,Pass,,
SI-2025-0540,9,Pass,,
SI-2025-0540,10,Pass,,
SI-2025-0540,11,Pass,,
SI-2025-0540,12,Pass,,
SI-2025-0540,13,Fail,Low,Eye-wash bottle at the welfare cabin past expiry
SI-2025-0540,14,Pass,,
SI-2025-0540,15,Pass,,
SI-2025-0540,16,Pass,,
SI-2025-0540,17,Fail,Low,Racking tag at loading bay 6 out of date
SI-2025-0540,18,Pass,,
SI-2025-0540,19,Pass,,
SI-2025-0540,20,Pass,,
SI-2025-0540,21,Pass,,
SI-2025-0540,22,Pass,,
SI-2025-0540,23,Pass,,
SI-2025-0540,24,Pass,,
SI-2025-0541,1,Pass,,
SI-2025-0541,2,Pass,,
SI-2025-0541,3,Pass,,
SI-2025-0541,4,Pass,,
SI-2025-0541,5,Pass,,
SI-2025-0541,6,Pass,,
SI-2025-0541,7,Pass,,
SI-2025-0541,8,Fail,Medium,Isolation switch at the yard gate obstructed
SI-2025-0541,9,Pass,,
SI-2025-0541,10,Pass,,
SI-2025-0541,11,Pass,,
SI-2025-0541,12,Pass,,
SI-2025-0541,13,Pass,,
SI-2025-0541,14,Pass,,
SI-2025-0541,15,Pass,,
SI-2025-0541,16,Pass,,
SI-2025-0541,17,Fail,Medium,Racking tag at the yard gate out of date
SI-2025-0541,18,Pass,,
SI-2025-0541,19,Pass,,
SI-2025-0541,20,Pass,,
SI-2025-0541,21,Pass,,
SI-2025-0541,22,Pass,,
SI-2025-0541,23,Fail,Medium,Statutory notice board at aisle 4 out of date
SI-2025-0541,24,Pass,,
SI-2025-0542,1,NA,,
SI-2025-0542,2,Pass,,
SI-2025-0542,3,Pass,,
SI-2025-0542,4,Pass,,
SI-2025-0542,5,Pass,,
SI-2025-0542,6,Pass,,
SI-2025-0542,7,Fail,Medium,Damaged extension lead in use at the yard gate
SI-2025-0542,8,Pass,,
SI-2025-0542,9,NA,,
SI-2025-0542,10,Pass,,
SI-2025-0542,11,Pass,,
SI-2025-0542,12,Pass,,
SI-2025-0542,13,Pass,,
SI-2025-0542,14,Pass,,
SI-2025-0542,15,Pass,,
SI-2025-0542,16,Pass,,
SI-2025-0542,17,Fail,Low,Racking tag at bay 2 out of date
SI-2025-0542,18,Pass,,
SI-2025-0542,19,Pass,,
SI-2025-0542,20,Pass,,
SI-2025-0542,21,Pass,,
SI-2025-0542,22,Pass,,
SI-2025-0542,23,Pass,,
SI-2025-0542,24,Pass,,
SI-2025-0543,1,Pass,,
SI-2025-0543,2,Pass,,
SI-2025-0543,3,Pass,,
SI-2025-0543,4,Pass,,
SI-2025-0543,5,Pass,,
SI-2025-0543,6,Fail,Medium,Distribution board at bay 2 left open and unlabelled
SI-2025-0543,7,Pass,,
SI-2025-0543,8,Pass,,
SI-2025-0543,9,Fail,Low,Pallets staged on pedestrian route near loading bay 6
SI-2025-0543,10,Pass,,
SI-2025-0543,11,Pass,,
SI-2025-0543,12,Pass,,
SI-2025-0543,13,Pass,,
SI-2025-0543,14,Fail,Medium,First-aid kit at level 2 missing dressings
SI-2025-0543,15,Pass,,
SI-2025-0543,16,Pass,,
SI-2025-0543,17,Pass,,
SI-2025-0543,18,Pass,,
SI-2025-0543,19,Pass,,
SI-2025-0543,20,Pass,,
SI-2025-0543,21,Pass,,
SI-2025-0543,22,Pass,,
SI-2025-0543,23,NA,,
SI-2025-0543,24,Pass,,
SI-2025-0544,1,Pass,,
SI-2025-0544,2,Pass,,
SI-2025-0544,3,Pass,,
SI-2025-0544,4,Fail,Low,Emergency light at aisle 4 not illuminating on test
SI-2025-0544,5,Pass,,
SI-2025-0544,6,Pass,,
SI-2025-0544,7,Pass,,
SI-2025-0544,8,Pass,,
SI-2025-0544,9,Pass,,
SI-2025-0544,10,Pass,,
SI-2025-0544,11,Pass,,
SI-2025-0544,12,Fail,Low,Spill kit at the yard gate missing absorbent pads
SI-2025-0544,13,Pass,,
SI-2025-0544,14,Pass,,
SI-2025-0544,15,Pass,,
SI-2025-0544,16,Pass,,
SI-2025-0544,17,Pass,,
SI-2025-0544,18,Pass,,
SI-2025-0544,19,Pass,,
SI-2025-0544,20,Pass,,
SI-2025-0544,21,Pass,,
SI-2025-0544,22,NA,,
SI-2025-0544,23,Pass,,
SI-2025-0544,24,Pass,,
SI-2025-0545,1,Pass,,
SI-2025-0545,2,Pass,,
SI-2025-0545,3,Pass,,
SI-2025-0545,4,Pass,,
SI-2025-0545,5,NA,,
SI-2025-0545,6,Pass,,
SI-2025-0545,7,Pass,,
SI-2025-0545,8,Pass,,
SI-2025-0545,9,Pass,,
SI-2025-0545,10,Pass,,
SI-2025-0545,11,Pass,,
SI-2025-0545,12,Pass,,
SI-2025-0545,13,Pass,,
SI-2025-0545,14,Pass,,
SI-2025-0545,15,Pass,,
SI-2025-0545,16,Pass,,
SI-2025-0545,17,Pass,,
SI-2025-0545,18,Pass,,
SI-2025-0545,19,Pass,,
SI-2025-0545,20,Fail,Low,COSHH register at the mezzanine not updated this quarter
SI-2025-0545,21,Fail,Medium,Escape route sign above the mezzanine obscured by stock
SI-2025-0545,22,Pass,,
SI-2025-0545,23,Fail,Medium,Statutory notice board at the north stairwell out of date
SI-2025-0545,24,Pass,,
SI-2025-0546,1,Pass,,
SI-2025-0546,2,Pass,,
SI-2025-0546,3,Pass,,
SI-2025-0546,4,Pass,,
SI-2025-0546,5,Pass,,
SI-2025-0546,6,Pass,,
SI-2025-0546,7,Pass,,
SI-2025-0546,8,Pass,,
SI-2025-0546,9,Pass,,
SI-2025-0546,10,Pass,,
SI-2025-0546,11,Pass,,
SI-2025-0546,12,Pass,,
SI-2025-0546,13,NA,,
SI-2025-0546,14,Pass,,
SI-2025-0546,15,Pass,,
SI-2025-0546,16,Pass,,
SI-2025-0546,17,Pass,,
SI-2025-0546,18,Pass,,
SI-2025-0546,19,Pass,,
SI-2025-0546,20,Pass,,
SI-2025-0546,21,Pass,,
SI-2025-0546,22,Pass,,
SI-2025-0546,23,Fail,Medium,Statutory notice board at store B out of date
SI-2025-0546,24,Pass,,
SI-2025-0547,1,Pass,,
SI-2025-0547,2,Pass,,
SI-2025-0547,3,NA,,
SI-2025-0547,4,Pass,,
SI-2025-0547,5,Pass,,
SI-2025-0547,6,Pass,,
SI-2025-0547,7,Pass,,
SI-2025-0547,8,Pass,,
SI-2025-0547,9,Pass,,
SI-2025-0547,10,Pass,,
SI-2025-0547,11,Pass,,
SI-2025-0547,12,Pass,,
SI-2025-0547,13,Pass,,
SI-2025-0547,14,Pass,,
SI-2025-0547,15,Fail,Low,Operative without hi-vis near the mezzanine
SI-2025-0547,16,Pass,,
SI-2025-0547,17,Pass,,
SI-2025-0547,18,Pass,,
SI-2025-0547,19,Fail,Low,Untagged stepladder in use at loading bay 6
SI-2025-0547,20,Pass,,
SI-2025-0547,21,Fail,Low,Escape route sign above the yard gate obscured by stock
SI-2025-0547,22,Fail,Low,Walkway markings at the dock office worn and faded
SI-2025-0547,23,Pass,,
SI-2025-0547,24,Pass,,
SI-2025-0548,1,Pass,,
SI-2025-0548,2,Pass,,
SI-2025-0548,3,Fail,Medium,Call point at store B blocked by stored materials
SI-2025-0548,4,Pass,,
SI-2025-0548,5,Pass,,
SI-2025-0548,6,Pass,,
SI-2025-0548,7,Pass,,
SI-2025-0548,8,Pass,,
SI-2025-0548,9,Pass,,
SI-2025-0548,10,Pass,,
SI-2025-0548,11,Pass,,
SI-2025-0548,12,Fail,Medium,Spill kit at loading bay 6 missing absorbent pads
SI-2025-0548,13,Pass,,
SI-2025-0548,14,Pass,,
SI-2025-0548,15,Pass,,
SI-2025-0548,16,Pass,,
SI-2025-0548,17,Pass,,
SI-2025-0548,18,Pass,,
SI-2025-0548,19,Pass,,
SI-2025-0548,20,Pass,,
SI-2025-0548,21,Pass,,
SI-2025-0548,22,Pass,,
SI-2025-0548,23,Pass,,
SI-2025-0548,24,Pass,,
SI-2025-0549,1,Pass,,
SI-2025-0549,2,Pass,,
SI-2025-0549,3,Fail,Low,Call point at the east exit blocked by stored materials
SI-2025-0549,4,Pass,,
SI-2025-0549,5,Pass,,
SI-2025-0549,6,NA,,
SI-2025-0549,7,Pass,,
SI-2025-0549,8,Pass,,
SI-2025-0549,9,Pass,,
SI-2025-0549,10,Pass,,
SI-2025-0549,11,Pass,,
SI-2025-0549,12,Pass,,
SI-2025-0549,13,Pass,,
SI-2025-0549,14,Pass,,
SI-2025-0549,15,Pass,,
SI-2025-0549,16,NA,,
SI-2025-0549,17,Pass,,
SI-2025-0549,18,Fail,High,Overloaded top beam at the east exit
SI-2025-0549,19,Pass,,
SI-2025-0549,20,Pass,,
SI-2025-0549,21,Pass,,
SI-2025-0549,22,Pass,,
SI-2025-0549,23,Pass,,
SI-2025-0549,24,Pass,,
SI-2025-0550,1,Pass,,
SI-2025-0550,2,Fail,Medium,Extinguisher at aisle 4 past its service date
SI-2025-0550,3,Pass,,
SI-2025-0550,4,Pass,,
SI-2025-0550,5,Pass,,
SI-2025-0550,6,Pass,,
SI-2025-0550,7,Pass,,
SI-2025-0550,8,Pass,,
SI-2025-0550,9,Pass,,
SI-2025-0550,10,Pass,,
SI-2025-0550,11,Pass,,
SI-2025-0550,12,Pass,,
SI-2025-0550,13,Pass,,
SI-2025-0550,14,Pass,,
SI-2025-0550,15,Pass,,
SI-2025-0550,16,NA,,
SI-2025-0550,17,Fail,Medium,Racking tag at the main workshop out of date
SI-2025-0550,18,Pass,,
SI-2025-0550,19,Fail,Medium,Untagged stepladder in use at the north stairwell
SI-2025-0550,20,Pass,,
SI-2025-0550,21,Pass,,
SI-2025-0550,22,Pass,,
SI-2025-0550,23,Fail,Medium,Statutory notice board at bay 2 out of date
SI-2025-0550,24,Pass,,
SI-2025-0551,1,Pass,,
SI-2025-0551,2,Pass,,
SI-2025-0551,3,Fail,Low,Call point at the dock office blocked by stored materials
SI-2025-0551,4,Fail,Low,Emergency light at loading bay 6 not illuminating on test
SI-2025-0551,5,Pass,,
SI-2025-0551,6,Pass,,
SI-2025-0551,7,Pass,,
SI-2025-0551,8,Pass,,
SI-2025-0551,9,Pass,,
SI-2025-0551,10,Pass,,
SI-2025-0551,11,Pass,,
SI-2025-0551,12,Pass,,
SI-2025-0551,13,Pass,,
SI-2025-0551,14,Pass,,
SI-2025-0551,15,Pass,,
SI-2025-0551,16,Pass,,
SI-2025-0551,17,Pass,,
SI-2025-0551,18,Pass,,
SI-2025-0551,19,NA,,
SI-2025-0551,20,Pass,,
SI-2025-0551,21,Pass,,
SI-2025-0551,22,Pass,,
SI-2025-0551,23,Pass,,
SI-2025-0551,24,Pass,,
SI-2025-0552,1,Pass,,
SI-2025-0552,2,Fail,Low,Extinguisher at level 2 past its service date
SI-2025-0552,3,Fail,Medium,Call point at the yard gate blocked by stored materials
SI-2025-0552,4,Pass,,
SI-2025-0552,5,Pass,,
SI-2025-0552,6,Pass,,
SI-2025-0552,7,Fail,Low,Damaged extension lead in use at the north stairwell
SI-2025-0552,8,Pass,,
SI-2025-0552,9,Pass,,
SI-2025-0552,10,Pass,,
SI-2025-0552,11,Pass,,
SI-2025-0552,12,Pass,,
SI-2025-0552,13,Pass,,
SI-2025-0552,14,Pass,,
SI-2025-0552,15,Pass,,
SI-2025-0552,16,Pass,,
SI-2025-0552,17,Pass,,
SI-2025-0552,18,Pass,,
SI-2025-0552,19,Pass,,
SI-2025-0552,20,Pass,,
SI-2025-0552,21,Pass,,
SI-2025-0552,22,Pass,,
SI-2025-0552,23,Pass,,
SI-2025-0552,24,Pass,,
SI-2025-0553,1,Pass,,
SI-2025-0553,2,Fail,Low,Extinguisher at aisle 4 past its service date
SI-2025-0553,3,Pass,,
SI-2025-0553,4,Pass,,
SI-2025-0553,5,Pass,,
SI-2025-0553,6,Pass,,
SI-2025-0553,7,Pass,,
SI-2025-0553,8,Pass,,
SI-2025-0553,9,Pass,,
SI-2025-0553,10,NA,,
SI-2025-0553,11,Pass,,
SI-2025-0553,12,Pass,,
SI-2025-0553,13,Pass,,
SI-2025-0553,14,Pass,,
SI-2025-0553,15,Pass,,
SI-2025-0553,16,Pass,,
SI-2025-0553,17,Pass,,
SI-2025-0553,18,Pass,,
SI-2025-0553,19,Pass,,
SI-2025-0553,20,Pass,,
SI-2025-0553,21,Pass,,
SI-2025-0553,22,Pass,,
SI-2025-0553,23,Fail,Low,Statutory notice board at the yard gate out of date
SI-2025-0553,24,Pass,,
SI-2025-0554,1,Pass,,
SI-2025-0554,2,Pass,,
SI-2025-0554,3,Pass,,
SI-2025-0554,4,Pass,,
SI-2025-0554,5,Pass,,
SI-2025-0554,6,Pass,,
SI-2025-0554,7,Pass,,
SI-2025-0554,8,Pass,,
SI-2025-0554,9,Pass,,
SI-2025-0554,10,Fail,Low,Waste bins overflowing at aisle 4
SI-2025-0554,11,Pass,,
SI-2025-0554,12,Pass,,
SI-2025-0554,13,Pass,,
SI-2025-0554,14,Pass,,
SI-2025-0554,15,Pass,,
SI-2025-0554,16,Pass,,
SI-2025-0554,17,Pass,,
SI-2025-0554,18,Pass,,
SI-2025-0554,19,NA,,
SI-2025-0554,20,Pass,,
SI-2025-0554,21,Pass,,
SI-2025-0554,22,Pass,,
SI-2025-0554,23,Pass,,
SI-2025-0554,24,NA,,
SI-2025-0555,1,Pass,,
SI-2025-0555,2,Pass,,
SI-2025-0555,3,Fail,Low,Call point at the dock office blocked by stored materials
SI-2025-0555,4,Pass,,
SI-2025-0555,5,Fail,Low,PAT label at the welfare cabin expired
SI-2025-0555,6,Pass,,
SI-2025-0555,7,Pass,,
SI-2025-0555,8,Pass,,
SI-2025-0555,9,Pass,,
SI-2025-0555,10,Pass,,
SI-2025-0555,11,Pass,,
SI-2025-0555,12,Pass,,
SI-2025-0555,13,Pass,,
SI-2025-0555,14,Pass,,
SI-2025-0555,15,Pass,,
SI-2025-0555,16,Fail,Medium,Welfare room at the east exit without hot water
SI-2025-0555,17,Pass,,
SI-2025-0555,18,Pass,,
SI-2025-0555,19,Pass,,
SI-2025-0555,20,NA,,
SI-2025-0555,21,Pass,,
SI-2025-0555,22,Fail,High,Walkway markings at the mezzanine worn and faded
SI-2025-0555,23,Pass,,
SI-2025-0555,24,Pass,,
SI-2025-0556,1,Pass,,
SI-2025-0556,2,Pass,,
SI-2025-0556,3,Pass,,
SI-2025-0556,4,Pass,,
SI-2025-0556,5,Pass,,
SI-2025-0556,6,Pass,,
SI-2025-0556,7,Pass,,
SI-2025-0556,8,Pass,,
SI-2025-0556,9,Pass,,
SI-2025-0556,10,Pass,,
SI-2025-0556,11,Pass,,
SI-2025-0556,12,Pass,,
SI-2025-0556,13,Pass,,
SI-2025-0556,14,Pass,,
SI-2025-0556,15,Pass,,
SI-2025-0556,16,Pass,,
SI-2025-0556,17,Pass,,
SI-2025-0556,18,Pass,,
SI-2025-0556,19,Pass,,
SI-2025-0556,20,Pass,,
SI-2025-0556,21,Pass,,
SI-2025-0556,22,Pass,,
SI-2025-0556,23,Pass,,
SI-2025-0556,24,Pass,,
SI-2025-0557,1,Pass,,
SI-2025-0557,2,Pass,,
SI-2025-0557,3,Pass,,
SI-2025-0557,4,Pass,,
SI-2025-0557,5,Pass,,
SI-2025-0557,6,Pass,,
SI-2025-0557,7,Pass,,
SI-2025-0557,8,Pass,,
SI-2025-0557,9,Pass,,
SI-2025-0557,10,Pass,,
SI-2025-0557,11,Pass,,
SI-2025-0557,12,Pass,,
SI-2025-0557,13,Pass,,
SI-2025-0557,14,Fail,High,First-aid kit at level 2 missing dressings
SI-2025-0557,15,NA,,
SI-2025-0557,16,Pass,,
SI-2025-0557,17,Pass,,
SI-2025-0557,18,Fail,Medium,Overloaded top beam at the dock office
SI-2025-0557,19,Pass,,
SI-2025-0557,20,Pass,,
SI-2025-0557,21,Pass,,
SI-2025-0557,22,Pass,,
SI-2025-0557,23,Pass,,
SI-2025-0557,24,Pass,,
SI-2025-0558,1,Pass,,
SI-2025-0558,2,Pass,,
SI-2025-0558,3,Pass,,
SI-2025-0558,4,Pass,,
SI-2025-0558,5,Pass,,
SI-2025-0558,6,Pass,,
SI-2025-0558,7,Pass,,
SI-2025-0558,8,Pass,,
SI-2025-0558,9,Pass,,
SI-2025-0558,10,Pass,,
SI-2025-0558,11,Pass,,
SI-2025-0558,12,Pass,,
SI-2025-0558,13,Pass,,
SI-2025-0558,14,Fail,Low,First-aid kit at the mezzanine missing dressings
SI-2025-0558,15,Pass,,
SI-2025-0558,16,Pass,,
SI-2025-0558,17,Pass,,
SI-2025-0558,18,Pass,,
SI-2025-0558,19,Pass,,
SI-2025-0558,20,Pass,,
SI-2025-0558,21,Pass,,
SI-2025-0558,22,Pass,,
SI-2025-0558,23,Pass,,
SI-2025-0558,24,Pass,,
SI-2025-0559,1,Pass,,
SI-2025-0559,2,Pass,,
SI-2025-0559,3,Pass,,
SI-2025-0559,4,Pass,,
SI-2025-0559,5,Pass,,
SI-2025-0559,6,Pass,,
SI-2025-0559,7,Pass,,
SI-2025-0559,8,Pass,,
SI-2025-0559,9,Pass,,
SI-2025-0559,10,NA,,
SI-2025-0559,11,Pass,,
SI-2025-0559,12,Pass,,
SI-2025-0559,13,Pass,,
SI-2025-0559,14,Pass,,
SI-2025-0559,15,Pass,,
SI-2025-0559,16,Pass,,
SI-2025-0559,17,Pass,,
SI-2025-0559,18,Pass,,
SI-2025-0559,19,Pass,,
SI-2025-0559,20,Pass,,
SI-2025-0559,21,Fail,Medium,Escape route sign above the welfare cabin obscured by stock
SI-2025-0559,22,Pass,,
SI-2025-0559,23,Pass,,
SI-2025-0559,24,Fail,Medium,No vehicle warning signage at bay 2 crossing
SI-2026-0001,1,Pass,,
SI-2026-0001,2,Pass,,
SI-2026-0001,3,Pass,,
SI-2026-0001,4,Pass,,
SI-2026-0001,5,Pass,,
SI-2026-0001,6,Pass,,
SI-2026-0001,7,Pass,,
SI-2026-0001,8,Pass,,
SI-2026-0001,9,Fail,Medium,Pallets staged on pedestrian route near aisle 4
SI-2026-0001,10,Pass,,
SI-2026-0001,11,Pass,,
SI-2026-0001,12,Pass,,
SI-2026-0001,13,Pass,,
SI-2026-0001,14,Pass,,
SI-2026-0001,15,Pass,,
SI-2026-0001,16,Pass,,
SI-2026-0001,17,Pass,,
SI-2026-0001,18,Pass,,
SI-2026-0001,19,Pass,,
SI-2026-0001,20,Pass,,
SI-2026-0001,21,Pass,,
SI-2026-0001,22,Fail,Low,Walkway markings at the dock office worn and faded
SI-2026-0001,23,Pass,,
SI-2026-0001,24,Pass,,
SI-2026-0002,1,Pass,,
SI-2026-0002,2,Pass,,
SI-2026-0002,3,Pass,,
SI-2026-0002,4,Pass,,
SI-2026-0002,5,Pass,,
SI-2026-0002,6,Pass,,
SI-2026-0002,7,Pass,,
SI-2026-0002,8,Pass,,
SI-2026-0002,9,Fail,Low,Pallets staged on pedestrian route near the mezzanine
SI-2026-0002,10,Pass,,
SI-2026-0002,11,Pass,,
SI-2026-0002,12,Fail,Low,Spill kit at loading bay 6 missing absorbent pads
SI-2026-0002,13,Pass,,
SI-2026-0002,14,Pass,,
SI-2026-0002,15,Pass,,
SI-2026-0002,16,Fail,Medium,Welfare room at the north stairwell without hot water
SI-2026-0002,17,NA,,
SI-2026-0002,18,Pass,,
SI-2026-0002,19,Pass,,
SI-2026-0002,20,Pass,,
SI-2026-0002,21,Pass,,
SI-2026-0002,22,Pass,,
SI-2026-0002,23,Pass,,
SI-2026-0002,24,Fail,Low,No vehicle warning signage at the mezzanine crossing
SI-2026-0003,1,Pass,,
SI-2026-0003,2,Pass,,
SI-2026-0003,3,Pass,,
SI-2026-0003,4,Pass,,
SI-2026-0003,5,Pass,,
SI-2026-0003,6,Pass,,
SI-2026-0003,7,Pass,,
SI-2026-0003,8,Fail,Low,Isolation switch at bay 2 obstructed
SI-2026-0003,9,Fail,Low,Pallets staged on pedestrian route near the dock office
SI-2026-0003,10,Pass,,
SI-2026-0003,11,Pass,,
SI-2026-0003,12,Pass,,
SI-2026-0003,13,Pass,,
SI-2026-0003,14,Fail,Low,First-aid kit at the mezzanine missing dressings
SI-2026-0003,15,Fail,Low,Operative without hi-vis near the north stairwell
SI-2026-0003,16,Fail,Low,Welfare room at the mezzanine without hot water
SI-2026-0003,17,Pass,,
SI-2026-0003,18,Pass,,
SI-2026-0003,19,Fail,Low,Untagged stepladder in use at the dock office
SI-2026-0003,20,Pass,,
SI-2026-0003,21,Pass,,
SI-2026-0003,22,Fail,Medium,Walkway markings at aisle 4 worn and faded
SI-2026-0003,23,Pass,,
SI-2026-0003,24,Pass,,
SI-2026-0004,1,Pass,,
SI-2026-0004,2,Pass,,
SI-2026-0004,3,Fail,Medium,Call point at level 2 blocked by stored materials
SI-2026-0004,4,Pass,,
SI-2026-0004,5,Pass,,
SI-2026-0004,6,Pass,,
SI-2026-0004,7,Pass,,
SI-2026-0004,8,Pass,,
SI-2026-0004,9,Pass,,
SI-2026-0004,10,Pass,,
SI-2026-0004,11,Pass,,
SI-2026-0004,12,Pass,,
SI-2026-0004,13,Pass,,
SI-2026-0004,14,Pass,,
SI-2026-0004,15,Pass,,
SI-2026-0004,16,Pass,,
SI-2026-0004,17,Pass,,
SI-2026-0004,18,Pass,,
SI-2026-0004,19,Pass,,
SI-2026-0004,20,Pass,,
SI-2026-0004,21,Pass,,
SI-2026-0004,22,Fail,Medium,Walkway markings at the yard gate worn and faded
SI-2026-0004,23,Pass,,
SI-2026-0004,24,Fail,Low,No vehicle warning signage at the dock office crossing
SI-2026-0005,1,Pass,,
SI-2026-0005,2,Pass,,
SI-2026-0005,3,Pass,,
SI-2026-0005,4,Pass,,
SI-2026-0005,5,Pass,,
SI-2026-0005,6,Pass,,
SI-2026-0005,7,Pass,,
SI-2026-0005,8,Pass,,
SI-2026-0005,9,Pass,,
SI-2026-0005,10,Fail,Medium,Waste bins overflowing at the welfare cabin
SI-2026-0005,11,Pass,,
SI-2026-0005,12,Pass,,
SI-2026-0005,13,Pass,,
SI-2026-0005,14,Pass,,
SI-2026-0005,15,Pass,,
SI-2026-0005,16,Fail,Low,Welfare room at the mezzanine without hot water
SI-2026-0005,17,Pass,,
SI-2026-0005,18,Pass,,
SI-2026-0005,19,Pass,,
SI-2026-0005,20,Pass,,
SI-2026-0005,21,Pass,,
SI-2026-0005,22,Pass,,
SI-2026-0005,23,Pass,,
SI-2026-0005,24,Pass,,
SI-2026-0006,1,Pass,,
SI-2026-0006,2,Fail,Medium,Extinguisher at loading bay 6 past its service date
SI-2026-0006,3,Pass,,
SI-2026-0006,4,Pass,,
SI-2026-0006,5,Pass,,
SI-2026-0006,6,Pass,,
SI-2026-0006,7,Pass,,
SI-2026-0006,8,Fail,Low,Isolation switch at the yard gate obstructed
SI-2026-0006,9,Fail,Medium,Pallets staged on pedestrian route near the mezzanine
SI-2026-0006,10,Pass,,
SI-2026-0006,11,Pass,,
SI-2026-0006,12,Pass,,
SI-2026-0006,13,Pass,,
SI-2026-0006,14,Pass,,
SI-2026-0006,15,Pass,,
SI-2026-0006,16,Fail,Medium,Welfare room at level 2 without hot water
SI-2026-0006,17,Pass,,
SI-2026-0006,18,Pass,,
SI-2026-0006,19,Pass,,
SI-2026-0006,20,Pass,,
SI-2026-0006,21,Pass,,
SI-2026-0006,22,Fail,High,Walkway markings at the main workshop worn and faded
SI-2026-0006,23,Pass,,
SI-2026-0006,24,Pass,,
SI-2026-0007,1,Pass,,
SI-2026-0007,2,Fail,Low,Extinguisher at the east exit past its service date
SI-2026-0007,3,Fail,Low,Call point at store B blocked by stored materials
SI-2026-0007,4,Pass,,
SI-2026-0007,5,Pass,,
SI-2026-0007,6,Pass,,
SI-2026-0007,7,Fail,Low,Damaged extension lead in use at the yard gate
SI-2026-0007,8,Pass,,
SI-2026-0007,9,Pass,,
SI-2026-0007,10,Pass,,
SI-2026-0007,11,Fail,Medium,Work bench at the yard gate cluttered with offcuts
SI-2026-0007,12,Pass,,
SI-2026-0007,13,NA,,
SI-2026-0007,14,Pass,,
SI-2026-0007,15,Pass,,
SI-2026-0007,16,Pass,,
SI-2026-0007,17,Pass,,
SI-2026-0007,18,Pass,,
SI-2026-0007,19,Pass,,
SI-2026-0007,20,Pass,,
SI-2026-0007,21,Pass,,
SI-2026-0007,22,Pass,,
SI-2026-0007,23,Pass,,
SI-2026-0007,24,NA,,
SI-2026-0008,1,Pass,,
SI-2026-0008,2,Pass,,
SI-2026-0008,3,Pass,,
SI-2026-0008,4,Pass,,
SI-2026-0008,5,Pass,,
SI-2026-0008,6,Pass,,
SI-2026-0008,7,NA,,
SI-2026-0008,8,Pass,,
SI-2026-0008,9,Pass,,
SI-2026-0008,10,Pass,,
SI-2026-0008,11,Pass,,
SI-2026-0008,12,Fail,Low,Spill kit at the yard gate missing absorbent pads
SI-2026-0008,13,Pass,,
SI-2026-0008,14,Fail,Low,First-aid kit at the north stairwell missing dressings
SI-2026-0008,15,Pass,,
SI-2026-0008,16,Pass,,
SI-2026-0008,17,Pass,,
SI-2026-0008,18,Pass,,
SI-2026-0008,19,Pass,,
SI-2026-0008,20,Pass,,
SI-2026-0008,21,Pass,,
SI-2026-0008,22,Pass,,
SI-2026-0008,23,Fail,Low,Statutory notice board at the mezzanine out of date
SI-2026-0008,24,NA,,
SI-2026-0009,1,Pass,,
SI-2026-0009,2,Pass,,
SI-2026-0009,3,Fail,Low,Call point at level 2 blocked by stored materials
SI-2026-0009,4,Fail,Low,Emergency light at the dock office not illuminating on test
SI-2026-0009,5,Pass,,
SI-2026-0009,6,Pass,,
SI-2026-0009,7,Fail,Medium,Damaged extension lead in use at the north stairwell
SI-2026-0009,8,Pass,,
SI-2026-0009,9,Pass,,
SI-2026-0009,10,Pass,,
SI-2026-0009,11,Pass,,
SI-2026-0009,12,Pass,,
SI-2026-0009,13,Fail,Low,Eye-wash bottle at the dock office past expiry
SI-2026-0009,14,Pass,,
SI-2026-0009,15,Pass,,
SI-2026-0009,16,Fail,Medium,Welfare room at store B without hot water
SI-2026-0009,17,Pass,,
SI-2026-0009,18,Fail,Medium,Overloaded top beam at bay 2
SI-2026-0009,19,Pass,,
SI-2026-0009,20,Pass,,
SI-2026-0009,21,Pass,,
SI-2026-0009,22,Pass,,
SI-2026-0009,23,Pass,,
SI-2026-0009,24,Pass,,
SI-2026-0010,1,Pass,,
SI-2026-0010,2,Pass,,
SI-2026-0010,3,Pass,,
SI-2026-0010,4,NA,,
SI-2026-0010,5,Pass,,
SI-2026-0010,6,NA,,
SI-2026-0010,7,Pass,,
SI-2026-0010,8,Pass,,
SI-2026-0010,9,Pass,,
SI-2026-0010,10,Pass,,
SI-2026-0010,11,Pass,,
SI-2026-0010,12,Pass,,
SI-2026-0010,13,Fail,Medium,Eye-wash bottle at the welfare cabin past expiry
SI-2026-0010,14,Pass,,
SI-2026-0010,15,Fail,Medium,Operative without hi-vis near bay 2
SI-2026-0010,16,Pass,,
SI-2026-0010,17,Pass,,
SI-2026-0010,18,Pass,,
SI-2026-0010,19,Pass,,
SI-2026-0010,20,Pass,,
SI-2026-0010,21,Pass,,
SI-2026-0010,22,Pass,,
SI-2026-0010,23,Pass,,
SI-2026-0010,24,Pass,,
SI-2026-0011,1,Pass,,
SI-2026-0011,2,Pass,,
SI-2026-0011,3,NA,,
SI-2026-0011,4,Pass,,
SI-2026-0011,5,Pass,,
SI-2026-0011,6,Pass,,
SI-2026-0011,7,Pass,,
SI-2026-0011,8,Pass,,
SI-2026-0011,9,Pass,,
SI-2026-0011,10,NA,,
SI-2026-0011,11,Pass,,
SI-2026-0011,12,Pass,,
SI-2026-0011,13,Pass,,
SI-2026-0011,14,Pass,,
SI-2026-0011,15,Pass,,
SI-2026-0011,16,Pass,,
SI-2026-0011,17,Pass,,
SI-2026-0011,18,Fail,Low,Overloaded top beam at aisle 4
SI-2026-0011,19,Fail,Medium,Untagged stepladder in use at level 2
SI-2026-0011,20,Pass,,
SI-2026-0011,21,Fail,Low,Escape route sign above the welfare cabin obscured by stock
SI-2026-0011,22,Pass,,
SI-2026-0011,23,Pass,,
SI-2026-0011,24,Pass,,
SI-2026-0012,1,Pass,,
SI-2026-0012,2,Pass,,
SI-2026-0012,3,Pass,,
SI-2026-0012,4,Pass,,
SI-2026-0012,5,Pass,,
SI-2026-0012,6,Pass,,
SI-2026-0012,7,Pass,,
SI-2026-0012,8,Pass,,
SI-2026-0012,9,Pass,,
SI-2026-0012,10,Pass,,
SI-2026-0012,11,Pass,,
SI-2026-0012,12,Pass,,
SI-2026-0012,13,Pass,,
SI-2026-0012,14,Pass,,
SI-2026-0012,15,Pass,,
SI-2026-0012,16,Pass,,
SI-2026-0012,17,Pass,,
SI-2026-0012,18,Pass,,
SI-2026-0012,19,Pass,,
SI-2026-0012,20,Pass,,
SI-2026-0012,21,Pass,,
SI-2026-0012,22,Pass,,
SI-2026-0012,23,Pass,,
SI-2026-0012,24,Fail,Medium,No vehicle warning signage at aisle 4 crossing
SI-2026-0013,1,Pass,,
SI-2026-0013,2,Pass,,
SI-2026-0013,3,Pass,,
SI-2026-0013,4,Pass,,
SI-2026-0013,5,Pass,,
SI-2026-0013,6,Pass,,
SI-2026-0013,7,Pass,,
SI-2026-0013,8,Pass,,
SI-2026-0013,9,Pass,,
SI-2026-0013,10,Pass,,
SI-2026-0013,11,Pass,,
SI-2026-0013,12,Pass,,
SI-2026-0013,13,Pass,,
SI-2026-0013,14,Pass,,
SI-2026-0013,15,Pass,,
SI-2026-0013,16,Pass,,
SI-2026-0013,17,Pass,,
SI-2026-0013,18,Pass,,
SI-2026-0013,19,Pass,,
SI-2026-0013,20,Fail,Low,COSHH register at store B not updated this quarter
SI-2026-0013,21,Pass,,
SI-2026-0013,22,Pass,,
SI-2026-0013,23,Pass,,
SI-2026-0013,24,Pass,,
SI-2026-0014,1,Pass,,
SI-2026-0014,2,Pass,,
SI-2026-0014,3,Pass,,
SI-2026-0014,4,Pass,,
SI-2026-0014,5,Pass,,
SI-2026-0014,6,Fail,Medium,Distribution board at level 2 left open and unlabelled
SI-2026-0014,7,Pass,,
SI-2026-0014,8,Pass,,
SI-2026-0014,9,Pass,,
SI-2026-0014,10,Pass,,
SI-2026-0014,11,Pass,,
SI-2026-0014,12,Pass,,
SI-2026-0014,13,NA,,
SI-2026-0014,14,Pass,,
SI-2026-0014,15,Pass,,
SI-2026-0014,16,Pass,,
SI-2026-0014,17,Pass,,
SI-2026-0014,18,Pass,,
SI-2026-0014,19,Pass,,
SI-2026-0014,20,Pass,,
SI-2026-0014,21,Pass,,
SI-2026-0014,22,Pass,,
SI-2026-0014,23,Pass,,
SI-2026-0014,24,Pass,,
SI-2026-0015,1,NA,,
SI-2026-0015,2,Pass,,
SI-2026-0015,3,NA,,
SI-2026-0015,4,Pass,,
SI-2026-0015,5,Pass,,
SI-2026-0015,6,Pass,,
SI-2026-0015,7,Pass,,
SI-2026-0015,8,Pass,,
SI-2026-0015,9,Pass,,
SI-2026-0015,10,Pass,,
SI-2026-0015,11,Pass,,
SI-2026-0015,12,Pass,,
SI-2026-0015,13,Pass,,
SI-2026-0015,14,Pass,,
SI-2026-0015,15,Fail,Low,Operative without hi-vis near store B
SI-2026-0015,16,Pass,,
SI-2026-0015,17,Pass,,
SI-2026-0015,18,Pass,,
SI-2026-0015,19,Pass,,
SI-2026-0015,20,Pass,,
SI-2026-0015,21,Pass,,
SI-2026-0015,22,Pass,,
SI-2026-0015,23,Pass,,
SI-2026-0015,24,Pass,,
SI-2026-0016,1,Pass,,
SI-2026-0016,2,Pass,,
SI-2026-0016,3,Pass,,
SI-2026-0016,4,Pass,,
SI-2026-0016,5,Pass,,
SI-2026-0016,6,Pass,,
SI-2026-0016,7,Fail,High,Damaged extension lead in use at bay 2
SI-2026-0016,8,Pass,,
SI-2026-0016,9,Pass,,
SI-2026-0016,10,Pass,,
SI-2026-0016,11,Pass,,
SI-2026-0016,12,Pass,,
SI-2026-0016,13,Pass,,
SI-2026-0016,14,Pass,,
SI-2026-0016,15,Pass,,
SI-2026-0016,16,Pass,,
SI-2026-0016,17,Pass,,
SI-2026-0016,18,Pass,,
SI-2026-0016,19,Pass,,
SI-2026-0016,20,Fail,Medium,COSHH register at the north stairwell not updated this quarter
SI-2026-0016,21,Pass,,
SI-2026-0016,22,Pass,,
SI-2026-0016,23,Pass,,
SI-2026-0016,24,Pass,,
SI-2026-0017,1,Pass,,
SI-2026-0017,2,Pass,,
SI-2026-0017,3,Pass,,
SI-2026-0017,4,Pass,,
SI-2026-0017,5,Pass,,
SI-2026-0017,6,Pass,,
SI-2026-0017,7,Pass,,
SI-2026-0017,8,Pass,,
SI-2026-0017,9,Fail,Low,Pallets staged on pedestrian route near loading bay 6
SI-2026-0017,10,Pass,,
SI-2026-0017,11,Pass,,
SI-2026-0017,12,Pass,,
SI-2026-0017,13,Pass,,
SI-2026-0017,14,Pass,,
SI-2026-0017,15,NA,,
SI-2026-0017,16,Fail,Low,Welfare room at aisle 4 without hot water
SI-2026-0017,17,Pass,,
SI-2026-0017,18,Pass,,
SI-2026-0017,19,Pass,,
SI-2026-0017,20,Pass,,
SI-2026-0017,21,Pass,,
SI-2026-0017,22,Pass,,
SI-2026-0017,23,Pass,,
SI-2026-0017,24,Pass,,
SI-2026-0018,1,NA,,
SI-2026-0018,2,Pass,,
SI-2026-0018,3,Pass,,
SI-2026-0018,4,Pass,,
SI-2026-0018,5,Pass,,
SI-2026-0018,6,Pass,,
SI-2026-0018,7,NA,,
SI-2026-0018,8,Pass,,
SI-2026-0018,9,Fail,Medium,Pallets staged on pedestrian route near the welfare cabin
SI-2026-0018,10,Pass,,
SI-2026-0018,11,NA,,
SI-2026-0018,12,Pass,,
SI-2026-0018,13,Pass,,
SI-2026-0018,14,Pass,,
SI-2026-0018,15,Pass,,
SI-2026-0018,16,Pass,,
SI-2026-0018,17,Pass,,
SI-2026-0018,18,Pass,,
SI-2026-0018,19,Pass,,
SI-2026-0018,20,Pass,,
SI-2026-0018,21,Pass,,
SI-2026-0018,22,Pass,,
SI-2026-0018,23,Pass,,
SI-2026-0018,24,Fail,Low,No vehicle warning signage at store B crossing
SI-2026-0019,1,Pass,,
SI-2026-0019,2,NA,,
SI-2026-0019,3,Pass,,
SI-2026-0019,4,Pass,,
SI-2026-0019,5,Pass,,
SI-2026-0019,6,Fail,Low,Distribution board at aisle 4 left open and unlabelled
SI-2026-0019,7,Pass,,
SI-2026-0019,8,Pass,,
SI-2026-0019,9,Pass,,
SI-2026-0019,10,Pass,,
SI-2026-0019,11,Pass,,
SI-2026-0019,12,Pass,,
SI-2026-0019,13,Pass,,
SI-2026-0019,14,Pass,,
SI-2026-0019,15,Pass,,
SI-2026-0019,16,Pass,,
SI-2026-0019,17,Pass,,
SI-2026-0019,18,Pass,,
SI-2026-0019,19,Pass,,
SI-2026-0019,20,Pass,,
SI-2026-0019,21,Pass,,
SI-2026-0019,22,Pass,,
SI-2026-0019,23,Pass,,
SI-2026-0019,24,Pass,,
SI-2026-0020,1,Fail,Medium,Fire door at the welfare cabin catches on frame and does not latch
SI-2026-0020,2,Pass,,
SI-2026-0020,3,Pass,,
SI-2026-0020,4,Fail,Medium,Emergency light at the dock office not illuminating on test
SI-2026-0020,5,Pass,,
SI-2026-0020,6,Pass,,
SI-2026-0020,7,Pass,,
SI-2026-0020,8,Pass,,
SI-2026-0020,9,Pass,,
SI-2026-0020,10,Pass,,
SI-2026-0020,11,Pass,,
SI-2026-0020,12,Fail,Low,Spill kit at loading bay 6 missing absorbent pads
SI-2026-0020,13,Pass,,
SI-2026-0020,14,Fail,Medium,First-aid kit at aisle 4 missing dressings
SI-2026-0020,15,Fail,Medium,Operative without hi-vis near the mezzanine
SI-2026-0020,16,Pass,,
SI-2026-0020,17,Pass,,
SI-2026-0020,18,Pass,,
SI-2026-0020,19,Pass,,
SI-2026-0020,20,Pass,,
SI-2026-0020,21,Pass,,
SI-2026-0020,22,Pass,,
SI-2026-0020,23,Pass,,
SI-2026-0020,24,Pass,,
SI-2026-0021,1,Pass,,
SI-2026-0021,2,Pass,,
SI-2026-0021,3,Pass,,
SI-2026-0021,4,Fail,High,Emergency light at the dock office not illuminating on test
SI-2026-0021,5,Pass,,
SI-2026-0021,6,Pass,,
SI-2026-0021,7,NA,,
SI-2026-0021,8,Pass,,
SI-2026-0021,9,Pass,,
SI-2026-0021,10,Pass,,
SI-2026-0021,11,Pass,,
SI-2026-0021,12,Pass,,
SI-2026-0021,13,NA,,
SI-2026-0021,14,Pass,,
SI-2026-0021,15,Fail,Low,Operative without hi-vis near the dock office
SI-2026-0021,16,Pass,,
SI-2026-0021,17,Pass,,
SI-2026-0021,18,Fail,Low,Overloaded top beam at the main workshop
SI-2026-0021,19,Pass,,
SI-2026-0021,20,Pass,,
SI-2026-0021,21,Pass,,
SI-2026-0021,22,Pass,,
SI-2026-0021,23,Pass,,
SI-2026-0021,24,Fail,Low,No vehicle warning signage at the dock office crossing
SI-2026-0022,1,Fail,Low,Fire door at level 2 catches on frame and does not latch
SI-2026-0022,2,Pass,,
SI-2026-0022,3,Pass,,
SI-2026-0022,4,Fail,Low,Emergency light at the main workshop not illuminating on test
SI-2026-0022,5,Pass,,
SI-2026-0022,6,Pass,,
SI-2026-0022,7,Fail,Low,Damaged extension lead in use at the mezzanine
SI-2026-0022,8,Pass,,
SI-2026-0022,9,Pass,,
SI-2026-0022,10,Pass,,
SI-2026-0022,11,Pass,,
SI-2026-0022,12,Pass,,
SI-2026-0022,13,NA,,
SI-2026-0022,14,Pass,,
SI-2026-0022,15,Pass,,
SI-2026-0022,16,Pass,,
SI-2026-0022,17,Pass,,
SI-2026-0022,18,Pass,,
SI-2026-0022,19,Pass,,
SI-2026-0022,20,Pass,,
SI-2026-0022,21,Pass,,
SI-2026-0022,22,Pass,,
SI-2026-0022,23,Pass,,
SI-2026-0022,24,Pass,,
SI-2026-0023,1,Pass,,
SI-2026-0023,2,Pass,,
SI-2026-0023,3,Pass,,
SI-2026-0023,4,Pass,,
SI-2026-0023,5,Pass,,
SI-2026-0023,6,Pass,,
SI-2026-0023,7,Pass,,
SI-2026-0023,8,Pass,,
SI-2026-0023,9,Pass,,
SI-2026-0023,10,Fail,Low,Waste bins overflowing at level 2
SI-2026-0023,11,Pass,,
SI-2026-0023,12,Pass,,
SI-2026-0023,13,Pass,,
SI-2026-0023,14,Pass,,
SI-2026-0023,15,Pass,,
SI-2026-0023,16,Pass,,
SI-2026-0023,17,Pass,,
SI-2026-0023,18,Pass,,
SI-2026-0023,19,Pass,,
SI-2026-0023,20,Pass,,
SI-2026-0023,21,Pass,,
SI-2026-0023,22,Fail,High,Walkway markings at the yard gate worn and faded
SI-2026-0023,23,Fail,Low,Statutory notice board at the welfare cabin out of date
SI-2026-0023,24,Pass,,
SI-2026-0024,1,Fail,Low,Fire door at level 2 catches on frame and does not latch
SI-2026-0024,2,Pass,,
SI-2026-0024,3,Pass,,
SI-2026-0024,4,Pass,,
SI-2026-0024,5,Pass,,
SI-2026-0024,6,Pass,,
SI-2026-0024,7,Pass,,
SI-2026-0024,8,Pass,,
SI-2026-0024,9,Pass,,
SI-2026-0024,10,Fail,Medium,Waste bins overflowing at the main workshop
SI-2026-0024,11,Pass,,
SI-2026-0024,12,Pass,,
SI-2026-0024,13,Pass,,
SI-2026-0024,14,Pass,,
SI-2026-0024,15,Pass,,
SI-2026-0024,16,Pass,,
SI-2026-0024,17,Pass,,
SI-2026-0024,18,Pass,,
SI-2026-0024,19,Pass,,
SI-2026-0024,20,Pass,,
SI-2026-0024,21,Pass,,
SI-2026-0024,22,Pass,,
SI-2026-0024,23,Pass,,
SI-2026-0024,24,Pass,,
SI-2026-0025,1,Pass,,
SI-2026-0025,2,Fail,Low,Extinguisher at the east exit past its service date
SI-2026-0025,3,Pass,,
SI-2026-0025,4,Pass,,
SI-2026-0025,5,Pass,,
SI-2026-0025,6,Pass,,
SI-2026-0025,7,Pass,,
SI-2026-0025,8,Fail,Low,Isolation switch at the dock office obstructed
SI-2026-0025,9,Pass,,
SI-2026-0025,10,Fail,Low,Waste bins overflowing at the mezzanine
SI-2026-0025,11,Fail,Medium,Work bench at the north stairwell cluttered with offcuts
SI-2026-0025,12,Pass,,
SI-2026-0025,13,Pass,,
SI-2026-0025,14,Fail,Medium,First-aid kit at the yard gate missing dressings
SI-2026-0025,15,Pass,,
SI-2026-0025,16,Pass,,
SI-2026-0025,17,Fail,High,Racking tag at the dock office out of date
SI-2026-0025,18,Pass,,
SI-2026-0025,19,Pass,,
SI-2026-0025,20,Pass,,
SI-2026-0025,21,Pass,,
SI-2026-0025,22,Fail,Low,Walkway markings at the yard gate worn and faded
SI-2026-0025,23,Pass,,
SI-2026-0025,24,Pass,,
SI-2026-0026,1,Pass,,
SI-2026-0026,2,Pass,,
SI-2026-0026,3,Pass,,
SI-2026-0026,4,Pass,,
SI-2026-0026,5,Pass,,
SI-2026-0026,6,Pass,,
SI-2026-0026,7,Pass,,
SI-2026-0026,8,Pass,,
SI-2026-0026,9,Pass,,
SI-2026-0026,10,Pass,,
SI-2026-0026,11,Pass,,
SI-2026-0026,12,Pass,,
SI-2026-0026,13,Pass,,
SI-2026-0026,14,Pass,,
SI-2026-0026,15,Pass,,
SI-2026-0026,16,Pass,,
SI-2026-0026,17,Pass,,
SI-2026-0026,18,Pass,,
SI-2026-0026,19,Pass,,
SI-2026-0026,20,Pass,,
SI-2026-0026,21,Pass,,
SI-2026-0026,22,Fail,High,Walkway markings at bay 2 worn and faded
SI-2026-0026,23,Pass,,
SI-2026-0026,24,Pass,,
SI-2026-0027,1,Pass,,
SI-2026-0027,2,Pass,,
SI-2026-0027,3,Pass,,
SI-2026-0027,4,Pass,,
SI-2026-0027,5,Pass,,
SI-2026-0027,6,Pass,,
SI-2026-0027,7,Pass,,
SI-2026-0027,8,Pass,,
SI-2026-0027,9,Pass,,
SI-2026-0027,10,Pass,,
SI-2026-0027,11,Pass,,
SI-2026-0027,12,Pass,,
SI-2026-0027,13,Pass,,
SI-2026-0027,14,Pass,,
SI-2026-0027,15,Pass,,
SI-2026-0027,16,Fail,Low,Welfare room at aisle 4 without hot water
SI-2026-0027,17,Pass,,
SI-2026-0027,18,Pass,,
SI-2026-0027,19,Pass,,
SI-2026-0027,20,Pass,,
SI-2026-0027,21,Pass,,
SI-2026-0027,22,Pass,,
SI-2026-0027,23,Pass,,
SI-2026-0027,24,Fail,Medium,No vehicle warning signage at aisle 4 crossing
SI-2026-0028,1,Pass,,
SI-2026-0028,2,Pass,,
SI-2026-0028,3,Pass,,
SI-2026-0028,4,Pass,,
SI-2026-0028,5,Pass,,
SI-2026-0028,6,Fail,Low,Distribution board at the yard gate left open and unlabelled
SI-2026-0028,7,Pass,,
SI-2026-0028,8,Pass,,
SI-2026-0028,9,Pass,,
SI-2026-0028,10,Pass,,
SI-2026-0028,11,Pass,,
SI-2026-0028,12,Pass,,
SI-2026-0028,13,Pass,,
SI-2026-0028,14,Pass,,
SI-2026-0028,15,Pass,,
SI-2026-0028,16,Pass,,
SI-2026-0028,17,Pass,,
SI-2026-0028,18,Pass,,
SI-2026-0028,19,Pass,,
SI-2026-0028,20,Pass,,
SI-2026-0028,21,Pass,,
SI-2026-0028,22,Pass,,
SI-2026-0028,23,Pass,,
SI-2026-0028,24,Pass,,
SI-2026-0029,1,Pass,,
SI-2026-0029,2,Pass,,
SI-2026-0029,3,Pass,,
SI-2026-0029,4,Pass,,
SI-2026-0029,5,Fail,Medium,PAT label at aisle 4 expired
SI-2026-0029,6,Pass,,
SI-2026-0029,7,Pass,,
SI-2026-0029,8,Pass,,
SI-2026-0029,9,Pass,,
SI-2026-0029,10,Pass,,
SI-2026-0029,11,Pass,,
SI-2026-0029,12,Pass,,
SI-2026-0029,13,Pass,,
SI-2026-0029,14,Pass,,
SI-2026-0029,15,Pass,,
SI-2026-0029,16,Pass,,
SI-2026-0029,17,Pass,,
SI-2026-0029,18,Pass,,
SI-2026-0029,19,Pass,,
SI-2026-0029,20,Pass,,
SI-2026-0029,21,Fail,Medium,Escape route sign above the main workshop obscured by stock
SI-2026-0029,22,Fail,Medium,Walkway markings at bay 2 worn and faded
SI-2026-0029,23,Pass,,
SI-2026-0029,24,Pass,,
SI-2026-0030,1,Pass,,
SI-2026-0030,2,Pass,,
SI-2026-0030,3,Pass,,
SI-2026-0030,4,Pass,,
SI-2026-0030,5,Pass,,
SI-2026-0030,6,Pass,,
SI-2026-0030,7,Pass,,
SI-2026-0030,8,Pass,,
SI-2026-0030,9,Pass,,
SI-2026-0030,10,Pass,,
SI-2026-0030,11,Pass,,
SI-2026-0030,12,Fail,Medium,Spill kit at store B missing absorbent pads
SI-2026-0030,13,Pass,,
SI-2026-0030,14,Fail,Medium,First-aid kit at the north stairwell missing dressings
SI-2026-0030,15,Pass,,
SI-2026-0030,16,Pass,,
SI-2026-0030,17,Pass,,
SI-2026-0030,18,Pass,,
SI-2026-0030,19,Pass,,
SI-2026-0030,20,Pass,,
SI-2026-0030,21,Pass,,
SI-2026-0030,22,Fail,Low,Walkway markings at the main workshop worn and faded
SI-2026-0030,23,Pass,,
SI-2026-0030,24,Pass,,
SI-2026-0031,1,Pass,,
SI-2026-0031,2,Fail,Medium,Extinguisher at store B past its service date
SI-2026-0031,3,Pass,,
SI-2026-0031,4,Pass,,
SI-2026-0031,5,Pass,,
SI-2026-0031,6,Pass,,
SI-2026-0031,7,Pass,,
SI-2026-0031,8,Pass,,
SI-2026-0031,9,Pass,,
SI-2026-0031,10,Pass,,
SI-2026-0031,11,Pass,,
SI-2026-0031,12,Pass,,
SI-2026-0031,13,Pass,,
SI-2026-0031,14,Pass,,
SI-2026-0031,15,Pass,,
SI-2026-0031,16,Pass,,
SI-2026-0031,17,Pass,,
SI-2026-0031,18,NA,,
SI-2026-0031,19,Pass,,
SI-2026-0031,20,Pass,,
SI-2026-0031,21,Pass,,
SI-2026-0031,22,Pass,,
SI-2026-0031,23,Pass,,
SI-2026-0031,24,Pass,,
SI-2026-0032,1,Pass,,
SI-2026-0032,2,Pass,,
SI-2026-0032,3,Fail,Low,Call point at the north stairwell blocked by stored materials
SI-2026-0032,4,Pass,,
SI-2026-0032,5,Pass,,
SI-2026-0032,6,Pass,,
SI-2026-0032,7,Pass,,
SI-2026-0032,8,Pass,,
SI-2026-0032,9,NA,,
SI-2026-0032,10,Pass,,
SI-2026-0032,11,Pass,,
SI-2026-0032,12,Pass,,
SI-2026-0032,13,Fail,Low,Eye-wash bottle at the main workshop past expiry
SI-2026-0032,14,Pass,,
SI-2026-0032,15,Pass,,
SI-2026-0032,16,Pass,,
SI-2026-0032,17,Pass,,
SI-2026-0032,18,Pass,,
SI-2026-0032,19,Pass,,
SI-2026-0032,20,Pass,,
SI-2026-0032,21,Pass,,
SI-2026-0032,22,Pass,,
SI-2026-0032,23,Pass,,
SI-2026-0032,24,Pass,,
SI-2026-0033,1,Pass,,
SI-2026-0033,2,Pass,,
SI-2026-0033,3,NA,,
SI-2026-0033,4,Pass,,
SI-2026-0033,5,Pass,,
SI-2026-0033,6,Pass,,
SI-2026-0033,7,Pass,,
SI-2026-0033,8,Pass,,
SI-2026-0033,9,Pass,,
SI-2026-0033,10,Fail,Low,Waste bins overflowing at the main workshop
SI-2026-0033,11,Fail,High,Work bench at bay 2 cluttered with offcuts
SI-2026-0033,12,Fail,Low,Spill kit at the north stairwell missing absorbent pads
SI-2026-0033,13,Pass,,
SI-2026-0033,14,Pass,,
SI-2026-0033,15,Pass,,
SI-2026-0033,16,NA,,
SI-2026-0033,17,Pass,,
SI-2026-0033,18,Fail,Medium,Overloaded top beam at the welfare cabin
SI-2026-0033,19,Pass,,
SI-2026-0033,20,Pass,,
SI-2026-0033,21,Pass,,
SI-2026-0033,22,Pass,,
SI-2026-0033,23,NA,,
SI-2026-0033,24,Pass,,
SI-2026-0034,1,Pass,,
SI-2026-0034,2,Pass,,
SI-2026-0034,3,Fail,Medium,Call point at store B blocked by stored materials
SI-2026-0034,4,Pass,,
SI-2026-0034,5,Pass,,
SI-2026-0034,6,Pass,,
SI-2026-0034,7,Pass,,
SI-2026-0034,8,Pass,,
SI-2026-0034,9,Pass,,
SI-2026-0034,10,Pass,,
SI-2026-0034,11,Pass,,
SI-2026-0034,12,Pass,,
SI-2026-0034,13,Pass,,
SI-2026-0034,14,Fail,Low,First-aid kit at the east exit missing dressings
SI-2026-0034,15,Pass,,
SI-2026-0034,16,Pass,,
SI-2026-0034,17,Fail,Medium,Racking tag at the yard gate out of date
SI-2026-0034,18,Pass,,
SI-2026-0034,19,Pass,,
SI-2026-0034,20,Pass,,
SI-2026-0034,21,Pass,,
SI-2026-0034,22,Pass,,
SI-2026-0034,23,Pass,,
SI-2026-0034,24,Pass,,
SI-2026-0035,1,Pass,,
SI-2026-0035,2,Pass,,
SI-2026-0035,3,Pass,,
SI-2026-0035,4,Pass,,
SI-2026-0035,5,Pass,,
SI-2026-0035,6,Pass,,
SI-2026-0035,7,Fail,Low,Damaged extension lead in use at the main workshop
SI-2026-0035,8,Pass,,
SI-2026-0035,9,Pass,,
SI-2026-0035,10,Pass,,
SI-2026-0035,11,Pass,,
SI-2026-0035,12,Pass,,
SI-2026-0035,13,Pass,,
SI-2026-0035,14,Pass,,
SI-2026-0035,15,Pass,,
SI-2026-0035,16,Fail,Low,Welfare room at level 2 without hot water
SI-2026-0035,17,NA,,
SI-2026-0035,18,Pass,,
SI-2026-0035,19,Pass,,
SI-2026-0035,20,NA,,
SI-2026-0035,21,Pass,,
SI-2026-0035,22,Pass,,
SI-2026-0035,23,Pass,,
SI-2026-0035,24,Pass,,
SI-2026-0036,1,Pass,,
SI-2026-0036,2,Pass,,
SI-2026-0036,3,Pass,,
SI-2026-0036,4,Fail,Low,Emergency light at the north stairwell not illuminating on test
SI-2026-0036,5,Pass,,
SI-2026-0036,6,Pass,,
SI-2026-0036,7,Pass,,
SI-2026-0036,8,Pass,,
SI-2026-0036,9,Pass,,
SI-2026-0036,10,Pass,,
SI-2026-0036,11,Fail,High,Work bench at the dock office cluttered with offcuts
SI-2026-0036,12,Pass,,
SI-2026-0036,13,Pass,,
SI-2026-0036,14,Pass,,
SI-2026-0036,15,Pass,,
SI-2026-0036,16,Pass,,
SI-2026-0036,17,Pass,,
SI-2026-0036,18,Pass,,
SI-2026-0036,19,Pass,,
SI-2026-0036,20,Pass,,
SI-2026-0036,21,Pass,,
SI-2026-0036,22,Pass,,
SI-2026-0036,23,Fail,Medium,Statutory notice board at the east exit out of date
SI-2026-0036,24,Pass,,
SI-2026-0037,1,Pass,,
SI-2026-0037,2,Pass,,
SI-2026-0037,3,Pass,,
SI-2026-0037,4,Pass,,
SI-2026-0037,5,Pass,,
SI-2026-0037,6,Pass,,
SI-2026-0037,7,Pass,,
SI-2026-0037,8,Pass,,
SI-2026-0037,9,Pass,,
SI-2026-0037,10,Pass,,
SI-2026-0037,11,Pass,,
SI-2026-0037,12,NA,,
SI-2026-0037,13,Pass,,
SI-2026-0037,14,Pass,,
SI-2026-0037,15,Fail,Low,Operative without hi-vis near aisle 4
SI-2026-0037,16,Pass,,
SI-2026-0037,17,Fail,Low,Racking tag at store B out of date
SI-2026-0037,18,Pass,,
SI-2026-0037,19,Pass,,
SI-2026-0037,20,Pass,,
SI-2026-0037,21,Pass,,
SI-2026-0037,22,Pass,,
SI-2026-0037,23,Pass,,
SI-2026-0037,24,Pass,,
SI-2026-0038,1,Pass,,
SI-2026-0038,2,Pass,,
SI-2026-0038,3,Pass,,
SI-2026-0038,4,Pass,,
SI-2026-0038,5,Pass,,
SI-2026-0038,6,Pass,,
SI-2026-0038,7,Pass,,
SI-2026-0038,8,Pass,,
SI-2026-0038,9,Pass,,
SI-2026-0038,10,Fail,Low,Waste bins overflowing at level 2
SI-2026-0038,11,Pass,,
SI-2026-0038,12,Pass,,
SI-2026-0038,13,Pass,,
SI-2026-0038,14,Pass,,
SI-2026-0038,15,Pass,,
SI-2026-0038,16,Pass,,
SI-2026-0038,17,Pass,,
SI-2026-0038,18,Pass,,
SI-2026-0038,19,Pass,,
SI-2026-0038,20,Pass,,
SI-2026-0038,21,Pass,,
SI-2026-0038,22,Pass,,
SI-2026-0038,23,Pass,,
SI-2026-0038,24,Pass,,
SI-2026-0039,1,Pass,,
SI-2026-0039,2,NA,,
SI-2026-0039,3,Pass,,
SI-2026-0039,4,Pass,,
SI-2026-0039,5,Pass,,
SI-2026-0039,6,Pass,,
SI-2026-0039,7,Fail,Medium,Damaged extension lead in use at store B
SI-2026-0039,8,Pass,,
SI-2026-0039,9,Pass,,
SI-2026-0039,10,Fail,Low,Waste bins overflowing at the north stairwell
SI-2026-0039,11,NA,,
SI-2026-0039,12,Pass,,
SI-2026-0039,13,Fail,Medium,Eye-wash bottle at the north stairwell past expiry
SI-2026-0039,14,Pass,,
SI-2026-0039,15,Pass,,
SI-2026-0039,16,Pass,,
SI-2026-0039,17,Pass,,
SI-2026-0039,18,Pass,,
SI-2026-0039,19,Pass,,
SI-2026-0039,20,Fail,Medium,COSHH register at the east exit not updated this quarter
SI-2026-0039,21,Pass,,
SI-2026-0039,22,Pass,,
SI-2026-0039,23,Pass,,
SI-2026-0039,24,Pass,,
SI-2026-0040,1,Pass,,
SI-2026-0040,2,Pass,,
SI-2026-0040,3,Pass,,
SI-2026-0040,4,Pass,,
SI-2026-0040,5,Pass,,
SI-2026-0040,6,Pass,,
SI-2026-0040,7,Pass,,
SI-2026-0040,8,Pass,,
SI-2026-0040,9,Fail,High,Pallets staged on pedestrian route near the east exit
SI-2026-0040,10,NA,,
SI-2026-0040,11,Pass,,
SI-2026-0040,12,Pass,,
SI-2026-0040,13,Pass,,
SI-2026-0040,14,Pass,,
SI-2026-0040,15,Fail,Low,Operative without hi-vis near level 2
SI-2026-0040,16,Pass,,
SI-2026-0040,17,Pass,,
SI-2026-0040,18,Pass,,
SI-2026-0040,19,Pass,,
SI-2026-0040,20,Fail,Low,COSHH register at the main workshop not updated this quarter
SI-2026-0040,21,Pass,,
SI-2026-0040,22,Pass,,
SI-2026-0040,23,Fail,Medium,Statutory notice board at loading bay 6 out of date
SI-2026-0040,24,Pass,,
SI-2026-0041,1,Pass,,
SI-2026-0041,2,Pass,,
SI-2026-0041,3,Pass,,
SI-2026-0041,4,Pass,,
SI-2026-0041,5,Pass,,
SI-2026-0041,6,Pass,,
SI-2026-0041,7,Pass,,
SI-2026-0041,8,Pass,,
SI-2026-0041,9,NA,,
SI-2026-0041,10,Pass,,
SI-2026-0041,11,Pass,,
SI-2026-0041,12,Pass,,
SI-2026-0041,13,NA,,
SI-2026-0041,14,Pass,,
SI-2026-0041,15,Pass,,
SI-2026-0041,16,Pass,,
SI-2026-0041,17,Pass,,
SI-2026-0041,18,Pass,,
SI-2026-0041,19,Pass,,
SI-2026-0041,20,Pass,,
SI-2026-0041,21,Pass,,
SI-2026-0041,22,Pass,,
SI-2026-0041,23,Pass,,
SI-2026-0041,24,Pass,,
SI-2026-0042,1,Pass,,
SI-2026-0042,2,Fail,Medium,Extinguisher at loading bay 6 past its service date
SI-2026-0042,3,Pass,,
SI-2026-0042,4,Pass,,
SI-2026-0042,5,Pass,,
SI-2026-0042,6,Pass,,
SI-2026-0042,7,Pass,,
SI-2026-0042,8,Pass,,
SI-2026-0042,9,Fail,Low,Pallets staged on pedestrian route near the yard gate
SI-2026-0042,10,Pass,,
SI-2026-0042,11,Pass,,
SI-2026-0042,12,Pass,,
SI-2026-0042,13,Pass,,
SI-2026-0042,14,NA,,
SI-2026-0042,15,Pass,,
SI-2026-0042,16,Pass,,
SI-2026-0042,17,Pass,,
SI-2026-0042,18,Pass,,
SI-2026-0042,19,Pass,,
SI-2026-0042,20,Pass,,
SI-2026-0042,21,Pass,,
SI-2026-0042,22,NA,,
SI-2026-0042,23,Pass,,
SI-2026-0042,24,Pass,,
SI-2026-0043,1,Pass,,
SI-2026-0043,2,Pass,,
SI-2026-0043,3,Pass,,
SI-2026-0043,4,Pass,,
SI-2026-0043,5,Pass,,
SI-2026-0043,6,Pass,,
SI-2026-0043,7,Pass,,
SI-2026-0043,8,Pass,,
SI-2026-0043,9,Pass,,
SI-2026-0043,10,Pass,,
SI-2026-0043,11,Pass,,
SI-2026-0043,12,Pass,,
SI-2026-0043,13,Pass,,
SI-2026-0043,14,Pass,,
SI-2026-0043,15,Fail,Low,Operative without hi-vis near level 2
SI-2026-0043,16,Pass,,
SI-2026-0043,17,Pass,,
SI-2026-0043,18,Pass,,
SI-2026-0043,19,Pass,,
SI-2026-0043,20,Pass,,
SI-2026-0043,21,NA,,
SI-2026-0043,22,Pass,,
SI-2026-0043,23,Pass,,
SI-2026-0043,24,Fail,Low,No vehicle warning signage at bay 2 crossing
SI-2026-0044,1,Pass,,
SI-2026-0044,2,Pass,,
SI-2026-0044,3,Pass,,
SI-2026-0044,4,Pass,,
SI-2026-0044,5,Pass,,
SI-2026-0044,6,Pass,,
SI-2026-0044,7,Pass,,
SI-2026-0044,8,Pass,,
SI-2026-0044,9,Pass,,
SI-2026-0044,10,Pass,,
SI-2026-0044,11,Pass,,
SI-2026-0044,12,Pass,,
SI-2026-0044,13,Pass,,
SI-2026-0044,14,Pass,,
SI-2026-0044,15,Pass,,
SI-2026-0044,16,Pass,,
SI-2026-0044,17,Pass,,
SI-2026-0044,18,Pass,,
SI-2026-0044,19,Pass,,
SI-2026-0044,20,Pass,,
SI-2026-0044,21,Pass,,
SI-2026-0044,22,Fail,Low,Walkway markings at loading bay 6 worn and faded
SI-2026-0044,23,Pass,,
SI-2026-0044,24,Pass,,
SI-2026-0045,1,Fail,Low,Fire door at the north stairwell catches on frame and does not latch
SI-2026-0045,2,Pass,,
SI-2026-0045,3,Pass,,
SI-2026-0045,4,Pass,,
SI-2026-0045,5,Pass,,
SI-2026-0045,6,Pass,,
SI-2026-0045,7,Pass,,
SI-2026-0045,8,Pass,,
SI-2026-0045,9,Pass,,
SI-2026-0045,10,Pass,,
SI-2026-0045,11,Pass,,
SI-2026-0045,12,Pass,,
SI-2026-0045,13,Pass,,
SI-2026-0045,14,Pass,,
SI-2026-0045,15,Pass,,
SI-2026-0045,16,Pass,,
SI-2026-0045,17,Pass,,
SI-2026-0045,18,Pass,,
SI-2026-0045,19,Pass,,
SI-2026-0045,20,Pass,,
SI-2026-0045,21,Fail,Medium,Escape route sign above bay 2 obscured by stock
SI-2026-0045,22,Pass,,
SI-2026-0045,23,Pass,,
SI-2026-0045,24,Pass,,
SI-2026-0046,1,Pass,,
SI-2026-0046,2,Pass,,
SI-2026-0046,3,Pass,,
SI-2026-0046,4,Pass,,
SI-2026-0046,5,Pass,,
SI-2026-0046,6,Pass,,
SI-2026-0046,7,Pass,,
SI-2026-0046,8,Pass,,
SI-2026-0046,9,Pass,,
SI-2026-0046,10,Pass,,
SI-2026-0046,11,Fail,Low,Work bench at the yard gate cluttered with offcuts
SI-2026-0046,12,Pass,,
SI-2026-0046,13,Fail,Low,Eye-wash bottle at the mezzanine past expiry
SI-2026-0046,14,Fail,Medium,First-aid kit at the north stairwell missing dressings
SI-2026-0046,15,NA,,
SI-2026-0046,16,Pass,,
SI-2026-0046,17,Pass,,
SI-2026-0046,18,Pass,,
SI-2026-0046,19,Pass,,
SI-2026-0046,20,Pass,,
SI-2026-0046,21,Fail,Low,Escape route sign above the east exit obscured by stock
SI-2026-0046,22,Pass,,
SI-2026-0046,23,Pass,,
SI-2026-0046,24,Pass,,
SI-2026-0047,1,Pass,,
SI-2026-0047,2,Pass,,
SI-2026-0047,3,Pass,,
SI-2026-0047,4,NA,,
SI-2026-0047,5,NA,,
SI-2026-0047,6,Pass,,
SI-2026-0047,7,Pass,,
SI-2026-0047,8,Pass,,
SI-2026-0047,9,Pass,,
SI-2026-0047,10,Pass,,
SI-2026-0047,11,Pass,,
SI-2026-0047,12,Pass,,
SI-2026-0047,13,Pass,,
SI-2026-0047,14,Pass,,
SI-2026-0047,15,Pass,,
SI-2026-0047,16,Pass,,
SI-2026-0047,17,Pass,,
SI-2026-0047,18,Pass,,
SI-2026-0047,19,Pass,,
SI-2026-0047,20,Pass,,
SI-2026-0047,21,Pass,,
SI-2026-0047,22,Pass,,
SI-2026-0047,23,Pass,,
SI-2026-0047,24,NA,,
SI-2026-0048,1,Pass,,
SI-2026-0048,2,Pass,,
SI-2026-0048,3,NA,,
SI-2026-0048,4,Pass,,
SI-2026-0048,5,Pass,,
SI-2026-0048,6,Pass,,
SI-2026-0048,7,Pass,,
SI-2026-0048,8,Pass,,
SI-2026-0048,9,Pass,,
SI-2026-0048,10,Pass,,
SI-2026-0048,11,Pass,,
SI-2026-0048,12,Pass,,
SI-2026-0048,13,Pass,,
SI-2026-0048,14,Pass,,
SI-2026-0048,15,Pass,,
SI-2026-0048,16,Pass,,
SI-2026-0048,17,Pass,,
SI-2026-0048,18,NA,,
SI-2026-0048,19,Pass,,
SI-2026-0048,20,Pass,,
SI-2026-0048,21,Fail,Low,Escape route sign above store B obscured by stock
SI-2026-0048,22,Pass,,
SI-2026-0048,23,Pass,,
SI-2026-0048,24,NA,,
SI-2026-0049,1,Pass,,
SI-2026-0049,2,Fail,Low,Extinguisher at the welfare cabin past its service date
SI-2026-0049,3,Fail,Medium,Call point at the mezzanine blocked by stored materials
SI-2026-0049,4,Pass,,
SI-2026-0049,5,Pass,,
SI-2026-0049,6,Pass,,
SI-2026-0049,7,Pass,,
SI-2026-0049,8,Pass,,
SI-2026-0049,9,Pass,,
SI-2026-0049,10,Fail,Low,Waste bins overflowing at the welfare cabin
SI-2026-0049,11,Pass,,
SI-2026-0049,12,Pass,,
SI-2026-0049,13,Pass,,
SI-2026-0049,14,Pass,,
SI-2026-0049,15,Pass,,
SI-2026-0049,16,Pass,,
SI-2026-0049,17,Pass,,
SI-2026-0049,18,Pass,,
SI-2026-0049,19,Pass,,
SI-2026-0049,20,Pass,,
SI-2026-0049,21,Pass,,
SI-2026-0049,22,Fail,High,Walkway markings at the welfare cabin worn and faded
SI-2026-0049,23,NA,,
SI-2026-0049,24,Pass,,
SI-2026-0050,1,Pass,,
SI-2026-0050,2,Pass,,
SI-2026-0050,3,Pass,,
SI-2026-0050,4,Pass,,
SI-2026-0050,5,Pass,,
SI-2026-0050,6,Pass,,
SI-2026-0050,7,Pass,,
SI-2026-0050,8,Pass,,
SI-2026-0050,9,Pass,,
SI-2026-0050,10,Pass,,
SI-2026-0050,11,Pass,,
SI-2026-0050,12,Pass,,
SI-2026-0050,13,Pass,,
SI-2026-0050,14,Pass,,
SI-2026-0050,15,Pass,,
SI-2026-0050,16,Fail,Low,Welfare room at aisle 4 without hot water
SI-2026-0050,17,Pass,,
SI-2026-0050,18,Pass,,
SI-2026-0050,19,Fail,Low,Untagged stepladder in use at the main workshop
SI-2026-0050,20,Pass,,
SI-2026-0050,21,Pass,,
SI-2026-0050,22,Pass,,
SI-2026-0050,23,Pass,,
SI-2026-0050,24,Pass,,
SI-2026-0051,1,Pass,,
SI-2026-0051,2,Pass,,
SI-2026-0051,3,Pass,,
SI-2026-0051,4,Pass,,
SI-2026-0051,5,Pass,,
SI-2026-0051,6,Pass,,
SI-2026-0051,7,Pass,,
SI-2026-0051,8,Pass,,
SI-2026-0051,9,Pass,,
SI-2026-0051,10,Pass,,
SI-2026-0051,11,Pass,,
SI-2026-0051,12,Fail,High,Spill kit at the dock office missing absorbent pads
SI-2026-0051,13,Pass,,
SI-2026-0051,14,Pass,,
SI-2026-0051,15,Pass,,
SI-2026-0051,16,Pass,,
SI-2026-0051,17,Pass,,
SI-2026-0051,18,Pass,,
SI-2026-0051,19,Pass,,
SI-2026-0051,20,Pass,,
SI-2026-0051,21,Pass,,
SI-2026-0051,22,Pass,,
SI-2026-0051,23,Pass,,
SI-2026-0051,24,Pass,,
SI-2026-0052,1,Pass,,
SI-2026-0052,2,Pass,,
SI-2026-0052,3,Pass,,
SI-2026-0052,4,NA,,
SI-2026-0052,5,NA,,
SI-2026-0052,6,Pass,,
SI-2026-0052,7,Pass,,
SI-2026-0052,8,Pass,,
SI-2026-0052,9,Pass,,
SI-2026-0052,10,Pass,,
SI-2026-0052,11,Pass,,
SI-2026-0052,12,Fail,Low,Spill kit at aisle 4 missing absorbent pads
SI-2026-0052,13,Fail,Low,Eye-wash bottle at the dock office past expiry
SI-2026-0052,14,Pass,,
SI-2026-0052,15,Pass,,
SI-2026-0052,16,Pass,,
SI-2026-0052,17,Pass,,
SI-2026-0052,18,Pass,,
SI-2026-0052,19,Fail,Medium,Untagged stepladder in use at store B
SI-2026-0052,20,Pass,,
SI-2026-0052,21,Pass,,
SI-2026-0052,22,Pass,,
SI-2026-0052,23,Pass,,
SI-2026-0052,24,Pass,,
SI-2026-0053,1,Pass,,
SI-2026-0053,2,Pass,,
SI-2026-0053,3,Pass,,
SI-2026-0053,4,Pass,,
SI-2026-0053,5,Pass,,
SI-2026-0053,6,Pass,,
SI-2026-0053,7,Pass,,
SI-2026-0053,8,Pass,,
SI-2026-0053,9,Pass,,
SI-2026-0053,10,Pass,,
SI-2026-0053,11,Pass,,
SI-2026-0053,12,Pass,,
SI-2026-0053,13,Pass,,
SI-2026-0053,14,Pass,,
SI-2026-0053,15,Pass,,
SI-2026-0053,16,Pass,,
SI-2026-0053,17,Pass,,
SI-2026-0053,18,Pass,,
SI-2026-0053,19,Fail,Low,Untagged stepladder in use at the north stairwell
SI-2026-0053,20,Fail,Low,COSHH register at the north stairwell not updated this quarter
SI-2026-0053,21,Pass,,
SI-2026-0053,22,Pass,,
SI-2026-0053,23,Pass,,
SI-2026-0053,24,Pass,,
SI-2026-0054,1,Pass,,
SI-2026-0054,2,Pass,,
SI-2026-0054,3,Pass,,
SI-2026-0054,4,NA,,
SI-2026-0054,5,Pass,,
SI-2026-0054,6,Pass,,
SI-2026-0054,7,Pass,,
SI-2026-0054,8,Pass,,
SI-2026-0054,9,NA,,
SI-2026-0054,10,Pass,,
SI-2026-0054,11,Pass,,
SI-2026-0054,12,Pass,,
SI-2026-0054,13,Fail,Low,Eye-wash bottle at aisle 4 past expiry
SI-2026-0054,14,Pass,,
SI-2026-0054,15,Pass,,
SI-2026-0054,16,Pass,,
SI-2026-0054,17,Pass,,
SI-2026-0054,18,Pass,,
SI-2026-0054,19,Fail,Low,Untagged stepladder in use at loading bay 6
SI-2026-0054,20,Pass,,
SI-2026-0054,21,Pass,,
SI-2026-0054,22,Pass,,
SI-2026-0054,23,Fail,Low,Statutory notice board at the yard gate out of date
SI-2026-0054,24,Pass,,
SI-2026-0055,1,Pass,,
SI-2026-0055,2,Pass,,
SI-2026-0055,3,Pass,,
SI-2026-0055,4,Fail,Low,Emergency light at loading bay 6 not illuminating on test
SI-2026-0055,5,Pass,,
SI-2026-0055,6,NA,,
SI-2026-0055,7,Pass,,
SI-2026-0055,8,Pass,,
SI-2026-0055,9,Fail,Low,Pallets staged on pedestrian route near the main workshop
SI-2026-0055,10,Pass,,
SI-2026-0055,11,NA,,
SI-2026-0055,12,Pass,,
SI-2026-0055,13,NA,,
SI-2026-0055,14,Pass,,
SI-2026-0055,15,Pass,,
SI-2026-0055,16,Pass,,
SI-2026-0055,17,Pass,,
SI-2026-0055,18,Pass,,
SI-2026-0055,19,Fail,Low,Untagged stepladder in use at the main workshop
SI-2026-0055,20,Pass,,
SI-2026-0055,21,Fail,Low,Escape route sign above the mezzanine obscured by stock
SI-2026-0055,22,Pass,,
SI-2026-0055,23,Pass,,
SI-2026-0055,24,Pass,,
SI-2026-0056,1,Fail,Medium,Fire door at bay 2 catches on frame and does not latch
SI-2026-0056,2,Pass,,
SI-2026-0056,3,Pass,,
SI-2026-0056,4,Pass,,
SI-2026-0056,5,Pass,,
SI-2026-0056,6,NA,,
SI-2026-0056,7,Pass,,
SI-2026-0056,8,Fail,Low,Isolation switch at the north stairwell obstructed
SI-2026-0056,9,Pass,,
SI-2026-0056,10,Pass,,
SI-2026-0056,11,Pass,,
SI-2026-0056,12,Pass,,
SI-2026-0056,13,Pass,,
SI-2026-0056,14,Pass,,
SI-2026-0056,15,Pass,,
SI-2026-0056,16,Pass,,
SI-2026-0056,17,Pass,,
SI-2026-0056,18,Fail,Low,Overloaded top beam at level 2
SI-2026-0056,19,Pass,,
SI-2026-0056,20,Pass,,
SI-2026-0056,21,Pass,,
SI-2026-0056,22,Pass,,
SI-2026-0056,23,Pass,,
SI-2026-0056,24,Pass,,
SI-2026-0057,1,Pass,,
SI-2026-0057,2,Fail,Low,Extinguisher at store B past its service date
SI-2026-0057,3,Pass,,
SI-2026-0057,4,NA,,
SI-2026-0057,5,Pass,,
SI-2026-0057,6,Pass,,
SI-2026-0057,7,Pass,,
SI-2026-0057,8,NA,,
SI-2026-0057,9,Pass,,
SI-2026-0057,10,Pass,,
SI-2026-0057,11,Pass,,
SI-2026-0057,12,Pass,,
SI-2026-0057,13,Pass,,
SI-2026-0057,14,Pass,,
SI-2026-0057,15,Pass,,
SI-2026-0057,16,Pass,,
SI-2026-0057,17,Fail,High,Racking tag at the mezzanine out of date
SI-2026-0057,18,Pass,,
SI-2026-0057,19,Pass,,
SI-2026-0057,20,Pass,,
SI-2026-0057,21,NA,,
SI-2026-0057,22,Pass,,
SI-2026-0057,23,Pass,,
SI-2026-0057,24,Pass,,
SI-2026-0058,1,Pass,,
SI-2026-0058,2,Pass,,
SI-2026-0058,3,Pass,,
SI-2026-0058,4,Fail,Medium,Emergency light at the main workshop not illuminating on test
SI-2026-0058,5,Pass,,
SI-2026-0058,6,Pass,,
SI-2026-0058,7,Pass,,
SI-2026-0058,8,Pass,,
SI-2026-0058,9,Pass,,
SI-2026-0058,10,Pass,,
SI-2026-0058,11,Pass,,
SI-2026-0058,12,Pass,,
SI-2026-0058,13,Pass,,
SI-2026-0058,14,Pass,,
SI-2026-0058,15,Pass,,
SI-2026-0058,16,Pass,,
SI-2026-0058,17,Pass,,
SI-2026-0058,18,Pass,,
SI-2026-0058,19,Pass,,
SI-2026-0058,20,NA,,
SI-2026-0058,21,Pass,,
SI-2026-0058,22,Pass,,
SI-2026-0058,23,Pass,,
SI-2026-0058,24,Pass,,
SI-2026-0059,1,NA,,
SI-2026-0059,2,Fail,Low,Extinguisher at the mezzanine past its service date
SI-2026-0059,3,Pass,,
SI-2026-0059,4,Pass,,
SI-2026-0059,5,Pass,,
SI-2026-0059,6,Pass,,
SI-2026-0059,7,Pass,,
SI-2026-0059,8,Pass,,
SI-2026-0059,9,Pass,,
SI-2026-0059,10,Pass,,
SI-2026-0059,11,Fail,Low,Work bench at the mezzanine cluttered with offcuts
SI-2026-0059,12,Pass,,
SI-2026-0059,13,Pass,,
SI-2026-0059,14,Pass,,
SI-2026-0059,15,Pass,,
SI-2026-0059,16,Fail,Medium,Welfare room at aisle 4 without hot water
SI-2026-0059,17,Pass,,
SI-2026-0059,18,Pass,,
SI-2026-0059,19,Pass,,
SI-2026-0059,20,Pass,,
SI-2026-0059,21,NA,,
SI-2026-0059,22,Pass,,
SI-2026-0059,23,Pass,,
SI-2026-0059,24,Pass,,
SI-2026-0060,1,Pass,,
SI-2026-0060,2,Pass,,
SI-2026-0060,3,Pass,,
SI-2026-0060,4,Pass,,
SI-2026-0060,5,Pass,,
SI-2026-0060,6,Pass,,
SI-2026-0060,7,Pass,,
SI-2026-0060,8,Fail,Low,Isolation switch at the welfare cabin obstructed
SI-2026-0060,9,Pass,,
SI-2026-0060,10,Pass,,
SI-2026-0060,11,Fail,Low,Work bench at loading bay 6 cluttered with offcuts
SI-2026-0060,12,Pass,,
SI-2026-0060,13,Fail,Low,Eye-wash bottle at store B past expiry
SI-2026-0060,14,Pass,,
SI-2026-0060,15,Pass,,
SI-2026-0060,16,Pass,,
SI-2026-0060,17,Pass,,
SI-2026-0060,18,Pass,,
SI-2026-0060,19,Pass,,
SI-2026-0060,20,Pass,,
SI-2026-0060,21,Pass,,
SI-2026-0060,22,Pass,,
SI-2026-0060,23,Pass,,
SI-2026-0060,24,Pass,,
SI-2026-0061,1,Pass,,
SI-2026-0061,2,Pass,,
SI-2026-0061,3,Pass,,
SI-2026-0061,4,Pass,,
SI-2026-0061,5,Pass,,
SI-2026-0061,6,Pass,,
SI-2026-0061,7,Pass,,
SI-2026-0061,8,Pass,,
SI-2026-0061,9,Pass,,
SI-2026-0061,10,Pass,,
SI-2026-0061,11,NA,,
SI-2026-0061,12,Pass,,
SI-2026-0061,13,Pass,,
SI-2026-0061,14,Pass,,
SI-2026-0061,15,Pass,,
SI-2026-0061,16,Pass,,
SI-2026-0061,17,Pass,,
SI-2026-0061,18,Pass,,
SI-2026-0061,19,Pass,,
SI-2026-0061,20,Pass,,
SI-2026-0061,21,Pass,,
SI-2026-0061,22,Pass,,
SI-2026-0061,23,Pass,,
SI-2026-0061,24,Pass,,
SI-2026-0062,1,Pass,,
SI-2026-0062,2,Fail,Medium,Extinguisher at the north stairwell past its service date
SI-2026-0062,3,Pass,,
SI-2026-0062,4,Pass,,
SI-2026-0062,5,Pass,,
SI-2026-0062,6,Pass,,
SI-2026-0062,7,Pass,,
SI-2026-0062,8,Pass,,
SI-2026-0062,9,Pass,,
SI-2026-0062,10,Pass,,
SI-2026-0062,11,Pass,,
SI-2026-0062,12,Pass,,
SI-2026-0062,13,NA,,
SI-2026-0062,14,Pass,,
SI-2026-0062,15,Pass,,
SI-2026-0062,16,Pass,,
SI-2026-0062,17,Pass,,
SI-2026-0062,18,Pass,,
SI-2026-0062,19,Pass,,
SI-2026-0062,20,Pass,,
SI-2026-0062,21,Pass,,
SI-2026-0062,22,Pass,,
SI-2026-0062,23,Pass,,
SI-2026-0062,24,Pass,,
SI-2026-0063,1,Pass,,
SI-2026-0063,2,Pass,,
SI-2026-0063,3,Pass,,
SI-2026-0063,4,Pass,,
SI-2026-0063,5,Pass,,
SI-2026-0063,6,Pass,,
SI-2026-0063,7,Fail,Low,Damaged extension lead in use at aisle 4
SI-2026-0063,8,Pass,,
SI-2026-0063,9,Pass,,
SI-2026-0063,10,Pass,,
SI-2026-0063,11,Pass,,
SI-2026-0063,12,Pass,,
SI-2026-0063,13,Fail,Medium,Eye-wash bottle at the main workshop past expiry
SI-2026-0063,14,Pass,,
SI-2026-0063,15,Pass,,
SI-2026-0063,16,Pass,,
SI-2026-0063,17,Pass,,
SI-2026-0063,18,Pass,,
SI-2026-0063,19,Pass,,
SI-2026-0063,20,Pass,,
SI-2026-0063,21,Pass,,
SI-2026-0063,22,Fail,High,Walkway markings at the yard gate worn and faded
SI-2026-0063,23,Fail,Low,Statutory notice board at the east exit out of date
SI-2026-0063,24,Pass,,
SI-2026-0064,1,Pass,,
SI-2026-0064,2,Pass,,
SI-2026-0064,3,Pass,,
SI-2026-0064,4,Pass,,
SI-2026-0064,5,Pass,,
SI-2026-0064,6,Pass,,
SI-2026-0064,7,Pass,,
SI-2026-0064,8,Pass,,
SI-2026-0064,9,Pass,,
SI-2026-0064,10,Pass,,
SI-2026-0064,11,Pass,,
SI-2026-0064,12,Pass,,
SI-2026-0064,13,Pass,,
SI-2026-0064,14,Fail,Medium,First-aid kit at store B missing dressings
SI-2026-0064,15,Pass,,
SI-2026-0064,16,Pass,,
SI-2026-0064,17,Pass,,
SI-2026-0064,18,Fail,High,Overloaded top beam at the dock office
SI-2026-0064,19,Pass,,
SI-2026-0064,20,Pass,,
SI-2026-0064,21,Pass,,
SI-2026-0064,22,NA,,
SI-2026-0064,23,Pass,,
SI-2026-0064,24,Pass,,
SI-2026-0065,1,Pass,,
SI-2026-0065,2,Fail,Medium,Extinguisher at the dock office past its service date
SI-2026-0065,3,Pass,,
SI-2026-0065,4,Pass,,
SI-2026-0065,5,Pass,,
SI-2026-0065,6,Pass,,
SI-2026-0065,7,Pass,,
SI-2026-0065,8,Pass,,
SI-2026-0065,9,Pass,,
SI-2026-0065,10,Pass,,
SI-2026-0065,11,Pass,,
SI-2026-0065,12,Pass,,
SI-2026-0065,13,Pass,,
SI-2026-0065,14,Fail,Low,First-aid kit at aisle 4 missing dressings
SI-2026-0065,15,Pass,,
SI-2026-0065,16,Pass,,
SI-2026-0065,17,Pass,,
SI-2026-0065,18,NA,,
SI-2026-0065,19,Pass,,
SI-2026-0065,20,Pass,,
SI-2026-0065,21,NA,,
SI-2026-0065,22,Pass,,
SI-2026-0065,23,Pass,,
SI-2026-0065,24,Pass,,
SI-2026-0066,1,Pass,,
SI-2026-0066,2,Pass,,
SI-2026-0066,3,Pass,,
SI-2026-0066,4,Fail,Low,Emergency light at the welfare cabin not illuminating on test
SI-2026-0066,5,Pass,,
SI-2026-0066,6,Pass,,
SI-2026-0066,7,Pass,,
SI-2026-0066,8,Pass,,
SI-2026-0066,9,Pass,,
SI-2026-0066,10,Pass,,
SI-2026-0066,11,Fail,Low,Work bench at the yard gate cluttered with offcuts
SI-2026-0066,12,Fail,Medium,Spill kit at aisle 4 missing absorbent pads
SI-2026-0066,13,Pass,,
SI-2026-0066,14,Pass,,
SI-2026-0066,15,Pass,,
SI-2026-0066,16,Pass,,
SI-2026-0066,17,Pass,,
SI-2026-0066,18,Pass,,
SI-2026-0066,19,Pass,,
SI-2026-0066,20,Pass,,
SI-2026-0066,21,Pass,,
SI-2026-0066,22,Pass,,
SI-2026-0066,23,Pass,,
SI-2026-0066,24,Pass,,
SI-2026-0067,1,Pass,,
SI-2026-0067,2,Pass,,
SI-2026-0067,3,Pass,,
SI-2026-0067,4,Pass,,
SI-2026-0067,5,Pass,,
SI-2026-0067,6,Pass,,
SI-2026-0067,7,Pass,,
SI-2026-0067,8,Pass,,
SI-2026-0067,9,Pass,,
SI-2026-0067,10,Pass,,
SI-2026-0067,11,Fail,Medium,Work bench at the main workshop cluttered with offcuts
SI-2026-0067,12,Pass,,
SI-2026-0067,13,Pass,,
SI-2026-0067,14,Pass,,
SI-2026-0067,15,Pass,,
SI-2026-0067,16,Pass,,
SI-2026-0067,17,Pass,,
SI-2026-0067,18,Pass,,
SI-2026-0067,19,Pass,,
SI-2026-0067,20,Pass,,
SI-2026-0067,21,Pass,,
SI-2026-0067,22,Pass,,
SI-2026-0067,23,Pass,,
SI-2026-0067,24,Pass,,
SI-2026-0068,1,Pass,,
SI-2026-0068,2,Pass,,
SI-2026-0068,3,Pass,,
SI-2026-0068,4,Fail,Low,Emergency light at aisle 4 not illuminating on test
SI-2026-0068,5,Pass,,
SI-2026-0068,6,Pass,,
SI-2026-0068,7,Pass,,
SI-2026-0068,8,Pass,,
SI-2026-0068,9,Pass,,
SI-2026-0068,10,Fail,Low,Waste bins overflowing at the north stairwell
SI-2026-0068,11,Pass,,
SI-2026-0068,12,Pass,,
SI-2026-0068,13,Pass,,
SI-2026-0068,14,Pass,,
SI-2026-0068,15,Pass,,
SI-2026-0068,16,Pass,,
SI-2026-0068,17,Pass,,
SI-2026-0068,18,NA,,
SI-2026-0068,19,Pass,,
SI-2026-0068,20,Pass,,
SI-2026-0068,21,Pass,,
SI-2026-0068,22,Pass,,
SI-2026-0068,23,Pass,,
SI-2026-0068,24,Fail,Low,No vehicle warning signage at the main workshop crossing
SI-2026-0069,1,Pass,,
SI-2026-0069,2,Pass,,
SI-2026-0069,3,Pass,,
SI-2026-0069,4,Fail,Low,Emergency light at the main workshop not illuminating on test
SI-2026-0069,5,Pass,,
SI-2026-0069,6,Pass,,
SI-2026-0069,7,Pass,,
SI-2026-0069,8,Pass,,
SI-2026-0069,9,Pass,,
SI-2026-0069,10,Pass,,
SI-2026-0069,11,Pass,,
SI-2026-0069,12,Pass,,
SI-2026-0069,13,Pass,,
SI-2026-0069,14,Pass,,
SI-2026-0069,15,Pass,,
SI-2026-0069,16,Pass,,
SI-2026-0069,17,Pass,,
SI-2026-0069,18,Pass,,
SI-2026-0069,19,Pass,,
SI-2026-0069,20,NA,,
SI-2026-0069,21,Pass,,
SI-2026-0069,22,Pass,,
SI-2026-0069,23,Fail,Medium,Statutory notice board at the dock office out of date
SI-2026-0069,24,Pass,,
SI-2026-0070,1,Pass,,
SI-2026-0070,2,Pass,,
SI-2026-0070,3,Pass,,
SI-2026-0070,4,Pass,,
SI-2026-0070,5,Pass,,
SI-2026-0070,6,Pass,,
SI-2026-0070,7,Pass,,
SI-2026-0070,8,Pass,,
SI-2026-0070,9,NA,,
SI-2026-0070,10,Pass,,
SI-2026-0070,11,Pass,,
SI-2026-0070,12,Pass,,
SI-2026-0070,13,Pass,,
SI-2026-0070,14,Pass,,
SI-2026-0070,15,Pass,,
SI-2026-0070,16,Pass,,
SI-2026-0070,17,Pass,,
SI-2026-0070,18,Pass,,
SI-2026-0070,19,Pass,,
SI-2026-0070,20,Pass,,
SI-2026-0070,21,Pass,,
SI-2026-0070,22,Pass,,
SI-2026-0070,23,Pass,,
SI-2026-0070,24,Pass,,
SI-2026-0071,1,Pass,,
SI-2026-0071,2,Pass,,
SI-2026-0071,3,Pass,,
SI-2026-0071,4,Pass,,
SI-2026-0071,5,Pass,,
SI-2026-0071,6,Pass,,
SI-2026-0071,7,Pass,,
SI-2026-0071,8,Pass,,
SI-2026-0071,9,Pass,,
SI-2026-0071,10,NA,,
SI-2026-0071,11,Pass,,
SI-2026-0071,12,Pass,,
SI-2026-0071,13,Pass,,
SI-2026-0071,14,Pass,,
SI-2026-0071,15,Pass,,
SI-2026-0071,16,Pass,,
SI-2026-0071,17,Pass,,
SI-2026-0071,18,Fail,Low,Overloaded top beam at level 2
SI-2026-0071,19,Pass,,
SI-2026-0071,20,Pass,,
SI-2026-0071,21,Pass,,
SI-2026-0071,22,Pass,,
SI-2026-0071,23,Pass,,
SI-2026-0071,24,Pass,,
SI-2026-0072,1,Pass,,
SI-2026-0072,2,Pass,,
SI-2026-0072,3,Pass,,
SI-2026-0072,4,NA,,
SI-2026-0072,5,Pass,,
SI-2026-0072,6,Pass,,
SI-2026-0072,7,Pass,,
SI-2026-0072,8,Pass,,
SI-2026-0072,9,Pass,,
SI-2026-0072,10,Pass,,
SI-2026-0072,11,Fail,Medium,Work bench at the main workshop cluttered with offcuts
SI-2026-0072,12,Pass,,
SI-2026-0072,13,NA,,
SI-2026-0072,14,Pass,,
SI-2026-0072,15,Pass,,
SI-2026-0072,16,Pass,,
SI-2026-0072,17,Pass,,
SI-2026-0072,18,Pass,,
SI-2026-0072,19,Pass,,
SI-2026-0072,20,NA,,
SI-2026-0072,21,Pass,,
SI-2026-0072,22,Pass,,
SI-2026-0072,23,Pass,,
SI-2026-0072,24,Pass,,
SI-2026-0073,1,Pass,,
SI-2026-0073,2,Pass,,
SI-2026-0073,3,Pass,,
SI-2026-0073,4,Pass,,
SI-2026-0073,5,Pass,,
SI-2026-0073,6,Pass,,
SI-2026-0073,7,Pass,,
SI-2026-0073,8,Pass,,
SI-2026-0073,9,Pass,,
SI-2026-0073,10,Pass,,
SI-2026-0073,11,Pass,,
SI-2026-0073,12,Pass,,
SI-2026-0073,13,Pass,,
SI-2026-0073,14,Pass,,
SI-2026-0073,15,Pass,,
SI-2026-0073,16,Pass,,
SI-2026-0073,17,Pass,,
SI-2026-0073,18,Pass,,
SI-2026-0073,19,Pass,,
SI-2026-0073,20,Pass,,
SI-2026-0073,21,Pass,,
SI-2026-0073,22,Pass,,
SI-2026-0073,23,Fail,Medium,Statutory notice board at the mezzanine out of date
SI-2026-0073,24,Pass,,
SI-2026-0074,1,Fail,Low,Fire door at store B catches on frame and does not latch
SI-2026-0074,2,Pass,,
SI-2026-0074,3,Pass,,
SI-2026-0074,4,Pass,,
SI-2026-0074,5,Pass,,
SI-2026-0074,6,Pass,,
SI-2026-0074,7,Pass,,
SI-2026-0074,8,Pass,,
SI-2026-0074,9,Pass,,
SI-2026-0074,10,NA,,
SI-2026-0074,11,Pass,,
SI-2026-0074,12,Fail,Medium,Spill kit at loading bay 6 missing absorbent pads
SI-2026-0074,13,Pass,,
SI-2026-0074,14,Pass,,
SI-2026-0074,15,Pass,,
SI-2026-0074,16,Pass,,
SI-2026-0074,17,Pass,,
SI-2026-0074,18,Pass,,
SI-2026-0074,19,Pass,,
SI-2026-0074,20,Pass,,
SI-2026-0074,21,Fail,Low,Escape route sign above level 2 obscured by stock
SI-2026-0074,22,Pass,,
SI-2026-0074,23,Pass,,
SI-2026-0074,24,Pass,,
SI-2026-0075,1,Pass,,
SI-2026-0075,2,Pass,,
SI-2026-0075,3,Pass,,
SI-2026-0075,4,Pass,,
SI-2026-0075,5,Pass,,
SI-2026-0075,6,Pass,,
SI-2026-0075,7,Pass,,
SI-2026-0075,8,Pass,,
SI-2026-0075,9,Pass,,
SI-2026-0075,10,Pass,,
SI-2026-0075,11,Pass,,
SI-2026-0075,12,Pass,,
SI-2026-0075,13,Pass,,
SI-2026-0075,14,Pass,,
SI-2026-0075,15,Pass,,
SI-2026-0075,16,Pass,,
SI-2026-0075,17,Pass,,
SI-2026-0075,18,Pass,,
SI-2026-0075,19,Pass,,
SI-2026-0075,20,NA,,
SI-2026-0075,21,Pass,,
SI-2026-0075,22,Pass,,
SI-2026-0075,23,Pass,,
SI-2026-0075,24,Pass,,
SI-2026-0076,1,Pass,,
SI-2026-0076,2,Pass,,
SI-2026-0076,3,NA,,
SI-2026-0076,4,Fail,Medium,Emergency light at aisle 4 not illuminating on test
SI-2026-0076,5,Pass,,
SI-2026-0076,6,Pass,,
SI-2026-0076,7,Fail,Low,Damaged extension lead in use at the welfare cabin
SI-2026-0076,8,Pass,,
SI-2026-0076,9,Pass,,
SI-2026-0076,10,Fail,Low,Waste bins overflowing at bay 2
SI-2026-0076,11,Pass,,
SI-2026-0076,12,Pass,,
SI-2026-0076,13,Pass,,
SI-2026-0076,14,Pass,,
SI-2026-0076,15,Pass,,
SI-2026-0076,16,Pass,,
SI-2026-0076,17,Pass,,
SI-2026-0076,18,Pass,,
SI-2026-0076,19,Pass,,
SI-2026-0076,20,Pass,,
SI-2026-0076,21,Pass,,
SI-2026-0076,22,Pass,,
SI-2026-0076,23,Fail,Low,Statutory notice board at loading bay 6 out of date
SI-2026-0076,24,Fail,Medium,No vehicle warning signage at the main workshop crossing
SI-2026-0077,1,NA,,
SI-2026-0077,2,Pass,,
SI-2026-0077,3,Fail,Low,Call point at loading bay 6 blocked by stored materials
SI-2026-0077,4,Pass,,
SI-2026-0077,5,Fail,Low,PAT label at the dock office expired
SI-2026-0077,6,Pass,,
SI-2026-0077,7,Pass,,
SI-2026-0077,8,Pass,,
SI-2026-0077,9,Fail,Low,Pallets staged on pedestrian route near the main workshop
SI-2026-0077,10,Pass,,
SI-2026-0077,11,Pass,,
SI-2026-0077,12,Pass,,
SI-2026-0077,13,Pass,,
SI-2026-0077,14,Pass,,
SI-2026-0077,15,Pass,,
SI-2026-0077,16,Pass,,
SI-2026-0077,17,Pass,,
SI-2026-0077,18,Pass,,
SI-2026-0077,19,Fail,Low,Untagged stepladder in use at loading bay 6
SI-2026-0077,20,Pass,,
SI-2026-0077,21,Pass,,
SI-2026-0077,22,Pass,,
SI-2026-0077,23,Pass,,
SI-2026-0077,24,Pass,,
SI-2026-0078,1,Pass,,
SI-2026-0078,2,Pass,,
SI-2026-0078,3,Fail,Medium,Call point at the yard gate blocked by stored materials
SI-2026-0078,4,Pass,,
SI-2026-0078,5,Pass,,
SI-2026-0078,6,Pass,,
SI-2026-0078,7,Pass,,
SI-2026-0078,8,Pass,,
SI-2026-0078,9,Pass,,
SI-2026-0078,10,Pass,,
SI-2026-0078,11,Pass,,
SI-2026-0078,12,Pass,,
SI-2026-0078,13,Pass,,
SI-2026-0078,14,Pass,,
SI-2026-0078,15,Pass,,
SI-2026-0078,16,Pass,,
SI-2026-0078,17,Pass,,
SI-2026-0078,18,Pass,,
SI-2026-0078,19,Pass,,
SI-2026-0078,20,Pass,,
SI-2026-0078,21,Pass,,
SI-2026-0078,22,Pass,,
SI-2026-0078,23,Pass,,
SI-2026-0078,24,Fail,Low,No vehicle warning signage at aisle 4 crossing
SI-2026-0079,1,Pass,,
SI-2026-0079,2,Pass,,
SI-2026-0079,3,Pass,,
SI-2026-0079,4,Pass,,
SI-2026-0079,5,Fail,Low,PAT label at aisle 4 expired
SI-2026-0079,6,Pass,,
SI-2026-0079,7,Pass,,
SI-2026-0079,8,Pass,,
SI-2026-0079,9,Pass,,
SI-2026-0079,10,Pass,,
SI-2026-0079,11,Pass,,
SI-2026-0079,12,Fail,Medium,Spill kit at aisle 4 missing absorbent pads
SI-2026-0079,13,Pass,,
SI-2026-0079,14,Pass,,
SI-2026-0079,15,Fail,Low,Operative without hi-vis near the north stairwell
SI-2026-0079,16,Pass,,
SI-2026-0079,17,Pass,,
SI-2026-0079,18,NA,,
SI-2026-0079,19,Pass,,
SI-2026-0079,20,Pass,,
SI-2026-0079,21,Pass,,
SI-2026-0079,22,Pass,,
SI-2026-0079,23,Fail,High,Statutory notice board at aisle 4 out of date
SI-2026-0079,24,Pass,,
SI-2026-0080,1,Pass,,
SI-2026-0080,2,Pass,,
SI-2026-0080,3,Pass,,
SI-2026-0080,4,Pass,,
SI-2026-0080,5,Pass,,
SI-2026-0080,6,Pass,,
SI-2026-0080,7,NA,,
SI-2026-0080,8,Fail,Low,Isolation switch at loading bay 6 obstructed
SI-2026-0080,9,Fail,Medium,Pallets staged on pedestrian route near the yard gate
SI-2026-0080,10,Pass,,
SI-2026-0080,11,Pass,,
SI-2026-0080,12,Pass,,
SI-2026-0080,13,Pass,,
SI-2026-0080,14,Pass,,
SI-2026-0080,15,Pass,,
SI-2026-0080,16,Pass,,
SI-2026-0080,17,Pass,,
SI-2026-0080,18,Pass,,
SI-2026-0080,19,Pass,,
SI-2026-0080,20,Pass,,
SI-2026-0080,21,Pass,,
SI-2026-0080,22,Pass,,
SI-2026-0080,23,Pass,,
SI-2026-0080,24,Pass,,
SI-2026-0081,1,NA,,
SI-2026-0081,2,Pass,,
SI-2026-0081,3,Pass,,
SI-2026-0081,4,Pass,,
SI-2026-0081,5,Pass,,
SI-2026-0081,6,Pass,,
SI-2026-0081,7,Pass,,
SI-2026-0081,8,Pass,,
SI-2026-0081,9,Pass,,
SI-2026-0081,10,Pass,,
SI-2026-0081,11,Fail,Low,Work bench at the east exit cluttered with offcuts
SI-2026-0081,12,Pass,,
SI-2026-0081,13,Pass,,
SI-2026-0081,14,Pass,,
SI-2026-0081,15,Pass,,
SI-2026-0081,16,Pass,,
SI-2026-0081,17,Pass,,
SI-2026-0081,18,Pass,,
SI-2026-0081,19,Fail,Low,Untagged stepladder in use at the dock office
SI-2026-0081,20,Pass,,
SI-2026-0081,21,Pass,,
SI-2026-0081,22,Fail,Low,Walkway markings at the north stairwell worn and faded
SI-2026-0081,23,Pass,,
SI-2026-0081,24,Pass,,
SI-2026-0082,1,Pass,,
SI-2026-0082,2,Pass,,
SI-2026-0082,3,Pass,,
SI-2026-0082,4,Pass,,
SI-2026-0082,5,Pass,,
SI-2026-0082,6,Pass,,
SI-2026-0082,7,Pass,,
SI-2026-0082,8,Pass,,
SI-2026-0082,9,Pass,,
SI-2026-0082,10,Pass,,
SI-2026-0082,11,Pass,,
SI-2026-0082,12,Pass,,
SI-2026-0082,13,Pass,,
SI-2026-0082,14,Fail,Medium,First-aid kit at the main workshop missing dressings
SI-2026-0082,15,Pass,,
SI-2026-0082,16,Pass,,
SI-2026-0082,17,Pass,,
SI-2026-0082,18,Pass,,
SI-2026-0082,19,Pass,,
SI-2026-0082,20,Pass,,
SI-2026-0082,21,Pass,,
SI-2026-0082,22,Fail,Low,Walkway markings at store B worn and faded
SI-2026-0082,23,Pass,,
SI-2026-0082,24,Pass,,
SI-2026-0083,1,Fail,High,Fire door at aisle 4 catches on frame and does not latch
SI-2026-0083,2,Pass,,
SI-2026-0083,3,Pass,,
SI-2026-0083,4,Pass,,
SI-2026-0083,5,Pass,,
SI-2026-0083,6,Pass,,
SI-2026-0083,7,Pass,,
SI-2026-0083,8,Fail,Low,Isolation switch at aisle 4 obstructed
SI-2026-0083,9,Pass,,
SI-2026-0083,10,Pass,,
SI-2026-0083,11,Pass,,
SI-2026-0083,12,Pass,,
SI-2026-0083,13,Pass,,
SI-2026-0083,14,Pass,,
SI-2026-0083,15,Pass,,
SI-2026-0083,16,Pass,,
SI-2026-0083,17,Pass,,
SI-2026-0083,18,Pass,,
SI-2026-0083,19,Pass,,
SI-2026-0083,20,Pass,,
SI-2026-0083,21,Pass,,
SI-2026-0083,22,Fail,Medium,Walkway markings at the east exit worn and faded
SI-2026-0083,23,Fail,Medium,Statutory notice board at bay 2 out of date
SI-2026-0083,24,Pass,,
SI-2026-0084,1,Pass,,
SI-2026-0084,2,Fail,Low,Extinguisher at the dock office past its service date
SI-2026-0084,3,Pass,,
SI-2026-0084,4,Pass,,
SI-2026-0084,5,Pass,,
SI-2026-0084,6,Pass,,
SI-2026-0084,7,Fail,Low,Damaged extension lead in use at the east exit
SI-2026-0084,8,Pass,,
SI-2026-0084,9,Pass,,
SI-2026-0084,10,Pass,,
SI-2026-0084,11,Pass,,
SI-2026-0084,12,Pass,,
SI-2026-0084,13,Pass,,
SI-2026-0084,14,Pass,,
SI-2026-0084,15,Fail,Medium,Operative without hi-vis near the main workshop
SI-2026-0084,16,Pass,,
SI-2026-0084,17,Pass,,
SI-2026-0084,18,Pass,,
SI-2026-0084,19,Fail,Low,Untagged stepladder in use at the east exit
SI-2026-0084,20,Pass,,
SI-2026-0084,21,Pass,,
SI-2026-0084,22,Pass,,
SI-2026-0084,23,Pass,,
SI-2026-0084,24,Fail,Medium,No vehicle warning signage at the east exit crossing
SI-2026-0085,1,Pass,,
SI-2026-0085,2,Pass,,
SI-2026-0085,3,Pass,,
SI-2026-0085,4,Pass,,
SI-2026-0085,5,Pass,,
SI-2026-0085,6,Pass,,
SI-2026-0085,7,Pass,,
SI-2026-0085,8,Pass,,
SI-2026-0085,9,NA,,
SI-2026-0085,10,Pass,,
SI-2026-0085,11,Pass,,
SI-2026-0085,12,Pass,,
SI-2026-0085,13,Pass,,
SI-2026-0085,14,Pass,,
SI-2026-0085,15,NA,,
SI-2026-0085,16,Pass,,
SI-2026-0085,17,Pass,,
SI-2026-0085,18,Pass,,
SI-2026-0085,19,Pass,,
SI-2026-0085,20,Pass,,
SI-2026-0085,21,Pass,,
SI-2026-0085,22,Pass,,
SI-2026-0085,23,NA,,
SI-2026-0085,24,Pass,,
SI-2026-0086,1,Pass,,
SI-2026-0086,2,Pass,,
SI-2026-0086,3,Pass,,
SI-2026-0086,4,Pass,,
SI-2026-0086,5,Fail,Low,PAT label at the mezzanine expired
SI-2026-0086,6,Pass,,
SI-2026-0086,7,Pass,,
SI-2026-0086,8,Pass,,
SI-2026-0086,9,Fail,Low,Pallets staged on pedestrian route near the dock office
SI-2026-0086,10,Fail,Medium,Waste bins overflowing at loading bay 6
SI-2026-0086,11,Pass,,
SI-2026-0086,12,Pass,,
SI-2026-0086,13,Pass,,
SI-2026-0086,14,Pass,,
SI-2026-0086,15,Fail,Medium,Operative without hi-vis near bay 2
SI-2026-0086,16,Pass,,
SI-2026-0086,17,Pass,,
SI-2026-0086,18,Pass,,
SI-2026-0086,19,NA,,
SI-2026-0086,20,Fail,Low,COSHH register at bay 2 not updated this quarter
SI-2026-0086,21,Pass,,
SI-2026-0086,22,Pass,,
SI-2026-0086,23,Pass,,
SI-2026-0086,24,Fail,Low,No vehicle warning signage at the yard gate crossing
SI-2026-0087,1,Pass,,
SI-2026-0087,2,Pass,,
SI-2026-0087,3,Fail,Low,Call point at bay 2 blocked by stored materials
SI-2026-0087,4,Pass,,
SI-2026-0087,5,Pass,,
SI-2026-0087,6,Pass,,
SI-2026-0087,7,Pass,,
SI-2026-0087,8,Pass,,
SI-2026-0087,9,Pass,,
SI-2026-0087,10,Pass,,
SI-2026-0087,11,Pass,,
SI-2026-0087,12,Fail,Medium,Spill kit at the main workshop missing absorbent pads
SI-2026-0087,13,Fail,Medium,Eye-wash bottle at the yard gate past expiry
SI-2026-0087,14,Pass,,
SI-2026-0087,15,Pass,,
SI-2026-0087,16,Pass,,
SI-2026-0087,17,Pass,,
SI-2026-0087,18,Pass,,
SI-2026-0087,19,Pass,,
SI-2026-0087,20,Pass,,
SI-2026-0087,21,Pass,,
SI-2026-0087,22,Pass,,
SI-2026-0087,23,Pass,,
SI-2026-0087,24,Pass,,
SI-2026-0088,1,Fail,Low,Fire door at the yard gate catches on frame and does not latch
SI-2026-0088,2,Pass,,
SI-2026-0088,3,Pass,,
SI-2026-0088,4,Pass,,
SI-2026-0088,5,Pass,,
SI-2026-0088,6,Pass,,
SI-2026-0088,7,Pass,,
SI-2026-0088,8,Pass,,
SI-2026-0088,9,Pass,,
SI-2026-0088,10,Pass,,
SI-2026-0088,11,Pass,,
SI-2026-0088,12,Pass,,
SI-2026-0088,13,Pass,,
SI-2026-0088,14,Pass,,
SI-2026-0088,15,Pass,,
SI-2026-0088,16,Pass,,
SI-2026-0088,17,Pass,,
SI-2026-0088,18,Pass,,
SI-2026-0088,19,Pass,,
SI-2026-0088,20,Pass,,
SI-2026-0088,21,Pass,,
SI-2026-0088,22,Fail,Low,Walkway markings at the dock office worn and faded
SI-2026-0088,23,Pass,,
SI-2026-0088,24,Pass,,
SI-2026-0089,1,Pass,,
SI-2026-0089,2,Pass,,
SI-2026-0089,3,Pass,,
SI-2026-0089,4,NA,,
SI-2026-0089,5,Pass,,
SI-2026-0089,6,Pass,,
SI-2026-0089,7,Pass,,
SI-2026-0089,8,Pass,,
SI-2026-0089,9,Pass,,
SI-2026-0089,10,NA,,
SI-2026-0089,11,Pass,,
SI-2026-0089,12,NA,,
SI-2026-0089,13,Pass,,
SI-2026-0089,14,Pass,,
SI-2026-0089,15,Pass,,
SI-2026-0089,16,Pass,,
SI-2026-0089,17,Pass,,
SI-2026-0089,18,Pass,,
SI-2026-0089,19,Pass,,
SI-2026-0089,20,Pass,,
SI-2026-0089,21,Pass,,
SI-2026-0089,22,Pass,,
SI-2026-0089,23,Fail,Low,Statutory notice board at loading bay 6 out of date
SI-2026-0089,24,Pass,,
SI-2026-0090,1,Pass,,
SI-2026-0090,2,Pass,,
SI-2026-0090,3,Pass,,
SI-2026-0090,4,Pass,,
SI-2026-0090,5,Pass,,
SI-2026-0090,6,Pass,,
SI-2026-0090,7,Pass,,
SI-2026-0090,8,Pass,,
SI-2026-0090,9,Pass,,
SI-2026-0090,10,Pass,,
SI-2026-0090,11,Fail,Low,Work bench at level 2 cluttered with offcuts
SI-2026-0090,12,Pass,,
SI-2026-0090,13,Pass,,
SI-2026-0090,14,Pass,,
SI-2026-0090,15,Pass,,
SI-2026-0090,16,Pass,,
SI-2026-0090,17,Pass,,
SI-2026-0090,18,Pass,,
SI-2026-0090,19,Pass,,
SI-2026-0090,20,NA,,
SI-2026-0090,21,Fail,Low,Escape route sign above the welfare cabin obscured by stock
SI-2026-0090,22,Pass,,
SI-2026-0090,23,Pass,,
SI-2026-0090,24,Pass,,
SI-2026-0091,1,Pass,,
SI-2026-0091,2,Pass,,
SI-2026-0091,3,Pass,,
SI-2026-0091,4,Pass,,
SI-2026-0091,5,Pass,,
SI-2026-0091,6,Pass,,
SI-2026-0091,7,Pass,,
SI-2026-0091,8,Fail,High,Isolation switch at the yard gate obstructed
SI-2026-0091,9,Pass,,
SI-2026-0091,10,Pass,,
SI-2026-0091,11,Pass,,
SI-2026-0091,12,Pass,,
SI-2026-0091,13,Pass,,
SI-2026-0091,14,Pass,,
SI-2026-0091,15,Pass,,
SI-2026-0091,16,Pass,,
SI-2026-0091,17,Pass,,
SI-2026-0091,18,Pass,,
SI-2026-0091,19,Pass,,
SI-2026-0091,20,Pass,,
SI-2026-0091,21,Pass,,
SI-2026-0091,22,Fail,Low,Walkway markings at level 2 worn and faded
SI-2026-0091,23,NA,,
SI-2026-0091,24,Pass,,
SI-2026-0092,1,Pass,,
SI-2026-0092,2,Fail,Low,Extinguisher at the mezzanine past its service date
SI-2026-0092,3,Fail,Low,Call point at the dock office blocked by stored materials
SI-2026-0092,4,Pass,,
SI-2026-0092,5,Pass,,
SI-2026-0092,6,Pass,,
SI-2026-0092,7,Pass,,
SI-2026-0092,8,Pass,,
SI-2026-0092,9,Fail,Medium,Pallets staged on pedestrian route near the dock office
SI-2026-0092,10,Fail,Low,Waste bins overflowing at aisle 4
SI-2026-0092,11,Pass,,
SI-2026-0092,12,Pass,,
SI-2026-0092,13,Pass,,
SI-2026-0092,14,Pass,,
SI-2026-0092,15,Pass,,
SI-2026-0092,16,Pass,,
SI-2026-0092,17,Pass,,
SI-2026-0092,18,Pass,,
SI-2026-0092,19,Pass,,
SI-2026-0092,20,Pass,,
SI-2026-0092,21,Pass,,
SI-2026-0092,22,Pass,,
SI-2026-0092,23,NA,,
SI-2026-0092,24,Pass,,
SI-2026-0093,1,Fail,Medium,Fire door at the dock office catches on frame and does not latch
SI-2026-0093,2,Pass,,
SI-2026-0093,3,Pass,,
SI-2026-0093,4,Pass,,
SI-2026-0093,5,Pass,,
SI-2026-0093,6,Pass,,
SI-2026-0093,7,Pass,,
SI-2026-0093,8,Pass,,
SI-2026-0093,9,Pass,,
SI-2026-0093,10,Fail,Medium,Waste bins overflowing at loading bay 6
SI-2026-0093,11,Pass,,
SI-2026-0093,12,Pass,,
SI-2026-0093,13,Fail,Low,Eye-wash bottle at the dock office past expiry
SI-2026-0093,14,Pass,,
SI-2026-0093,15,Pass,,
SI-2026-0093,16,Pass,,
SI-2026-0093,17,Pass,,
SI-2026-0093,18,Pass,,
SI-2026-0093,19,Pass,,
SI-2026-0093,20,Pass,,
SI-2026-0093,21,Pass,,
SI-2026-0093,22,Pass,,
SI-2026-0093,23,Pass,,
SI-2026-0093,24,Pass,,
SI-2026-0094,1,Pass,,
SI-2026-0094,2,Pass,,
SI-2026-0094,3,Pass,,
SI-2026-0094,4,Pass,,
SI-2026-0094,5,Pass,,
SI-2026-0094,6,Pass,,
SI-2026-0094,7,NA,,
SI-2026-0094,8,Pass,,
SI-2026-0094,9,Pass,,
SI-2026-0094,10,Pass,,
SI-2026-0094,11,Pass,,
SI-2026-0094,12,Pass,,
SI-2026-0094,13,Pass,,
SI-2026-0094,14,Pass,,
SI-2026-0094,15,Pass,,
SI-2026-0094,16,Pass,,
SI-2026-0094,17,Pass,,
SI-2026-0094,18,Pass,,
SI-2026-0094,19,Pass,,
SI-2026-0094,20,Pass,,
SI-2026-0094,21,Pass,,
SI-2026-0094,22,Pass,,
SI-2026-0094,23,Pass,,
SI-2026-0094,24,Pass,,
SI-2026-0095,1,Pass,,
SI-2026-0095,2,Pass,,
SI-2026-0095,3,Pass,,
SI-2026-0095,4,Pass,,
SI-2026-0095,5,Pass,,
SI-2026-0095,6,Pass,,
SI-2026-0095,7,Pass,,
SI-2026-0095,8,Pass,,
SI-2026-0095,9,Fail,Low,Pallets staged on pedestrian route near the north stairwell
SI-2026-0095,10,Pass,,
SI-2026-0095,11,Pass,,
SI-2026-0095,12,Pass,,
SI-2026-0095,13,Pass,,
SI-2026-0095,14,Pass,,
SI-2026-0095,15,Pass,,
SI-2026-0095,16,Pass,,
SI-2026-0095,17,Pass,,
SI-2026-0095,18,Pass,,
SI-2026-0095,19,Pass,,
SI-2026-0095,20,Pass,,
SI-2026-0095,21,Pass,,
SI-2026-0095,22,Pass,,
SI-2026-0095,23,Pass,,
SI-2026-0095,24,Pass,,
SI-2026-0096,1,Pass,,
SI-2026-0096,2,Pass,,
SI-2026-0096,3,Pass,,
SI-2026-0096,4,NA,,
SI-2026-0096,5,Pass,,
SI-2026-0096,6,Pass,,
SI-2026-0096,7,Pass,,
SI-2026-0096,8,Pass,,
SI-2026-0096,9,Pass,,
SI-2026-0096,10,Pass,,
SI-2026-0096,11,Fail,High,Work bench at the east exit cluttered with offcuts
SI-2026-0096,12,NA,,
SI-2026-0096,13,Pass,,
SI-2026-0096,14,Pass,,
SI-2026-0096,15,Pass,,
SI-2026-0096,16,Pass,,
SI-2026-0096,17,Pass,,
SI-2026-0096,18,Pass,,
SI-2026-0096,19,NA,,
SI-2026-0096,20,Pass,,
SI-2026-0096,21,Pass,,
SI-2026-0096,22,Pass,,
SI-2026-0096,23,NA,,
SI-2026-0096,24,Pass,,
SI-2026-0097,1,Pass,,
SI-2026-0097,2,Pass,,
SI-2026-0097,3,Fail,High,Call point at the main workshop blocked by stored materials
SI-2026-0097,4,Pass,,
SI-2026-0097,5,Pass,,
SI-2026-0097,6,NA,,
SI-2026-0097,7,Pass,,
SI-2026-0097,8,Pass,,
SI-2026-0097,9,Pass,,
SI-2026-0097,10,Pass,,
SI-2026-0097,11,Pass,,
SI-2026-0097,12,Pass,,
SI-2026-0097,13,Pass,,
SI-2026-0097,14,Pass,,
SI-2026-0097,15,Pass,,
SI-2026-0097,16,Pass,,
SI-2026-0097,17,Pass,,
SI-2026-0097,18,Pass,,
SI-2026-0097,19,Fail,Low,Untagged stepladder in use at store B
SI-2026-0097,20,Pass,,
SI-2026-0097,21,Pass,,
SI-2026-0097,22,Pass,,
SI-2026-0097,23,Fail,Low,Statutory notice board at bay 2 out of date
SI-2026-0097,24,Pass,,
SI-2026-0098,1,Pass,,
SI-2026-0098,2,Pass,,
SI-2026-0098,3,Fail,Low,Call point at store B blocked by stored materials
SI-2026-0098,4,Pass,,
SI-2026-0098,5,Pass,,
SI-2026-0098,6,Pass,,
SI-2026-0098,7,Pass,,
SI-2026-0098,8,Pass,,
SI-2026-0098,9,Pass,,
SI-2026-0098,10,NA,,
SI-2026-0098,11,Pass,,
SI-2026-0098,12,Pass,,
SI-2026-0098,13,Fail,Low,Eye-wash bottle at the dock office past expiry
SI-2026-0098,14,Pass,,
SI-2026-0098,15,Pass,,
SI-2026-0098,16,Fail,High,Welfare room at loading bay 6 without hot water
SI-2026-0098,17,Pass,,
SI-2026-0098,18,Pass,,
SI-2026-0098,19,Pass,,
SI-2026-0098,20,NA,,
SI-2026-0098,21,Fail,Low,Escape route sign above the dock office obscured by stock
SI-2026-0098,22,Pass,,
SI-2026-0098,23,Pass,,
SI-2026-0098,24,Fail,Medium,No vehicle warning signage at the main workshop crossing
SI-2026-0099,1,Pass,,
SI-2026-0099,2,Pass,,
SI-2026-0099,3,Pass,,
SI-2026-0099,4,Pass,,
SI-2026-0099,5,Pass,,
SI-2026-0099,6,Pass,,
SI-2026-0099,7,Pass,,
SI-2026-0099,8,Pass,,
SI-2026-0099,9,Pass,,
SI-2026-0099,10,Pass,,
SI-2026-0099,11,Fail,Medium,Work bench at bay 2 cluttered with offcuts
SI-2026-0099,12,Pass,,
SI-2026-0099,13,Pass,,
SI-2026-0099,14,Fail,Low,First-aid kit at the dock office missing dressings
SI-2026-0099,15,Pass,,
SI-2026-0099,16,Fail,Medium,Welfare room at aisle 4 without hot water
SI-2026-0099,17,Pass,,
SI-2026-0099,18,Pass,,
SI-2026-0099,19,NA,,
SI-2026-0099,20,Pass,,
SI-2026-0099,21,Pass,,
SI-2026-0099,22,Pass,,
SI-2026-0099,23,Fail,Medium,Statutory notice board at level 2 out of date
SI-2026-0099,24,Pass,,
SI-2026-0100,1,Pass,,
SI-2026-0100,2,Pass,,
SI-2026-0100,3,Pass,,
SI-2026-0100,4,Pass,,
SI-2026-0100,5,Pass,,
SI-2026-0100,6,Pass,,
SI-2026-0100,7,Pass,,
SI-2026-0100,8,Pass,,
SI-2026-0100,9,Fail,Low,Pallets staged on pedestrian route near the welfare cabin
SI-2026-0100,10,Pass,,
SI-2026-0100,11,NA,,
SI-2026-0100,12,Pass,,
SI-2026-0100,13,Fail,Low,Eye-wash bottle at the east exit past expiry
SI-2026-0100,14,Pass,,
SI-2026-0100,15,Pass,,
SI-2026-0100,16,Pass,,
SI-2026-0100,17,Pass,,
SI-2026-0100,18,Pass,,
SI-2026-0100,19,Fail,Medium,Untagged stepladder in use at the north stairwell
SI-2026-0100,20,Pass,,
SI-2026-0100,21,Pass,,
SI-2026-0100,22,Pass,,
SI-2026-0100,23,Pass,,
SI-2026-0100,24,Pass,,
SI-2026-0101,1,Pass,,
SI-2026-0101,2,Pass,,
SI-2026-0101,3,Fail,Medium,Call point at the dock office blocked by stored materials
SI-2026-0101,4,Pass,,
SI-2026-0101,5,Pass,,
SI-2026-0101,6,Pass,,
SI-2026-0101,7,Pass,,
SI-2026-0101,8,Pass,,
SI-2026-0101,9,Pass,,
SI-2026-0101,10,Pass,,
SI-2026-0101,11,Pass,,
SI-2026-0101,12,Pass,,
SI-2026-0101,13,Pass,,
SI-2026-0101,14,Pass,,
SI-2026-0101,15,Pass,,
SI-2026-0101,16,Pass,,
SI-2026-0101,17,Fail,Low,Racking tag at the yard gate out of date
SI-2026-0101,18,Pass,,
SI-2026-0101,19,Pass,,
SI-2026-0101,20,Pass,,
SI-2026-0101,21,Pass,,
SI-2026-0101,22,Pass,,
SI-2026-0101,23,NA,,
SI-2026-0101,24,Pass,,
SI-2026-0102,1,NA,,
SI-2026-0102,2,Pass,,
SI-2026-0102,3,Pass,,
SI-2026-0102,4,Pass,,
SI-2026-0102,5,Pass,,
SI-2026-0102,6,Pass,,
SI-2026-0102,7,Pass,,
SI-2026-0102,8,Pass,,
SI-2026-0102,9,Pass,,
SI-2026-0102,10,Pass,,
SI-2026-0102,11,NA,,
SI-2026-0102,12,Fail,Low,Spill kit at aisle 4 missing absorbent pads
SI-2026-0102,13,Fail,Low,Eye-wash bottle at the mezzanine past expiry
SI-2026-0102,14,Pass,,
SI-2026-0102,15,Pass,,
SI-2026-0102,16,Pass,,
SI-2026-0102,17,Pass,,
SI-2026-0102,18,Pass,,
SI-2026-0102,19,Pass,,
SI-2026-0102,20,Pass,,
SI-2026-0102,21,Pass,,
SI-2026-0102,22,Pass,,
SI-2026-0102,23,Pass,,
SI-2026-0102,24,Pass,,
SI-2026-0103,1,Pass,,
SI-2026-0103,2,Pass,,
SI-2026-0103,3,Pass,,
SI-2026-0103,4,Fail,Medium,Emergency light at the east exit not illuminating on test
SI-2026-0103,5,Pass,,
SI-2026-0103,6,Pass,,
SI-2026-0103,7,Fail,Low,Damaged extension lead in use at bay 2
SI-2026-0103,8,NA,,
SI-2026-0103,9,Pass,,
SI-2026-0103,10,Pass,,
SI-2026-0103,11,Pass,,
SI-2026-0103,12,Pass,,
SI-2026-0103,13,Pass,,
SI-2026-0103,14,Pass,,
SI-2026-0103,15,Pass,,
SI-2026-0103,16,Pass,,
SI-2026-0103,17,Pass,,
SI-2026-0103,18,Pass,,
SI-2026-0103,19,Pass,,
SI-2026-0103,20,Pass,,
SI-2026-0103,21,Pass,,
SI-2026-0103,22,Pass,,
SI-2026-0103,23,Pass,,
SI-2026-0103,24,Pass,,
SI-2026-0104,1,Pass,,
SI-2026-0104,2,Pass,,
SI-2026-0104,3,Pass,,
SI-2026-0104,4,Pass,,
SI-2026-0104,5,Pass,,
SI-2026-0104,6,Pass,,
SI-2026-0104,7,Pass,,
SI-2026-0104,8,Pass,,
SI-2026-0104,9,Pass,,
SI-2026-0104,10,Pass,,
SI-2026-0104,11,Pass,,
SI-2026-0104,12,Pass,,
SI-2026-0104,13,Pass,,
SI-2026-0104,14,Pass,,
SI-2026-0104,15,Pass,,
SI-2026-0104,16,Fail,Low,Welfare room at store B without hot water
SI-2026-0104,17,Pass,,
SI-2026-0104,18,Pass,,
SI-2026-0104,19,Pass,,
SI-2026-0104,20,Pass,,
SI-2026-0104,21,Fail,Low,Escape route sign above aisle 4 obscured by stock
SI-2026-0104,22,Pass,,
SI-2026-0104,23,Pass,,
SI-2026-0104,24,Pass,,
SI-2026-0105,1,Pass,,
SI-2026-0105,2,Pass,,
SI-2026-0105,3,Pass,,
SI-2026-0105,4,Pass,,
SI-2026-0105,5,Pass,,
SI-2026-0105,6,Pass,,
SI-2026-0105,7,Pass,,
SI-2026-0105,8,Pass,,
SI-2026-0105,9,Pass,,
SI-2026-0105,10,Fail,Low,Waste bins overflowing at the mezzanine
SI-2026-0105,11,Pass,,
SI-2026-0105,12,Fail,Low,Spill kit at aisle 4 missing absorbent pads
SI-2026-0105,13,Fail,Medium,Eye-wash bottle at bay 2 past expiry
SI-2026-0105,14,Pass,,
SI-2026-0105,15,Pass,,
SI-2026-0105,16,Pass,,
SI-2026-0105,17,Pass,,
SI-2026-0105,18,Pass,,
SI-2026-0105,19,Pass,,
SI-2026-0105,20,Pass,,
SI-2026-0105,21,Pass,,
SI-2026-0105,22,Pass,,
SI-2026-0105,23,Pass,,
SI-2026-0105,24,Pass,,
SI-2026-0106,1,Pass,,
SI-2026-0106,2,Pass,,
SI-2026-0106,3,Pass,,
SI-2026-0106,4,Fail,Low,Emergency light at the mezzanine not illuminating on test
SI-2026-0106,5,Fail,Low,PAT label at the dock office expired
SI-2026-0106,6,Pass,,
SI-2026-0106,7,Pass,,
SI-2026-0106,8,Pass,,
SI-2026-0106,9,Pass,,
SI-2026-0106,10,NA,,
SI-2026-0106,11,Pass,,
SI-2026-0106,12,Pass,,
SI-2026-0106,13,NA,,
SI-2026-0106,14,Pass,,
SI-2026-0106,15,Pass,,
SI-2026-0106,16,Pass,,
SI-2026-0106,17,Pass,,
SI-2026-0106,18,Pass,,
SI-2026-0106,19,Pass,,
SI-2026-0106,20,Pass,,
SI-2026-0106,21,Pass,,
SI-2026-0106,22,Pass,,
SI-2026-0106,23,Pass,,
SI-2026-0106,24,Pass,,
SI-2026-0107,1,Pass,,
SI-2026-0107,2,Pass,,
SI-2026-0107,3,Pass,,
SI-2026-0107,4,Fail,Low,Emergency light at the north stairwell not illuminating on test
SI-2026-0107,5,NA,,
SI-2026-0107,6,Pass,,
SI-2026-0107,7,Pass,,
SI-2026-0107,8,Pass,,
SI-2026-0107,9,Pass,,
SI-2026-0107,10,Pass,,
SI-2026-0107,11,Pass,,
SI-2026-0107,12,Pass,,
SI-2026-0107,13,Pass,,
SI-2026-0107,14,Pass,,
SI-2026-0107,15,NA,,
SI-2026-0107,16,Pass,,
SI-2026-0107,17,Pass,,
SI-2026-0107,18,Fail,Medium,Overloaded top beam at the east exit
SI-2026-0107,19,Pass,,
SI-2026-0107,20,Pass,,
SI-2026-0107,21,Pass,,
SI-2026-0107,22,Pass,,
SI-2026-0107,23,Pass,,
SI-2026-0107,24,Pass,,
SI-2026-0108,1,Fail,Low,Fire door at loading bay 6 catches on frame and does not latch
SI-2026-0108,2,Fail,Low,Extinguisher at level 2 past its service date
SI-2026-0108,3,Pass,,
SI-2026-0108,4,Pass,,
SI-2026-0108,5,Pass,,
SI-2026-0108,6,Pass,,
SI-2026-0108,7,Pass,,
SI-2026-0108,8,Pass,,
SI-2026-0108,9,Pass,,
SI-2026-0108,10,Pass,,
SI-2026-0108,11,Pass,,
SI-2026-0108,12,Pass,,
SI-2026-0108,13,Pass,,
SI-2026-0108,14,Pass,,
SI-2026-0108,15,Pass,,
SI-2026-0108,16,NA,,
SI-2026-0108,17,Pass,,
SI-2026-0108,18,Pass,,
SI-2026-0108,19,Pass,,
SI-2026-0108,20,Pass,,
SI-2026-0108,21,Pass,,
SI-2026-0108,22,Pass,,
SI-2026-0108,23,Pass,,
SI-2026-0108,24,Pass,,
SI-2026-0109,1,Pass,,
SI-2026-0109,2,Pass,,
SI-2026-0109,3,Pass,,
SI-2026-0109,4,Pass,,
SI-2026-0109,5,Pass,,
SI-2026-0109,6,Pass,,
SI-2026-0109,7,Pass,,
SI-2026-0109,8,Pass,,
SI-2026-0109,9,Pass,,
SI-2026-0109,10,Pass,,
SI-2026-0109,11,Pass,,
SI-2026-0109,12,Pass,,
SI-2026-0109,13,Pass,,
SI-2026-0109,14,Pass,,
SI-2026-0109,15,Pass,,
SI-2026-0109,16,Fail,Low,Welfare room at the north stairwell without hot water
SI-2026-0109,17,Pass,,
SI-2026-0109,18,Pass,,
SI-2026-0109,19,Pass,,
SI-2026-0109,20,Pass,,
SI-2026-0109,21,Pass,,
SI-2026-0109,22,NA,,
SI-2026-0109,23,Pass,,
SI-2026-0109,24,Fail,Low,No vehicle warning signage at aisle 4 crossing
SI-2026-0110,1,Pass,,
SI-2026-0110,2,Pass,,
SI-2026-0110,3,Pass,,
SI-2026-0110,4,Pass,,
SI-2026-0110,5,Pass,,
SI-2026-0110,6,Pass,,
SI-2026-0110,7,Pass,,
SI-2026-0110,8,Pass,,
SI-2026-0110,9,Pass,,
SI-2026-0110,10,Pass,,
SI-2026-0110,11,Fail,Low,Work bench at the yard gate cluttered with offcuts
SI-2026-0110,12,Pass,,
SI-2026-0110,13,Pass,,
SI-2026-0110,14,Pass,,
SI-2026-0110,15,Pass,,
SI-2026-0110,16,Pass,,
SI-2026-0110,17,Pass,,
SI-2026-0110,18,Fail,Low,Overloaded top beam at aisle 4
SI-2026-0110,19,Pass,,
SI-2026-0110,20,Pass,,
SI-2026-0110,21,Pass,,
SI-2026-0110,22,Pass,,
SI-2026-0110,23,Pass,,
SI-2026-0110,24,Fail,Medium,No vehicle warning signage at level 2 crossing
SI-2026-0111,1,Pass,,
SI-2026-0111,2,Pass,,
SI-2026-0111,3,NA,,
SI-2026-0111,4,Pass,,
SI-2026-0111,5,Pass,,
SI-2026-0111,6,Pass,,
SI-2026-0111,7,Pass,,
SI-2026-0111,8,Pass,,
SI-2026-0111,9,Pass,,
SI-2026-0111,10,Pass,,
SI-2026-0111,11,Pass,,
SI-2026-0111,12,Pass,,
SI-2026-0111,13,Fail,Low,Eye-wash bottle at bay 2 past expiry
SI-2026-0111,14,Pass,,
SI-2026-0111,15,NA,,
SI-2026-0111,16,Pass,,
SI-2026-0111,17,Pass,,
SI-2026-0111,18,Pass,,
SI-2026-0111,19,Pass,,
SI-2026-0111,20,NA,,
SI-2026-0111,21,Pass,,
SI-2026-0111,22,Pass,,
SI-2026-0111,23,Fail,Low,Statutory notice board at store B out of date
SI-2026-0111,24,Pass,,
SI-2026-0112,1,NA,,
SI-2026-0112,2,Pass,,
SI-2026-0112,3,Pass,,
SI-2026-0112,4,Pass,,
SI-2026-0112,5,Pass,,
SI-2026-0112,6,Pass,,
SI-2026-0112,7,Pass,,
SI-2026-0112,8,Pass,,
SI-2026-0112,9,Pass,,
SI-2026-0112,10,Pass,,
SI-2026-0112,11,Pass,,
SI-2026-0112,12,Pass,,
SI-2026-0112,13,Pass,,
SI-2026-0112,14,Pass,,
SI-2026-0112,15,Pass,,
SI-2026-0112,16,Pass,,
SI-2026-0112,17,Pass,,
SI-2026-0112,18,Pass,,
SI-2026-0112,19,Pass,,
SI-2026-0112,20,Pass,,
SI-2026-0112,21,Pass,,
SI-2026-0112,22,Pass,,
SI-2026-0112,23,Pass,,
SI-2026-0112,24,Pass,,
SI-2026-0113,1,Pass,,
SI-2026-0113,2,Pass,,
SI-2026-0113,3,Pass,,
SI-2026-0113,4,Pass,,
SI-2026-0113,5,Pass,,
SI-2026-0113,6,Pass,,
SI-2026-0113,7,Pass,,
SI-2026-0113,8,Pass,,
SI-2026-0113,9,Pass,,
SI-2026-0113,10,Pass,,
SI-2026-0113,11,Pass,,
SI-2026-0113,12,Pass,,
SI-2026-0113,13,Pass,,
SI-2026-0113,14,Pass,,
SI-2026-0113,15,Pass,,
SI-2026-0113,16,Pass,,
SI-2026-0113,17,Pass,,
SI-2026-0113,18,Pass,,
SI-2026-0113,19,Pass,,
SI-2026-0113,20,Pass,,
SI-2026-0113,21,Pass,,
SI-2026-0113,22,Pass,,
SI-2026-0113,23,Pass,,
SI-2026-0113,24,Fail,Low,No vehicle warning signage at the main workshop crossing
SI-2026-0114,1,NA,,
SI-2026-0114,2,Pass,,
SI-2026-0114,3,Pass,,
SI-2026-0114,4,Pass,,
SI-2026-0114,5,Pass,,
SI-2026-0114,6,Pass,,
SI-2026-0114,7,Pass,,
SI-2026-0114,8,Pass,,
SI-2026-0114,9,Pass,,
SI-2026-0114,10,Pass,,
SI-2026-0114,11,Pass,,
SI-2026-0114,12,Pass,,
SI-2026-0114,13,Pass,,
SI-2026-0114,14,Pass,,
SI-2026-0114,15,Pass,,
SI-2026-0114,16,Pass,,
SI-2026-0114,17,Pass,,
SI-2026-0114,18,Pass,,
SI-2026-0114,19,Pass,,
SI-2026-0114,20,Pass,,
SI-2026-0114,21,Pass,,
SI-2026-0114,22,Pass,,
SI-2026-0114,23,Pass,,
SI-2026-0114,24,Fail,Low,No vehicle warning signage at bay 2 crossing
SI-2026-0115,1,Pass,,
SI-2026-0115,2,Pass,,
SI-2026-0115,3,Pass,,
SI-2026-0115,4,Pass,,
SI-2026-0115,5,Pass,,
SI-2026-0115,6,Pass,,
SI-2026-0115,7,Pass,,
SI-2026-0115,8,Pass,,
SI-2026-0115,9,Pass,,
SI-2026-0115,10,Pass,,
SI-2026-0115,11,Pass,,
SI-2026-0115,12,Pass,,
SI-2026-0115,13,Pass,,
SI-2026-0115,14,Pass,,
SI-2026-0115,15,Pass,,
SI-2026-0115,16,Pass,,
SI-2026-0115,17,Pass,,
SI-2026-0115,18,Pass,,
SI-2026-0115,19,Pass,,
SI-2026-0115,20,Pass,,
SI-2026-0115,21,NA,,
SI-2026-0115,22,Pass,,
SI-2026-0115,23,Pass,,
SI-2026-0115,24,Pass,,
SI-2026-0116,1,Pass,,
SI-2026-0116,2,Pass,,
SI-2026-0116,3,Fail,Low,Call point at aisle 4 blocked by stored materials
SI-2026-0116,4,Pass,,
SI-2026-0116,5,Pass,,
SI-2026-0116,6,Pass,,
SI-2026-0116,7,Pass,,
SI-2026-0116,8,Pass,,
SI-2026-0116,9,Pass,,
SI-2026-0116,10,Pass,,
SI-2026-0116,11,Pass,,
SI-2026-0116,12,Fail,Medium,Spill kit at bay 2 missing absorbent pads
SI-2026-0116,13,Pass,,
SI-2026-0116,14,Pass,,
SI-2026-0116,15,Pass,,
SI-2026-0116,16,Pass,,
SI-2026-0116,17,Pass,,
SI-2026-0116,18,Pass,,
SI-2026-0116,19,Pass,,
SI-2026-0116,20,Pass,,
SI-2026-0116,21,Pass,,
SI-2026-0116,22,Fail,Low,Walkway markings at bay 2 worn and faded
SI-2026-0116,23,Pass,,
SI-2026-0116,24,Pass,,
SI-2026-0117,1,Pass,,
SI-2026-0117,2,Pass,,
SI-2026-0117,3,Pass,,
SI-2026-0117,4,Pass,,
SI-2026-0117,5,Pass,,
SI-2026-0117,6,Pass,,
SI-2026-0117,7,Pass,,
SI-2026-0117,8,Fail,Low,Isolation switch at bay 2 obstructed
SI-2026-0117,9,Pass,,
SI-2026-0117,10,Pass,,
SI-2026-0117,11,Pass,,
SI-2026-0117,12,Pass,,
SI-2026-0117,13,Pass,,
SI-2026-0117,14,Pass,,
SI-2026-0117,15,Fail,Medium,Operative without hi-vis near store B
SI-2026-0117,16,Fail,Low,Welfare room at the yard gate without hot water
SI-2026-0117,17,Pass,,
SI-2026-0117,18,Fail,Medium,Overloaded top beam at aisle 4
SI-2026-0117,19,Pass,,
SI-2026-0117,20,Pass,,
SI-2026-0117,21,Pass,,
SI-2026-0117,22,Pass,,
SI-2026-0117,23,Pass,,
SI-2026-0117,24,Fail,Medium,No vehicle warning signage at level 2 crossing
SI-2026-0118,1,Fail,Low,Fire door at aisle 4 catches on frame and does not latch
SI-2026-0118,2,Pass,,
SI-2026-0118,3,Pass,,
SI-2026-0118,4,Pass,,
SI-2026-0118,5,Pass,,
SI-2026-0118,6,Pass,,
SI-2026-0118,7,Pass,,
SI-2026-0118,8,Pass,,
SI-2026-0118,9,Pass,,
SI-2026-0118,10,Pass,,
SI-2026-0118,11,Pass,,
SI-2026-0118,12,Pass,,
SI-2026-0118,13,Pass,,
SI-2026-0118,14,Pass,,
SI-2026-0118,15,Pass,,
SI-2026-0118,16,Pass,,
SI-2026-0118,17,Pass,,
SI-2026-0118,18,Pass,,
SI-2026-0118,19,Pass,,
SI-2026-0118,20,Pass,,
SI-2026-0118,21,Pass,,
SI-2026-0118,22,Pass,,
SI-2026-0118,23,Pass,,
SI-2026-0118,24,Pass,,
SI-2026-0119,1,Pass,,
SI-2026-0119,2,Pass,,
SI-2026-0119,3,Pass,,
SI-2026-0119,4,Fail,High,Emergency light at level 2 not illuminating on test
SI-2026-0119,5,Pass,,
SI-2026-0119,6,Pass,,
SI-2026-0119,7,Pass,,
SI-2026-0119,8,Pass,,
SI-2026-0119,9,Pass,,
SI-2026-0119,10,Pass,,
SI-2026-0119,11,Fail,Low,Work bench at the main workshop cluttered with offcuts
SI-2026-0119,12,Pass,,
SI-2026-0119,13,Pass,,
SI-2026-0119,14,Pass,,
SI-2026-0119,15,Pass,,
SI-2026-0119,16,Pass,,
SI-2026-0119,17,Pass,,
SI-2026-0119,18,Pass,,
SI-2026-0119,19,Pass,,
SI-2026-0119,20,Pass,,
SI-2026-0119,21,Fail,Medium,Escape route sign above aisle 4 obscured by stock
SI-2026-0119,22,Pass,,
SI-2026-0119,23,Pass,,
SI-2026-0119,24,Fail,Medium,No vehicle warning signage at the dock office crossing
SI-2026-0120,1,Fail,Low,Fire door at aisle 4 catches on frame and does not latch
SI-2026-0120,2,Pass,,
SI-2026-0120,3,Pass,,
SI-2026-0120,4,Fail,Low,Emergency light at the mezzanine not illuminating on test
SI-2026-0120,5,Pass,,
SI-2026-0120,6,NA,,
SI-2026-0120,7,Pass,,
SI-2026-0120,8,Pass,,
SI-2026-0120,9,Pass,,
SI-2026-0120,10,Pass,,
SI-2026-0120,11,Fail,Medium,Work bench at the mezzanine cluttered with offcuts
SI-2026-0120,12,Pass,,
SI-2026-0120,13,Pass,,
SI-2026-0120,14,Pass,,
SI-2026-0120,15,Pass,,
SI-2026-0120,16,Pass,,
SI-2026-0120,17,Fail,Low,Racking tag at the north stairwell out of date
SI-2026-0120,18,Pass,,
SI-2026-0120,19,Fail,Low,Untagged stepladder in use at the main workshop
SI-2026-0120,20,Pass,,
SI-2026-0120,21,Pass,,
SI-2026-0120,22,Pass,,
SI-2026-0120,23,Pass,,
SI-2026-0120,24,Pass,,
SI-2026-0121,1,Fail,Low,Fire door at level 2 catches on frame and does not latch
SI-2026-0121,2,Pass,,
SI-2026-0121,3,Pass,,
SI-2026-0121,4,Pass,,
SI-2026-0121,5,Pass,,
SI-2026-0121,6,Pass,,
SI-2026-0121,7,Pass,,
SI-2026-0121,8,Pass,,
SI-2026-0121,9,Pass,,
SI-2026-0121,10,Pass,,
SI-2026-0121,11,Pass,,
SI-2026-0121,12,Pass,,
SI-2026-0121,13,Fail,Low,Eye-wash bottle at store B past expiry
SI-2026-0121,14,Pass,,
SI-2026-0121,15,Pass,,
SI-2026-0121,16,Fail,Low,Welfare room at the yard gate without hot water
SI-2026-0121,17,Pass,,
SI-2026-0121,18,Fail,Low,Overloaded top beam at the east exit
SI-2026-0121,19,Pass,,
SI-2026-0121,20,Pass,,
SI-2026-0121,21,Pass,,
SI-2026-0121,22,Pass,,
SI-2026-0121,23,Pass,,
SI-2026-0121,24,Pass,,
SI-2026-0122,1,Pass,,
SI-2026-0122,2,Pass,,
SI-2026-0122,3,Pass,,
SI-2026-0122,4,Pass,,
SI-2026-0122,5,Pass,,
SI-2026-0122,6,Pass,,
SI-2026-0122,7,Pass,,
SI-2026-0122,8,Pass,,
SI-2026-0122,9,Pass,,
SI-2026-0122,10,Pass,,
SI-2026-0122,11,Pass,,
SI-2026-0122,12,Pass,,
SI-2026-0122,13,Pass,,
SI-2026-0122,14,Pass,,
SI-2026-0122,15,Pass,,
SI-2026-0122,16,Pass,,
SI-2026-0122,17,Pass,,
SI-2026-0122,18,Pass,,
SI-2026-0122,19,Pass,,
SI-2026-0122,20,Pass,,
SI-2026-0122,21,Pass,,
SI-2026-0122,22,Pass,,
SI-2026-0122,23,Pass,,
SI-2026-0122,24,Pass,,
SI-2026-0123,1,Pass,,
SI-2026-0123,2,Pass,,
SI-2026-0123,3,Fail,Low,Call point at the north stairwell blocked by stored materials
SI-2026-0123,4,Pass,,
SI-2026-0123,5,Pass,,
SI-2026-0123,6,Pass,,
SI-2026-0123,7,Pass,,
SI-2026-0123,8,Pass,,
SI-2026-0123,9,NA,,
SI-2026-0123,10,NA,,
SI-2026-0123,11,Pass,,
SI-2026-0123,12,Pass,,
SI-2026-0123,13,Pass,,
SI-2026-0123,14,Pass,,
SI-2026-0123,15,Pass,,
SI-2026-0123,16,Pass,,
SI-2026-0123,17,Pass,,
SI-2026-0123,18,Pass,,
SI-2026-0123,19,Pass,,
SI-2026-0123,20,Pass,,
SI-2026-0123,21,Pass,,
SI-2026-0123,22,Pass,,
SI-2026-0123,23,Pass,,
SI-2026-0123,24,Pass,,
SI-2026-0124,1,NA,,
SI-2026-0124,2,Pass,,
SI-2026-0124,3,Pass,,
SI-2026-0124,4,Pass,,
SI-2026-0124,5,Pass,,
SI-2026-0124,6,Fail,Low,Distribution board at the welfare cabin left open and unlabelled
SI-2026-0124,7,Fail,Low,Damaged extension lead in use at aisle 4
SI-2026-0124,8,Pass,,
SI-2026-0124,9,Pass,,
SI-2026-0124,10,Pass,,
SI-2026-0124,11,Pass,,
SI-2026-0124,12,Pass,,
SI-2026-0124,13,Pass,,
SI-2026-0124,14,Pass,,
SI-2026-0124,15,Fail,Low,Operative without hi-vis near the mezzanine
SI-2026-0124,16,Pass,,
SI-2026-0124,17,Pass,,
SI-2026-0124,18,Pass,,
SI-2026-0124,19,Pass,,
SI-2026-0124,20,Pass,,
SI-2026-0124,21,Pass,,
SI-2026-0124,22,Pass,,
SI-2026-0124,23,Pass,,
SI-2026-0124,24,Pass,,
SI-2026-0125,1,Pass,,
SI-2026-0125,2,Pass,,
SI-2026-0125,3,Fail,Low,Call point at level 2 blocked by stored materials
SI-2026-0125,4,Pass,,
SI-2026-0125,5,Pass,,
SI-2026-0125,6,Pass,,
SI-2026-0125,7,Pass,,
SI-2026-0125,8,Pass,,
SI-2026-0125,9,Pass,,
SI-2026-0125,10,Pass,,
SI-2026-0125,11,Pass,,
SI-2026-0125,12,Pass,,
SI-2026-0125,13,Pass,,
SI-2026-0125,14,Pass,,
SI-2026-0125,15,Pass,,
SI-2026-0125,16,Pass,,
SI-2026-0125,17,Pass,,
SI-2026-0125,18,NA,,
SI-2026-0125,19,Pass,,
SI-2026-0125,20,Pass,,
SI-2026-0125,21,Pass,,
SI-2026-0125,22,Pass,,
SI-2026-0125,23,Fail,Low,Statutory notice board at the north stairwell out of date
SI-2026-0125,24,Pass,,
SI-2026-0126,1,Pass,,
SI-2026-0126,2,Pass,,
SI-2026-0126,3,Pass,,
SI-2026-0126,4,Pass,,
SI-2026-0126,5,Pass,,
SI-2026-0126,6,Pass,,
SI-2026-0126,7,Pass,,
SI-2026-0126,8,Pass,,
SI-2026-0126,9,Pass,,
SI-2026-0126,10,Pass,,
SI-2026-0126,11,Pass,,
SI-2026-0126,12,Pass,,
SI-2026-0126,13,Pass,,
SI-2026-0126,14,Pass,,
SI-2026-0126,15,Pass,,
SI-2026-0126,16,Pass,,
SI-2026-0126,17,Pass,,
SI-2026-0126,18,Pass,,
SI-2026-0126,19,Pass,,
SI-2026-0126,20,Pass,,
SI-2026-0126,21,Pass,,
SI-2026-0126,22,Pass,,
SI-2026-0126,23,Pass,,
SI-2026-0126,24,Pass,,
SI-2026-0127,1,Pass,,
SI-2026-0127,2,Pass,,
SI-2026-0127,3,Pass,,
SI-2026-0127,4,Pass,,
SI-2026-0127,5,Pass,,
SI-2026-0127,6,Pass,,
SI-2026-0127,7,Pass,,
SI-2026-0127,8,Pass,,
SI-2026-0127,9,Pass,,
SI-2026-0127,10,Pass,,
SI-2026-0127,11,Pass,,
SI-2026-0127,12,Pass,,
SI-2026-0127,13,Pass,,
SI-2026-0127,14,NA,,
SI-2026-0127,15,Pass,,
SI-2026-0127,16,Pass,,
SI-2026-0127,17,Pass,,
SI-2026-0127,18,Pass,,
SI-2026-0127,19,Pass,,
SI-2026-0127,20,Fail,Low,COSHH register at aisle 4 not updated this quarter
SI-2026-0127,21,Fail,Medium,Escape route sign above the yard gate obscured by stock
SI-2026-0127,22,Pass,,
SI-2026-0127,23,Fail,Medium,Statutory notice board at bay 2 out of date
SI-2026-0127,24,Pass,,
SI-2026-0128,1,Pass,,
SI-2026-0128,2,Pass,,
SI-2026-0128,3,Pass,,
SI-2026-0128,4,Pass,,
SI-2026-0128,5,Pass,,
SI-2026-0128,6,Pass,,
SI-2026-0128,7,Pass,,
SI-2026-0128,8,Pass,,
SI-2026-0128,9,Pass,,
SI-2026-0128,10,Pass,,
SI-2026-0128,11,Pass,,
SI-2026-0128,12,Pass,,
SI-2026-0128,13,Pass,,
SI-2026-0128,14,Pass,,
SI-2026-0128,15,Pass,,
SI-2026-0128,16,Fail,Low,Welfare room at the north stairwell without hot water
SI-2026-0128,17,Pass,,
SI-2026-0128,18,Pass,,
SI-2026-0128,19,Pass,,
SI-2026-0128,20,Pass,,
SI-2026-0128,21,Pass,,
SI-2026-0128,22,Pass,,
SI-2026-0128,23,Pass,,
SI-2026-0128,24,Pass,,
SI-2026-0129,1,Pass,,
SI-2026-0129,2,Pass,,
SI-2026-0129,3,Pass,,
SI-2026-0129,4,Pass,,
SI-2026-0129,5,Pass,,
SI-2026-0129,6,Pass,,
SI-2026-0129,7,Pass,,
SI-2026-0129,8,Pass,,
SI-2026-0129,9,Pass,,
SI-2026-0129,10,Fail,Low,Waste bins overflowing at loading bay 6
SI-2026-0129,11,NA,,
SI-2026-0129,12,Pass,,
SI-2026-0129,13,NA,,
SI-2026-0129,14,Pass,,
SI-2026-0129,15,Pass,,
SI-2026-0129,16,Pass,,
SI-2026-0129,17,Pass,,
SI-2026-0129,18,Pass,,
SI-2026-0129,19,Pass,,
SI-2026-0129,20,Pass,,
SI-2026-0129,21,Fail,Low,Escape route sign above store B obscured by stock
SI-2026-0129,22,Pass,,
SI-2026-0129,23,Pass,,
SI-2026-0129,24,Pass,,
SI-2026-0130,1,Pass,,
SI-2026-0130,2,Pass,,
SI-2026-0130,3,Pass,,
SI-2026-0130,4,Pass,,
SI-2026-0130,5,Pass,,
SI-2026-0130,6,Pass,,
SI-2026-0130,7,Pass,,
SI-2026-0130,8,Pass,,
SI-2026-0130,9,Pass,,
SI-2026-0130,10,NA,,
SI-2026-0130,11,Pass,,
SI-2026-0130,12,Pass,,
SI-2026-0130,13,Pass,,
SI-2026-0130,14,Pass,,
SI-2026-0130,15,Pass,,
SI-2026-0130,16,Fail,Low,Welfare room at the welfare cabin without hot water
SI-2026-0130,17,Pass,,
SI-2026-0130,18,Fail,Medium,Overloaded top beam at the dock office
SI-2026-0130,19,Pass,,
SI-2026-0130,20,Pass,,
SI-2026-0130,21,Pass,,
SI-2026-0130,22,Fail,Low,Walkway markings at the north stairwell worn and faded
SI-2026-0130,23,Fail,Low,Statutory notice board at store B out of date
SI-2026-0130,24,Pass,,
SI-2026-0131,1,Pass,,
SI-2026-0131,2,Pass,,
SI-2026-0131,3,Pass,,
SI-2026-0131,4,Pass,,
SI-2026-0131,5,NA,,
SI-2026-0131,6,Pass,,
SI-2026-0131,7,Pass,,
SI-2026-0131,8,Pass,,
SI-2026-0131,9,Pass,,
SI-2026-0131,10,Pass,,
SI-2026-0131,11,Pass,,
SI-2026-0131,12,Pass,,
SI-2026-0131,13,Pass,,
SI-2026-0131,14,Pass,,
SI-2026-0131,15,Pass,,
SI-2026-0131,16,Pass,,
SI-2026-0131,17,Pass,,
SI-2026-0131,18,Pass,,
SI-2026-0131,19,Pass,,
SI-2026-0131,20,Pass,,
SI-2026-0131,21,Pass,,
SI-2026-0131,22,Pass,,
SI-2026-0131,23,Pass,,
SI-2026-0131,24,Pass,,
SI-2026-0132,1,Pass,,
SI-2026-0132,2,Fail,Low,Extinguisher at bay 2 past its service date
SI-2026-0132,3,Pass,,
SI-2026-0132,4,Pass,,
SI-2026-0132,5,Pass,,
SI-2026-0132,6,Pass,,
SI-2026-0132,7,Pass,,
SI-2026-0132,8,NA,,
SI-2026-0132,9,Fail,Medium,Pallets staged on pedestrian route near aisle 4
SI-2026-0132,10,Pass,,
SI-2026-0132,11,Pass,,
SI-2026-0132,12,Pass,,
SI-2026-0132,13,Pass,,
SI-2026-0132,14,Fail,Medium,First-aid kit at the dock office missing dressings
SI-2026-0132,15,Pass,,
SI-2026-0132,16,Pass,,
SI-2026-0132,17,Pass,,
SI-2026-0132,18,Fail,Low,Overloaded top beam at aisle 4
SI-2026-0132,19,NA,,
SI-2026-0132,20,Fail,Low,COSHH register at the dock office not updated this quarter
SI-2026-0132,21,Pass,,
SI-2026-0132,22,Pass,,
SI-2026-0132,23,Pass,,
SI-2026-0132,24,Pass,,
SI-2026-0133,1,Pass,,
SI-2026-0133,2,Pass,,
SI-2026-0133,3,Pass,,
SI-2026-0133,4,Pass,,
SI-2026-0133,5,Pass,,
SI-2026-0133,6,Pass,,
SI-2026-0133,7,Pass,,
SI-2026-0133,8,Pass,,
SI-2026-0133,9,Pass,,
SI-2026-0133,10,Pass,,
SI-2026-0133,11,Pass,,
SI-2026-0133,12,Fail,Low,Spill kit at the yard gate missing absorbent pads
SI-2026-0133,13,Pass,,
SI-2026-0133,14,Pass,,
SI-2026-0133,15,Pass,,
SI-2026-0133,16,Pass,,
SI-2026-0133,17,Pass,,
SI-2026-0133,18,Pass,,
SI-2026-0133,19,Pass,,
SI-2026-0133,20,NA,,
SI-2026-0133,21,Pass,,
SI-2026-0133,22,Pass,,
SI-2026-0133,23,Pass,,
SI-2026-0133,24,Pass,,
SI-2026-0134,1,Pass,,
SI-2026-0134,2,Pass,,
SI-2026-0134,3,Pass,,
SI-2026-0134,4,Pass,,
SI-2026-0134,5,Pass,,
SI-2026-0134,6,Pass,,
SI-2026-0134,7,Pass,,
SI-2026-0134,8,Pass,,
SI-2026-0134,9,Fail,Low,Pallets staged on pedestrian route near the mezzanine
SI-2026-0134,10,Pass,,
SI-2026-0134,11,Pass,,
SI-2026-0134,12,Pass,,
SI-2026-0134,13,Pass,,
SI-2026-0134,14,Fail,Low,First-aid kit at the yard gate missing dressings
SI-2026-0134,15,NA,,
SI-2026-0134,16,NA,,
SI-2026-0134,17,Pass,,
SI-2026-0134,18,Pass,,
SI-2026-0134,19,Pass,,
SI-2026-0134,20,Pass,,
SI-2026-0134,21,Pass,,
SI-2026-0134,22,Pass,,
SI-2026-0134,23,NA,,
SI-2026-0134,24,Fail,Low,No vehicle warning signage at the dock office crossing
SI-2026-0135,1,Pass,,
SI-2026-0135,2,Pass,,
SI-2026-0135,3,Fail,High,Call point at aisle 4 blocked by stored materials
SI-2026-0135,4,Pass,,
SI-2026-0135,5,Pass,,
SI-2026-0135,6,Pass,,
SI-2026-0135,7,Pass,,
SI-2026-0135,8,Pass,,
SI-2026-0135,9,Pass,,
SI-2026-0135,10,Pass,,
SI-2026-0135,11,Pass,,
SI-2026-0135,12,Pass,,
SI-2026-0135,13,Pass,,
SI-2026-0135,14,Pass,,
SI-2026-0135,15,Pass,,
SI-2026-0135,16,Pass,,
SI-2026-0135,17,Pass,,
SI-2026-0135,18,Pass,,
SI-2026-0135,19,Pass,,
SI-2026-0135,20,Pass,,
SI-2026-0135,21,Pass,,
SI-2026-0135,22,Pass,,
SI-2026-0135,23,Pass,,
SI-2026-0135,24,Pass,,
SI-2026-0136,1,Pass,,
SI-2026-0136,2,Pass,,
SI-2026-0136,3,NA,,
SI-2026-0136,4,Pass,,
SI-2026-0136,5,Pass,,
SI-2026-0136,6,Pass,,
SI-2026-0136,7,Pass,,
SI-2026-0136,8,Pass,,
SI-2026-0136,9,Pass,,
SI-2026-0136,10,Pass,,
SI-2026-0136,11,Pass,,
SI-2026-0136,12,Pass,,
SI-2026-0136,13,Pass,,
SI-2026-0136,14,Pass,,
SI-2026-0136,15,Pass,,
SI-2026-0136,16,Pass,,
SI-2026-0136,17,Pass,,
SI-2026-0136,18,Pass,,
SI-2026-0136,19,Pass,,
SI-2026-0136,20,Pass,,
SI-2026-0136,21,Fail,Low,Escape route sign above the main workshop obscured by stock
SI-2026-0136,22,Pass,,
SI-2026-0136,23,Fail,High,Statutory notice board at the east exit out of date
SI-2026-0136,24,Pass,,
SI-2026-0137,1,Pass,,
SI-2026-0137,2,Pass,,
SI-2026-0137,3,Pass,,
SI-2026-0137,4,Fail,Medium,Emergency light at the main workshop not illuminating on test
SI-2026-0137,5,Pass,,
SI-2026-0137,6,Pass,,
SI-2026-0137,7,Pass,,
SI-2026-0137,8,Pass,,
SI-2026-0137,9,Pass,,
SI-2026-0137,10,NA,,
SI-2026-0137,11,Pass,,
SI-2026-0137,12,Pass,,
SI-2026-0137,13,Pass,,
SI-2026-0137,14,Fail,Low,First-aid kit at bay 2 missing dressings
SI-2026-0137,15,Pass,,
SI-2026-0137,16,Pass,,
SI-2026-0137,17,Pass,,
SI-2026-0137,18,Fail,Low,Overloaded top beam at the mezzanine
SI-2026-0137,19,Pass,,
SI-2026-0137,20,Pass,,
SI-2026-0137,21,Pass,,
SI-2026-0137,22,Pass,,
SI-2026-0137,23,Pass,,
SI-2026-0137,24,Pass,,
SI-2026-0138,1,Pass,,
SI-2026-0138,2,Pass,,
SI-2026-0138,3,Pass,,
SI-2026-0138,4,Pass,,
SI-2026-0138,5,Pass,,
SI-2026-0138,6,Pass,,
SI-2026-0138,7,Pass,,
SI-2026-0138,8,Pass,,
SI-2026-0138,9,Fail,Medium,Pallets staged on pedestrian route near aisle 4
SI-2026-0138,10,Pass,,
SI-2026-0138,11,Pass,,
SI-2026-0138,12,Pass,,
SI-2026-0138,13,Fail,Low,Eye-wash bottle at the north stairwell past expiry
SI-2026-0138,14,Pass,,
SI-2026-0138,15,Pass,,
SI-2026-0138,16,Pass,,
SI-2026-0138,17,Pass,,
SI-2026-0138,18,Pass,,
SI-2026-0138,19,Pass,,
SI-2026-0138,20,Pass,,
SI-2026-0138,21,Pass,,
SI-2026-0138,22,Fail,Low,Walkway markings at the main workshop worn and faded
SI-2026-0138,23,Pass,,
SI-2026-0138,24,Pass,,
SI-2026-0139,1,Pass,,
SI-2026-0139,2,Pass,,
SI-2026-0139,3,Pass,,
SI-2026-0139,4,Pass,,
SI-2026-0139,5,Pass,,
SI-2026-0139,6,Pass,,
SI-2026-0139,7,Pass,,
SI-2026-0139,8,Pass,,
SI-2026-0139,9,Pass,,
SI-2026-0139,10,Fail,Low,Waste bins overflowing at loading bay 6
SI-2026-0139,11,Pass,,
SI-2026-0139,12,Pass,,
SI-2026-0139,13,Pass,,
SI-2026-0139,14,Pass,,
SI-2026-0139,15,Pass,,
SI-2026-0139,16,Pass,,
SI-2026-0139,17,Pass,,
SI-2026-0139,18,Pass,,
SI-2026-0139,19,Pass,,
SI-2026-0139,20,Pass,,
SI-2026-0139,21,Pass,,
SI-2026-0139,22,Pass,,
SI-2026-0139,23,Fail,Low,Statutory notice board at the east exit out of date
SI-2026-0139,24,Pass,,
SI-2026-0140,1,Pass,,
SI-2026-0140,2,Pass,,
SI-2026-0140,3,Pass,,
SI-2026-0140,4,Pass,,
SI-2026-0140,5,Pass,,
SI-2026-0140,6,Pass,,
SI-2026-0140,7,Pass,,
SI-2026-0140,8,Pass,,
SI-2026-0140,9,Pass,,
SI-2026-0140,10,Fail,Low,Waste bins overflowing at the main workshop
SI-2026-0140,11,Pass,,
SI-2026-0140,12,Fail,Low,Spill kit at the welfare cabin missing absorbent pads
SI-2026-0140,13,Pass,,
SI-2026-0140,14,Pass,,
SI-2026-0140,15,Pass,,
SI-2026-0140,16,Pass,,
SI-2026-0140,17,Pass,,
SI-2026-0140,18,Pass,,
SI-2026-0140,19,Pass,,
SI-2026-0140,20,Fail,Low,COSHH register at the north stairwell not updated this quarter
SI-2026-0140,21,Pass,,
SI-2026-0140,22,Pass,,
SI-2026-0140,23,Pass,,
SI-2026-0140,24,Pass,,
SI-2026-0141,1,Pass,,
SI-2026-0141,2,Pass,,
SI-2026-0141,3,Pass,,
SI-2026-0141,4,Pass,,
SI-2026-0141,5,Pass,,
SI-2026-0141,6,Pass,,
SI-2026-0141,7,Pass,,
SI-2026-0141,8,Pass,,
SI-2026-0141,9,Pass,,
SI-2026-0141,10,Pass,,
SI-2026-0141,11,Pass,,
SI-2026-0141,12,Pass,,
SI-2026-0141,13,Pass,,
SI-2026-0141,14,Pass,,
SI-2026-0141,15,Pass,,
SI-2026-0141,16,Pass,,
SI-2026-0141,17,NA,,
SI-2026-0141,18,Pass,,
SI-2026-0141,19,Pass,,
SI-2026-0141,20,Pass,,
SI-2026-0141,21,Pass,,
SI-2026-0141,22,Pass,,
SI-2026-0141,23,Pass,,
SI-2026-0141,24,Pass,,
SI-2026-0142,1,Pass,,
SI-2026-0142,2,Pass,,
SI-2026-0142,3,Pass,,
SI-2026-0142,4,Pass,,
SI-2026-0142,5,Pass,,
SI-2026-0142,6,Pass,,
SI-2026-0142,7,Pass,,
SI-2026-0142,8,Fail,Low,Isolation switch at aisle 4 obstructed
SI-2026-0142,9,Pass,,
SI-2026-0142,10,Pass,,
SI-2026-0142,11,Pass,,
SI-2026-0142,12,Pass,,
SI-2026-0142,13,Pass,,
SI-2026-0142,14,Pass,,
SI-2026-0142,15,Pass,,
SI-2026-0142,16,Pass,,
SI-2026-0142,17,Pass,,
SI-2026-0142,18,Pass,,
SI-2026-0142,19,Pass,,
SI-2026-0142,20,Pass,,
SI-2026-0142,21,Fail,High,Escape route sign above the welfare cabin obscured by stock
SI-2026-0142,22,Pass,,
SI-2026-0142,23,Pass,,
SI-2026-0142,24,Pass,,
SI-2026-0143,1,Fail,Low,Fire door at the north stairwell catches on frame and does not latch
SI-2026-0143,2,Pass,,
SI-2026-0143,3,Pass,,
SI-2026-0143,4,Pass,,
SI-2026-0143,5,Pass,,
SI-2026-0143,6,Fail,Medium,Distribution board at the dock office left open and unlabelled
SI-2026-0143,7,Pass,,
SI-2026-0143,8,Pass,,
SI-2026-0143,9,Pass,,
SI-2026-0143,10,Pass,,
SI-2026-0143,11,Pass,,
SI-2026-0143,12,Pass,,
SI-2026-0143,13,Pass,,
SI-2026-0143,14,Pass,,
SI-2026-0143,15,Pass,,
SI-2026-0143,16,Pass,,
SI-2026-0143,17,Pass,,
SI-2026-0143,18,Pass,,
SI-2026-0143,19,Pass,,
SI-2026-0143,20,Pass,,
SI-2026-0143,21,Pass,,
SI-2026-0143,22,Pass,,
SI-2026-0143,23,Pass,,
SI-2026-0143,24,Pass,,
SI-2026-0144,1,Pass,,
SI-2026-0144,2,Pass,,
SI-2026-0144,3,Pass,,
SI-2026-0144,4,Pass,,
SI-2026-0144,5,Pass,,
SI-2026-0144,6,Pass,,
SI-2026-0144,7,Pass,,
SI-2026-0144,8,Pass,,
SI-2026-0144,9,Pass,,
SI-2026-0144,10,Pass,,
SI-2026-0144,11,Pass,,
SI-2026-0144,12,Pass,,
SI-2026-0144,13,Fail,Low,Eye-wash bottle at loading bay 6 past expiry
SI-2026-0144,14,Pass,,
SI-2026-0144,15,Pass,,
SI-2026-0144,16,Pass,,
SI-2026-0144,17,Pass,,
SI-2026-0144,18,Pass,,
SI-2026-0144,19,Pass,,
SI-2026-0144,20,Fail,Low,COSHH register at aisle 4 not updated this quarter
SI-2026-0144,21,Fail,Low,Escape route sign above the welfare cabin obscured by stock
SI-2026-0144,22,Pass,,
SI-2026-0144,23,Pass,,
SI-2026-0144,24,Pass,,
SI-2026-0145,1,Pass,,
SI-2026-0145,2,Pass,,
SI-2026-0145,3,Pass,,
SI-2026-0145,4,Pass,,
SI-2026-0145,5,Pass,,
SI-2026-0145,6,Pass,,
SI-2026-0145,7,Fail,Low,Damaged extension lead in use at store B
SI-2026-0145,8,Pass,,
SI-2026-0145,9,Pass,,
SI-2026-0145,10,Pass,,
SI-2026-0145,11,Pass,,
SI-2026-0145,12,Pass,,
SI-2026-0145,13,Pass,,
SI-2026-0145,14,Pass,,
SI-2026-0145,15,Pass,,
SI-2026-0145,16,Pass,,
SI-2026-0145,17,Pass,,
SI-2026-0145,18,Pass,,
SI-2026-0145,19,Pass,,
SI-2026-0145,20,Pass,,
SI-2026-0145,21,Pass,,
SI-2026-0145,22,Pass,,
SI-2026-0145,23,NA,,
SI-2026-0145,24,Pass,,
SI-2026-0146,1,Pass,,
SI-2026-0146,2,Fail,Low,Extinguisher at store B past its service date
SI-2026-0146,3,Pass,,
SI-2026-0146,4,Pass,,
SI-2026-0146,5,Pass,,
SI-2026-0146,6,Pass,,
SI-2026-0146,7,NA,,
SI-2026-0146,8,Pass,,
SI-2026-0146,9,Pass,,
SI-2026-0146,10,Pass,,
SI-2026-0146,11,Pass,,
SI-2026-0146,12,Pass,,
SI-2026-0146,13,Pass,,
SI-2026-0146,14,Pass,,
SI-2026-0146,15,Pass,,
SI-2026-0146,16,Pass,,
SI-2026-0146,17,Pass,,
SI-2026-0146,18,Pass,,
SI-2026-0146,19,Pass,,
SI-2026-0146,20,Pass,,
SI-2026-0146,21,Pass,,
SI-2026-0146,22,Pass,,
SI-2026-0146,23,Pass,,
SI-2026-0146,24,Pass,,
SI-2026-0147,1,NA,,
SI-2026-0147,2,Pass,,
SI-2026-0147,3,Pass,,
SI-2026-0147,4,Pass,,
SI-2026-0147,5,Pass,,
SI-2026-0147,6,Pass,,
SI-2026-0147,7,Pass,,
SI-2026-0147,8,NA,,
SI-2026-0147,9,Pass,,
SI-2026-0147,10,Pass,,
SI-2026-0147,11,Fail,Low,Work bench at the main workshop cluttered with offcuts
SI-2026-0147,12,Pass,,
SI-2026-0147,13,Pass,,
SI-2026-0147,14,Pass,,
SI-2026-0147,15,Pass,,
SI-2026-0147,16,Fail,Low,Welfare room at the yard gate without hot water
SI-2026-0147,17,Pass,,
SI-2026-0147,18,Pass,,
SI-2026-0147,19,Pass,,
SI-2026-0147,20,Pass,,
SI-2026-0147,21,Pass,,
SI-2026-0147,22,Pass,,
SI-2026-0147,23,Pass,,
SI-2026-0147,24,Pass,,
SI-2026-0148,1,Pass,,
SI-2026-0148,2,Pass,,
SI-2026-0148,3,Pass,,
SI-2026-0148,4,Pass,,
SI-2026-0148,5,Pass,,
SI-2026-0148,6,Pass,,
SI-2026-0148,7,Pass,,
SI-2026-0148,8,Pass,,
SI-2026-0148,9,Pass,,
SI-2026-0148,10,Fail,Low,Waste bins overflowing at the main workshop
SI-2026-0148,11,Pass,,
SI-2026-0148,12,Pass,,
SI-2026-0148,13,Pass,,
SI-2026-0148,14,Pass,,
SI-2026-0148,15,Fail,Low,Operative without hi-vis near level 2
SI-2026-0148,16,Pass,,
SI-2026-0148,17,Fail,Medium,Racking tag at the mezzanine out of date
SI-2026-0148,18,Pass,,
SI-2026-0148,19,Pass,,
SI-2026-0148,20,Pass,,
SI-2026-0148,21,Pass,,
SI-2026-0148,22,Pass,,
SI-2026-0148,23,Pass,,
SI-2026-0148,24,Fail,Low,No vehicle warning signage at level 2 crossing
SI-2026-0149,1,Pass,,
SI-2026-0149,2,Pass,,
SI-2026-0149,3,Pass,,
SI-2026-0149,4,Pass,,
SI-2026-0149,5,Pass,,
SI-2026-0149,6,Pass,,
SI-2026-0149,7,Pass,,
SI-2026-0149,8,NA,,
SI-2026-0149,9,Pass,,
SI-2026-0149,10,Fail,Low,Waste bins overflowing at the dock office
SI-2026-0149,11,Pass,,
SI-2026-0149,12,Pass,,
SI-2026-0149,13,Pass,,
SI-2026-0149,14,Pass,,
SI-2026-0149,15,Pass,,
SI-2026-0149,16,Pass,,
SI-2026-0149,17,Pass,,
SI-2026-0149,18,Pass,,
SI-2026-0149,19,Fail,High,Untagged stepladder in use at the east exit
SI-2026-0149,20,Pass,,
SI-2026-0149,21,Pass,,
SI-2026-0149,22,Pass,,
SI-2026-0149,23,Fail,Low,Statutory notice board at the dock office out of date
SI-2026-0149,24,Pass,,
SI-2026-0150,1,Pass,,
SI-2026-0150,2,Pass,,
SI-2026-0150,3,Pass,,
SI-2026-0150,4,Pass,,
SI-2026-0150,5,Pass,,
SI-2026-0150,6,Pass,,
SI-2026-0150,7,Pass,,
SI-2026-0150,8,Pass,,
SI-2026-0150,9,Pass,,
SI-2026-0150,10,Pass,,
SI-2026-0150,11,Pass,,
SI-2026-0150,12,Pass,,
SI-2026-0150,13,Pass,,
SI-2026-0150,14,Fail,Low,First-aid kit at the main workshop missing dressings
SI-2026-0150,15,Pass,,
SI-2026-0150,16,Pass,,
SI-2026-0150,17,Fail,Low,Racking tag at the dock office out of date
SI-2026-0150,18,Pass,,
SI-2026-0150,19,Pass,,
SI-2026-0150,20,Pass,,
SI-2026-0150,21,Pass,,
SI-2026-0150,22,NA,,
SI-2026-0150,23,Pass,,
SI-2026-0150,24,Fail,Medium,No vehicle warning signage at the yard gate crossing
SI-2026-0151,1,NA,,
SI-2026-0151,2,Pass,,
SI-2026-0151,3,Pass,,
SI-2026-0151,4,Pass,,
SI-2026-0151,5,Pass,,
SI-2026-0151,6,Pass,,
SI-2026-0151,7,Pass,,
SI-2026-0151,8,Pass,,
SI-2026-0151,9,Pass,,
SI-2026-0151,10,Fail,Low,Waste bins overflowing at the welfare cabin
SI-2026-0151,11,Pass,,
SI-2026-0151,12,NA,,
SI-2026-0151,13,Pass,,
SI-2026-0151,14,Pass,,
SI-2026-0151,15,Pass,,
SI-2026-0151,16,NA,,
SI-2026-0151,17,Pass,,
SI-2026-0151,18,Pass,,
SI-2026-0151,19,Fail,Medium,Untagged stepladder in use at aisle 4
SI-2026-0151,20,Pass,,
SI-2026-0151,21,Pass,,
SI-2026-0151,22,Pass,,
SI-2026-0151,23,Pass,,
SI-2026-0151,24,Pass,,
SI-2026-0152,1,Pass,,
SI-2026-0152,2,NA,,
SI-2026-0152,3,Pass,,
SI-2026-0152,4,Pass,,
SI-2026-0152,5,Pass,,
SI-2026-0152,6,Pass,,
SI-2026-0152,7,Pass,,
SI-2026-0152,8,Pass,,
SI-2026-0152,9,Pass,,
SI-2026-0152,10,Pass,,
SI-2026-0152,11,Fail,Low,Work bench at the dock office cluttered with offcuts
SI-2026-0152,12,Pass,,
SI-2026-0152,13,Pass,,
SI-2026-0152,14,Pass,,
SI-2026-0152,15,Pass,,
SI-2026-0152,16,Pass,,
SI-2026-0152,17,Pass,,
SI-2026-0152,18,Pass,,
SI-2026-0152,19,Pass,,
SI-2026-0152,20,Pass,,
SI-2026-0152,21,Pass,,
SI-2026-0152,22,Pass,,
SI-2026-0152,23,Pass,,
SI-2026-0152,24,Fail,Low,No vehicle warning signage at the yard gate crossing
SI-2026-0153,1,Pass,,
SI-2026-0153,2,Pass,,
SI-2026-0153,3,Pass,,
SI-2026-0153,4,Pass,,
SI-2026-0153,5,Pass,,
SI-2026-0153,6,NA,,
SI-2026-0153,7,Pass,,
SI-2026-0153,8,Pass,,
SI-2026-0153,9,Pass,,
SI-2026-0153,10,Pass,,
SI-2026-0153,11,Pass,,
SI-2026-0153,12,Pass,,
SI-2026-0153,13,Pass,,
SI-2026-0153,14,Pass,,
SI-2026-0153,15,Pass,,
SI-2026-0153,16,Pass,,
SI-2026-0153,17,Pass,,
SI-2026-0153,18,Pass,,
SI-2026-0153,19,Pass,,
SI-2026-0153,20,Pass,,
SI-2026-0153,21,Pass,,
SI-2026-0153,22,Pass,,
SI-2026-0153,23,Pass,,
SI-2026-0153,24,Pass,,
SI-2026-0154,1,NA,,
SI-2026-0154,2,Pass,,
SI-2026-0154,3,Fail,Medium,Call point at the mezzanine blocked by stored materials
SI-2026-0154,4,Pass,,
SI-2026-0154,5,Pass,,
SI-2026-0154,6,Pass,,
SI-2026-0154,7,Pass,,
SI-2026-0154,8,Pass,,
SI-2026-0154,9,Pass,,
SI-2026-0154,10,NA,,
SI-2026-0154,11,Pass,,
SI-2026-0154,12,Fail,Low,Spill kit at bay 2 missing absorbent pads
SI-2026-0154,13,Pass,,
SI-2026-0154,14,NA,,
SI-2026-0154,15,Pass,,
SI-2026-0154,16,Pass,,
SI-2026-0154,17,NA,,
SI-2026-0154,18,Pass,,
SI-2026-0154,19,Pass,,
SI-2026-0154,20,Pass,,
SI-2026-0154,21,Pass,,
SI-2026-0154,22,Pass,,
SI-2026-0154,23,Pass,,
SI-2026-0154,24,Pass,,
SI-2026-0155,1,Pass,,
SI-2026-0155,2,Pass,,
SI-2026-0155,3,Pass,,
SI-2026-0155,4,Fail,Low,Emergency light at bay 2 not illuminating on test
SI-2026-0155,5,Pass,,
SI-2026-0155,6,Pass,,
SI-2026-0155,7,Pass,,
SI-2026-0155,8,Pass,,
SI-2026-0155,9,Pass,,
SI-2026-0155,10,Pass,,
SI-2026-0155,11,Fail,Low,Work bench at the main workshop cluttered with offcuts
SI-2026-0155,12,Pass,,
SI-2026-0155,13,NA,,
SI-2026-0155,14,Pass,,
SI-2026-0155,15,Pass,,
SI-2026-0155,16,Pass,,
SI-2026-0155,17,Pass,,
SI-2026-0155,18,Pass,,
SI-2026-0155,19,Pass,,
SI-2026-0155,20,Pass,,
SI-2026-0155,21,Pass,,
SI-2026-0155,22,NA,,
SI-2026-0155,23,Pass,,
SI-2026-0155,24,Pass,,
SI-2026-0156,1,Pass,,
SI-2026-0156,2,Pass,,
SI-2026-0156,3,NA,,
SI-2026-0156,4,Pass,,
SI-2026-0156,5,Pass,,
SI-2026-0156,6,Pass,,
SI-2026-0156,7,Pass,,
SI-2026-0156,8,Pass,,
SI-2026-0156,9,Pass,,
SI-2026-0156,10,Pass,,
SI-2026-0156,11,Pass,,
SI-2026-0156,12,NA,,
SI-2026-0156,13,Pass,,
SI-2026-0156,14,Pass,,
SI-2026-0156,15,Pass,,
SI-2026-0156,16,Pass,,
SI-2026-0156,17,Pass,,
SI-2026-0156,18,Pass,,
SI-2026-0156,19,Pass,,
SI-2026-0156,20,Pass,,
SI-2026-0156,21,Pass,,
SI-2026-0156,22,Pass,,
SI-2026-0156,23,Pass,,
SI-2026-0156,24,Fail,Low,No vehicle warning signage at the east exit crossing
SI-2026-0157,1,Pass,,
SI-2026-0157,2,NA,,
SI-2026-0157,3,Pass,,
SI-2026-0157,4,Pass,,
SI-2026-0157,5,Pass,,
SI-2026-0157,6,Pass,,
SI-2026-0157,7,Pass,,
SI-2026-0157,8,Pass,,
SI-2026-0157,9,Pass,,
SI-2026-0157,10,Pass,,
SI-2026-0157,11,Pass,,
SI-2026-0157,12,Pass,,
SI-2026-0157,13,Pass,,
SI-2026-0157,14,Fail,Medium,First-aid kit at the mezzanine missing dressings
SI-2026-0157,15,Fail,Medium,Operative without hi-vis near store B
SI-2026-0157,16,Pass,,
SI-2026-0157,17,Pass,,
SI-2026-0157,18,Fail,Low,Overloaded top beam at the main workshop
SI-2026-0157,19,Fail,Low,Untagged stepladder in use at the main workshop
SI-2026-0157,20,Pass,,
SI-2026-0157,21,Pass,,
SI-2026-0157,22,Pass,,
SI-2026-0157,23,Pass,,
SI-2026-0157,24,Fail,Low,No vehicle warning signage at store B crossing
SI-2026-0158,1,Pass,,
SI-2026-0158,2,Pass,,
SI-2026-0158,3,Pass,,
SI-2026-0158,4,Pass,,
SI-2026-0158,5,Pass,,
SI-2026-0158,6,Pass,,
SI-2026-0158,7,Pass,,
SI-2026-0158,8,NA,,
SI-2026-0158,9,Pass,,
SI-2026-0158,10,Pass,,
SI-2026-0158,11,Pass,,
SI-2026-0158,12,Pass,,
SI-2026-0158,13,Pass,,
SI-2026-0158,14,Pass,,
SI-2026-0158,15,Pass,,
SI-2026-0158,16,Pass,,
SI-2026-0158,17,Pass,,
SI-2026-0158,18,Fail,High,Overloaded top beam at loading bay 6
SI-2026-0158,19,Fail,Low,Untagged stepladder in use at the mezzanine
SI-2026-0158,20,Pass,,
SI-2026-0158,21,Pass,,
SI-2026-0158,22,Pass,,
SI-2026-0158,23,NA,,
SI-2026-0158,24,Pass,,
SI-2026-0159,1,Pass,,
SI-2026-0159,2,Pass,,
SI-2026-0159,3,Pass,,
SI-2026-0159,4,Fail,Low,Emergency light at aisle 4 not illuminating on test
SI-2026-0159,5,Pass,,
SI-2026-0159,6,NA,,
SI-2026-0159,7,Pass,,
SI-2026-0159,8,Pass,,
SI-2026-0159,9,Pass,,
SI-2026-0159,10,Pass,,
SI-2026-0159,11,Pass,,
SI-2026-0159,12,Pass,,
SI-2026-0159,13,Pass,,
SI-2026-0159,14,Pass,,
SI-2026-0159,15,Pass,,
SI-2026-0159,16,Pass,,
SI-2026-0159,17,Pass,,
SI-2026-0159,18,Pass,,
SI-2026-0159,19,Pass,,
SI-2026-0159,20,Pass,,
SI-2026-0159,21,Pass,,
SI-2026-0159,22,Pass,,
SI-2026-0159,23,Pass,,
SI-2026-0159,24,Pass,,
SI-2026-0160,1,Pass,,
SI-2026-0160,2,Pass,,
SI-2026-0160,3,Fail,High,Call point at the north stairwell blocked by stored materials
SI-2026-0160,4,NA,,
SI-2026-0160,5,Pass,,
SI-2026-0160,6,Pass,,
SI-2026-0160,7,Pass,,
SI-2026-0160,8,Pass,,
SI-2026-0160,9,Pass,,
SI-2026-0160,10,Pass,,
SI-2026-0160,11,Fail,Low,Work bench at the mezzanine cluttered with offcuts
SI-2026-0160,12,Pass,,
SI-2026-0160,13,Pass,,
SI-2026-0160,14,Pass,,
SI-2026-0160,15,Pass,,
SI-2026-0160,16,Pass,,
SI-2026-0160,17,Pass,,
SI-2026-0160,18,Pass,,
SI-2026-0160,19,Pass,,
SI-2026-0160,20,Pass,,
SI-2026-0160,21,Fail,Medium,Escape route sign above the dock office obscured by stock
SI-2026-0160,22,Pass,,
SI-2026-0160,23,Pass,,
SI-2026-0160,24,Pass,,
SI-2026-0161,1,Pass,,
SI-2026-0161,2,Pass,,
SI-2026-0161,3,Pass,,
SI-2026-0161,4,NA,,
SI-2026-0161,5,Pass,,
SI-2026-0161,6,Pass,,
SI-2026-0161,7,Pass,,
SI-2026-0161,8,Pass,,
SI-2026-0161,9,Pass,,
SI-2026-0161,10,Pass,,
SI-2026-0161,11,Pass,,
SI-2026-0161,12,Pass,,
SI-2026-0161,13,Pass,,
SI-2026-0161,14,Pass,,
SI-2026-0161,15,Pass,,
SI-2026-0161,16,Pass,,
SI-2026-0161,17,Pass,,
SI-2026-0161,18,Pass,,
SI-2026-0161,19,Pass,,
SI-2026-0161,20,Pass,,
SI-2026-0161,21,Pass,,
SI-2026-0161,22,Pass,,
SI-2026-0161,23,Pass,,
SI-2026-0161,24,Pass,,
SI-2026-0162,1,Pass,,
SI-2026-0162,2,Pass,,
SI-2026-0162,3,Pass,,
SI-2026-0162,4,Pass,,
SI-2026-0162,5,Pass,,
SI-2026-0162,6,NA,,
SI-2026-0162,7,Pass,,
SI-2026-0162,8,Pass,,
SI-2026-0162,9,Pass,,
SI-2026-0162,10,Pass,,
SI-2026-0162,11,Pass,,
SI-2026-0162,12,Fail,Low,Spill kit at aisle 4 missing absorbent pads
SI-2026-0162,13,Pass,,
SI-2026-0162,14,Fail,Medium,First-aid kit at bay 2 missing dressings
SI-2026-0162,15,Pass,,
SI-2026-0162,16,Pass,,
SI-2026-0162,17,Pass,,
SI-2026-0162,18,Pass,,
SI-2026-0162,19,Pass,,
SI-2026-0162,20,Pass,,
SI-2026-0162,21,NA,,
SI-2026-0162,22,Pass,,
SI-2026-0162,23,Pass,,
SI-2026-0162,24,Pass,,
SI-2026-0163,1,Fail,Low,Fire door at aisle 4 catches on frame and does not latch
SI-2026-0163,2,Pass,,
SI-2026-0163,3,Pass,,
SI-2026-0163,4,Pass,,
SI-2026-0163,5,Pass,,
SI-2026-0163,6,Pass,,
SI-2026-0163,7,Pass,,
SI-2026-0163,8,Pass,,
SI-2026-0163,9,Pass,,
SI-2026-0163,10,Pass,,
SI-2026-0163,11,Pass,,
SI-2026-0163,12,Pass,,
SI-2026-0163,13,Pass,,
SI-2026-0163,14,Pass,,
SI-2026-0163,15,Pass,,
SI-2026-0163,16,Pass,,
SI-2026-0163,17,Pass,,
SI-2026-0163,18,Pass,,
SI-2026-0163,19,Pass,,
SI-2026-0163,20,Pass,,
SI-2026-0163,21,Pass,,
SI-2026-0163,22,Pass,,
SI-2026-0163,23,Fail,Low,Statutory notice board at the yard gate out of date
SI-2026-0163,24,Pass,,
SI-2026-0164,1,Pass,,
SI-2026-0164,2,Pass,,
SI-2026-0164,3,Pass,,
SI-2026-0164,4,Pass,,
SI-2026-0164,5,Pass,,
SI-2026-0164,6,Pass,,
SI-2026-0164,7,Pass,,
SI-2026-0164,8,Pass,,
SI-2026-0164,9,Pass,,
SI-2026-0164,10,Pass,,
SI-2026-0164,11,Pass,,
SI-2026-0164,12,Pass,,
SI-2026-0164,13,NA,,
SI-2026-0164,14,Pass,,
SI-2026-0164,15,Pass,,
SI-2026-0164,16,Pass,,
SI-2026-0164,17,Pass,,
SI-2026-0164,18,Pass,,
SI-2026-0164,19,Pass,,
SI-2026-0164,20,Pass,,
SI-2026-0164,21,Pass,,
SI-2026-0164,22,Pass,,
SI-2026-0164,23,Pass,,
SI-2026-0164,24,Pass,,
SI-2026-0165,1,Pass,,
SI-2026-0165,2,Pass,,
SI-2026-0165,3,Pass,,
SI-2026-0165,4,Pass,,
SI-2026-0165,5,Pass,,
SI-2026-0165,6,Pass,,
SI-2026-0165,7,Pass,,
SI-2026-0165,8,Pass,,
SI-2026-0165,9,Pass,,
SI-2026-0165,10,Fail,Low,Waste bins overflowing at bay 2
SI-2026-0165,11,Pass,,
SI-2026-0165,12,Pass,,
SI-2026-0165,13,Pass,,
SI-2026-0165,14,Pass,,
SI-2026-0165,15,NA,,
SI-2026-0165,16,Pass,,
SI-2026-0165,17,Pass,,
SI-2026-0165,18,Pass,,
SI-2026-0165,19,Pass,,
SI-2026-0165,20,Pass,,
SI-2026-0165,21,Pass,,
SI-2026-0165,22,Pass,,
SI-2026-0165,23,NA,,
SI-2026-0165,24,Pass,,
SI-2026-0166,1,Pass,,
SI-2026-0166,2,Pass,,
SI-2026-0166,3,Pass,,
SI-2026-0166,4,Pass,,
SI-2026-0166,5,Pass,,
SI-2026-0166,6,Pass,,
SI-2026-0166,7,Pass,,
SI-2026-0166,8,Pass,,
SI-2026-0166,9,Pass,,
SI-2026-0166,10,Pass,,
SI-2026-0166,11,Pass,,
SI-2026-0166,12,Fail,Low,Spill kit at the main workshop missing absorbent pads
SI-2026-0166,13,Fail,Medium,Eye-wash bottle at the dock office past expiry
SI-2026-0166,14,Pass,,
SI-2026-0166,15,Pass,,
SI-2026-0166,16,Pass,,
SI-2026-0166,17,Pass,,
SI-2026-0166,18,Pass,,
SI-2026-0166,19,Fail,Low,Untagged stepladder in use at the north stairwell
SI-2026-0166,20,Pass,,
SI-2026-0166,21,Pass,,
SI-2026-0166,22,Pass,,
SI-2026-0166,23,Pass,,
SI-2026-0166,24,Pass,,
SI-2026-0167,1,Pass,,
SI-2026-0167,2,Pass,,
SI-2026-0167,3,Pass,,
SI-2026-0167,4,Pass,,
SI-2026-0167,5,Pass,,
SI-2026-0167,6,Pass,,
SI-2026-0167,7,Pass,,
SI-2026-0167,8,Pass,,
SI-2026-0167,9,Pass,,
SI-2026-0167,10,Pass,,
SI-2026-0167,11,Pass,,
SI-2026-0167,12,Pass,,
SI-2026-0167,13,Pass,,
SI-2026-0167,14,Pass,,
SI-2026-0167,15,Pass,,
SI-2026-0167,16,Pass,,
SI-2026-0167,17,NA,,
SI-2026-0167,18,Pass,,
SI-2026-0167,19,Pass,,
SI-2026-0167,20,Pass,,
SI-2026-0167,21,Pass,,
SI-2026-0167,22,Pass,,
SI-2026-0167,23,Pass,,
SI-2026-0167,24,Pass,,
SI-2026-0168,1,NA,,
SI-2026-0168,2,Pass,,
SI-2026-0168,3,Pass,,
SI-2026-0168,4,Pass,,
SI-2026-0168,5,Pass,,
SI-2026-0168,6,Pass,,
SI-2026-0168,7,Pass,,
SI-2026-0168,8,Pass,,
SI-2026-0168,9,Pass,,
SI-2026-0168,10,Pass,,
SI-2026-0168,11,Pass,,
SI-2026-0168,12,NA,,
SI-2026-0168,13,NA,,
SI-2026-0168,14,Pass,,
SI-2026-0168,15,Pass,,
SI-2026-0168,16,Pass,,
SI-2026-0168,17,Pass,,
SI-2026-0168,18,Pass,,
SI-2026-0168,19,Pass,,
SI-2026-0168,20,Pass,,
SI-2026-0168,21,Pass,,
SI-2026-0168,22,Pass,,
SI-2026-0168,23,Pass,,
SI-2026-0168,24,Pass,,
SI-2026-0169,1,Pass,,
SI-2026-0169,2,Pass,,
SI-2026-0169,3,NA,,
SI-2026-0169,4,Pass,,
SI-2026-0169,5,Pass,,
SI-2026-0169,6,Pass,,
SI-2026-0169,7,Pass,,
SI-2026-0169,8,Pass,,
SI-2026-0169,9,Pass,,
SI-2026-0169,10,Pass,,
SI-2026-0169,11,Pass,,
SI-2026-0169,12,Pass,,
SI-2026-0169,13,Pass,,
SI-2026-0169,14,Pass,,
SI-2026-0169,15,Pass,,
SI-2026-0169,16,Pass,,
SI-2026-0169,17,Pass,,
SI-2026-0169,18,Pass,,
SI-2026-0169,19,Pass,,
SI-2026-0169,20,Pass,,
SI-2026-0169,21,Fail,Low,Escape route sign above bay 2 obscured by stock
SI-2026-0169,22,Pass,,
SI-2026-0169,23,NA,,
SI-2026-0169,24,Pass,,
SI-2026-0170,1,Pass,,
SI-2026-0170,2,Fail,Medium,Extinguisher at bay 2 past its service date
SI-2026-0170,3,Pass,,
SI-2026-0170,4,Pass,,
SI-2026-0170,5,Pass,,
SI-2026-0170,6,Pass,,
SI-2026-0170,7,Pass,,
SI-2026-0170,8,NA,,
SI-2026-0170,9,Fail,Low,Pallets staged on pedestrian route near the east exit
SI-2026-0170,10,Pass,,
SI-2026-0170,11,Pass,,
SI-2026-0170,12,Pass,,
SI-2026-0170,13,Pass,,
SI-2026-0170,14,Fail,Medium,First-aid kit at the mezzanine missing dressings
SI-2026-0170,15,Pass,,
SI-2026-0170,16,Pass,,
SI-2026-0170,17,Pass,,
SI-2026-0170,18,Pass,,
SI-2026-0170,19,Pass,,
SI-2026-0170,20,Pass,,
SI-2026-0170,21,Pass,,
SI-2026-0170,22,Pass,,
SI-2026-0170,23,Pass,,
SI-2026-0170,24,Pass,,
SI-2026-0171,1,Pass,,
SI-2026-0171,2,Pass,,
SI-2026-0171,3,Pass,,
SI-2026-0171,4,Pass,,
SI-2026-0171,5,Pass,,
SI-2026-0171,6,Pass,,
SI-2026-0171,7,Pass,,
SI-2026-0171,8,Pass,,
SI-2026-0171,9,Pass,,
SI-2026-0171,10,Pass,,
SI-2026-0171,11,Pass,,
SI-2026-0171,12,Pass,,
SI-2026-0171,13,Pass,,
SI-2026-0171,14,Pass,,
SI-2026-0171,15,Pass,,
SI-2026-0171,16,Pass,,
SI-2026-0171,17,Pass,,
SI-2026-0171,18,Pass,,
SI-2026-0171,19,Pass,,
SI-2026-0171,20,Pass,,
SI-2026-0171,21,Pass,,
SI-2026-0171,22,Pass,,
SI-2026-0171,23,Pass,,
SI-2026-0171,24,Pass,,
SI-2026-0172,1,Pass,,
SI-2026-0172,2,Pass,,
SI-2026-0172,3,Pass,,
SI-2026-0172,4,Pass,,
SI-2026-0172,5,Pass,,
SI-2026-0172,6,Pass,,
SI-2026-0172,7,Pass,,
SI-2026-0172,8,Pass,,
SI-2026-0172,9,Pass,,
SI-2026-0172,10,Pass,,
SI-2026-0172,11,Pass,,
SI-2026-0172,12,Pass,,
SI-2026-0172,13,Pass,,
SI-2026-0172,14,Pass,,
SI-2026-0172,15,Pass,,
SI-2026-0172,16,Fail,Medium,Welfare room at bay 2 without hot water
SI-2026-0172,17,Pass,,
SI-2026-0172,18,Pass,,
SI-2026-0172,19,Pass,,
SI-2026-0172,20,Pass,,
SI-2026-0172,21,Fail,Medium,Escape route sign above the main workshop obscured by stock
SI-2026-0172,22,Pass,,
SI-2026-0172,23,Pass,,
SI-2026-0172,24,Pass,,
SI-2026-0173,1,Pass,,
SI-2026-0173,2,Pass,,
SI-2026-0173,3,Pass,,
SI-2026-0173,4,Fail,Low,Emergency light at the welfare cabin not illuminating on test
SI-2026-0173,5,Pass,,
SI-2026-0173,6,Pass,,
SI-2026-0173,7,Pass,,
SI-2026-0173,8,NA,,
SI-2026-0173,9,Pass,,
SI-2026-0173,10,Pass,,
SI-2026-0173,11,Pass,,
SI-2026-0173,12,Pass,,
SI-2026-0173,13,Pass,,
SI-2026-0173,14,Pass,,
SI-2026-0173,15,Pass,,
SI-2026-0173,16,Pass,,
SI-2026-0173,17,Pass,,
SI-2026-0173,18,Pass,,
SI-2026-0173,19,Pass,,
SI-2026-0173,20,Pass,,
SI-2026-0173,21,Pass,,
SI-2026-0173,22,Pass,,
SI-2026-0173,23,Pass,,
SI-2026-0173,24,Pass,,
SI-2026-0174,1,Pass,,
SI-2026-0174,2,Pass,,
SI-2026-0174,3,Pass,,
SI-2026-0174,4,Pass,,
SI-2026-0174,5,Pass,,
SI-2026-0174,6,Pass,,
SI-2026-0174,7,Pass,,
SI-2026-0174,8,Pass,,
SI-2026-0174,9,Pass,,
SI-2026-0174,10,Pass,,
SI-2026-0174,11,Pass,,
SI-2026-0174,12,Pass,,
SI-2026-0174,13,Pass,,
SI-2026-0174,14,Pass,,
SI-2026-0174,15,Pass,,
SI-2026-0174,16,Pass,,
SI-2026-0174,17,Pass,,
SI-2026-0174,18,Pass,,
SI-2026-0174,19,Pass,,
SI-2026-0174,20,Pass,,
SI-2026-0174,21,Fail,Low,Escape route sign above level 2 obscured by stock
SI-2026-0174,22,Fail,Low,Walkway markings at the north stairwell worn and faded
SI-2026-0174,23,Pass,,
SI-2026-0174,24,Pass,,
SI-2026-0175,1,Pass,,
SI-2026-0175,2,Pass,,
SI-2026-0175,3,Pass,,
SI-2026-0175,4,Pass,,
SI-2026-0175,5,Pass,,
SI-2026-0175,6,Pass,,
SI-2026-0175,7,Pass,,
SI-2026-0175,8,Pass,,
SI-2026-0175,9,Pass,,
SI-2026-0175,10,Pass,,
SI-2026-0175,11,Pass,,
SI-2026-0175,12,Pass,,
SI-2026-0175,13,Pass,,
SI-2026-0175,14,NA,,
SI-2026-0175,15,Fail,Medium,Operative without hi-vis near bay 2
SI-2026-0175,16,Pass,,
SI-2026-0175,17,Pass,,
SI-2026-0175,18,Pass,,
SI-2026-0175,19,Pass,,
SI-2026-0175,20,Pass,,
SI-2026-0175,21,Pass,,
SI-2026-0175,22,Pass,,
SI-2026-0175,23,Pass,,
SI-2026-0175,24,Pass,,
SI-2026-0176,1,Pass,,
SI-2026-0176,2,Pass,,
SI-2026-0176,3,Pass,,
SI-2026-0176,4,Pass,,
SI-2026-0176,5,Pass,,
SI-2026-0176,6,Pass,,
SI-2026-0176,7,Pass,,
SI-2026-0176,8,Pass,,
SI-2026-0176,9,Pass,,
SI-2026-0176,10,Pass,,
SI-2026-0176,11,Pass,,
SI-2026-0176,12,Pass,,
SI-2026-0176,13,Fail,Medium,Eye-wash bottle at the dock office past expiry
SI-2026-0176,14,Pass,,
SI-2026-0176,15,Pass,,
SI-2026-0176,16,Pass,,
SI-2026-0176,17,Pass,,
SI-2026-0176,18,Pass,,
SI-2026-0176,19,Pass,,
SI-2026-0176,20,NA,,
SI-2026-0176,21,Pass,,
SI-2026-0176,22,Pass,,
SI-2026-0176,23,Pass,,
SI-2026-0176,24,Pass,,
SI-2026-0177,1,Pass,,
SI-2026-0177,2,Pass,,
SI-2026-0177,3,Fail,Low,Call point at store B blocked by stored materials
SI-2026-0177,4,Fail,Medium,Emergency light at store B not illuminating on test
SI-2026-0177,5,Pass,,
SI-2026-0177,6,Pass,,
SI-2026-0177,7,Pass,,
SI-2026-0177,8,Pass,,
SI-2026-0177,9,NA,,
SI-2026-0177,10,Pass,,
SI-2026-0177,11,Pass,,
SI-2026-0177,12,Pass,,
SI-2026-0177,13,Pass,,
SI-2026-0177,14,Pass,,
SI-2026-0177,15,Fail,Medium,Operative without hi-vis near level 2
SI-2026-0177,16,Pass,,
SI-2026-0177,17,Pass,,
SI-2026-0177,18,Pass,,
SI-2026-0177,19,Pass,,
SI-2026-0177,20,Pass,,
SI-2026-0177,21,Pass,,
SI-2026-0177,22,Pass,,
SI-2026-0177,23,Pass,,
SI-2026-0177,24,Pass,,
SI-2026-0178,1,Pass,,
SI-2026-0178,2,Pass,,
SI-2026-0178,3,Pass,,
SI-2026-0178,4,Pass,,
SI-2026-0178,5,Pass,,
SI-2026-0178,6,Pass,,
SI-2026-0178,7,Pass,,
SI-2026-0178,8,Fail,Low,Isolation switch at store B obstructed
SI-2026-0178,9,Pass,,
SI-2026-0178,10,Pass,,
SI-2026-0178,11,Pass,,
SI-2026-0178,12,Pass,,
SI-2026-0178,13,Pass,,
SI-2026-0178,14,Pass,,
SI-2026-0178,15,Pass,,
SI-2026-0178,16,Pass,,
SI-2026-0178,17,Pass,,
SI-2026-0178,18,Fail,Low,Overloaded top beam at the north stairwell
SI-2026-0178,19,Pass,,
SI-2026-0178,20,Pass,,
SI-2026-0178,21,Pass,,
SI-2026-0178,22,Fail,Low,Walkway markings at aisle 4 worn and faded
SI-2026-0178,23,Pass,,
SI-2026-0178,24,Pass,,
SI-2026-0179,1,Pass,,
SI-2026-0179,2,Pass,,
SI-2026-0179,3,Pass,,
SI-2026-0179,4,Pass,,
SI-2026-0179,5,Pass,,
SI-2026-0179,6,Pass,,
SI-2026-0179,7,Pass,,
SI-2026-0179,8,Pass,,
SI-2026-0179,9,Pass,,
SI-2026-0179,10,Pass,,
SI-2026-0179,11,Fail,Low,Work bench at level 2 cluttered with offcuts
SI-2026-0179,12,Pass,,
SI-2026-0179,13,Pass,,
SI-2026-0179,14,Pass,,
SI-2026-0179,15,Pass,,
SI-2026-0179,16,Pass,,
SI-2026-0179,17,Fail,Low,Racking tag at the main workshop out of date
SI-2026-0179,18,Pass,,
SI-2026-0179,19,Fail,Low,Untagged stepladder in use at the mezzanine
SI-2026-0179,20,Pass,,
SI-2026-0179,21,Pass,,
SI-2026-0179,22,Pass,,
SI-2026-0179,23,Pass,,
SI-2026-0179,24,Pass,,
SI-2026-0180,1,NA,,
SI-2026-0180,2,NA,,
SI-2026-0180,3,Pass,,
SI-2026-0180,4,Pass,,
SI-2026-0180,5,Pass,,
SI-2026-0180,6,Pass,,
SI-2026-0180,7,Pass,,
SI-2026-0180,8,Pass,,
SI-2026-0180,9,Pass,,
SI-2026-0180,10,Pass,,
SI-2026-0180,11,Pass,,
SI-2026-0180,12,Pass,,
SI-2026-0180,13,Pass,,
SI-2026-0180,14,Pass,,
SI-2026-0180,15,Fail,Low,Operative without hi-vis near bay 2
SI-2026-0180,16,Pass,,
SI-2026-0180,17,Pass,,
SI-2026-0180,18,Pass,,
SI-2026-0180,19,Pass,,
SI-2026-0180,20,Fail,Low,COSHH register at loading bay 6 not updated this quarter
SI-2026-0180,21,Pass,,
SI-2026-0180,22,Pass,,
SI-2026-0180,23,Pass,,
SI-2026-0180,24,Pass,,
SI-2026-0181,1,Pass,,
SI-2026-0181,2,Pass,,
SI-2026-0181,3,Fail,Low,Call point at the mezzanine blocked by stored materials
SI-2026-0181,4,Pass,,
SI-2026-0181,5,Pass,,
SI-2026-0181,6,Pass,,
SI-2026-0181,7,Pass,,
SI-2026-0181,8,Pass,,
SI-2026-0181,9,Pass,,
SI-2026-0181,10,Pass,,
SI-2026-0181,11,Fail,Low,Work bench at bay 2 cluttered with offcuts
SI-2026-0181,12,Pass,,
SI-2026-0181,13,NA,,
SI-2026-0181,14,Pass,,
SI-2026-0181,15,Fail,Low,Operative without hi-vis near bay 2
SI-2026-0181,16,Pass,,
SI-2026-0181,17,Pass,,
SI-2026-0181,18,Pass,,
SI-2026-0181,19,Fail,Medium,Untagged stepladder in use at the east exit
SI-2026-0181,20,Pass,,
SI-2026-0181,21,Pass,,
SI-2026-0181,22,Pass,,
SI-2026-0181,23,Pass,,
SI-2026-0181,24,Pass,,
SI-2026-0182,1,Pass,,
SI-2026-0182,2,Pass,,
SI-2026-0182,3,Pass,,
SI-2026-0182,4,Pass,,
SI-2026-0182,5,Pass,,
SI-2026-0182,6,Pass,,
SI-2026-0182,7,Pass,,
SI-2026-0182,8,Pass,,
SI-2026-0182,9,Pass,,
SI-2026-0182,10,Pass,,
SI-2026-0182,11,Pass,,
SI-2026-0182,12,Pass,,
SI-2026-0182,13,Pass,,
SI-2026-0182,14,Fail,Low,First-aid kit at bay 2 missing dressings
SI-2026-0182,15,Pass,,
SI-2026-0182,16,Pass,,
SI-2026-0182,17,Pass,,
SI-2026-0182,18,Fail,Low,Overloaded top beam at store B
SI-2026-0182,19,Pass,,
SI-2026-0182,20,Pass,,
SI-2026-0182,21,Pass,,
SI-2026-0182,22,NA,,
SI-2026-0182,23,Pass,,
SI-2026-0182,24,Fail,Low,No vehicle warning signage at the welfare cabin crossing
SI-2026-0183,1,Fail,Low,Fire door at bay 2 catches on frame and does not latch
SI-2026-0183,2,Pass,,
SI-2026-0183,3,Pass,,
SI-2026-0183,4,Pass,,
SI-2026-0183,5,Pass,,
SI-2026-0183,6,Pass,,
SI-2026-0183,7,Pass,,
SI-2026-0183,8,Pass,,
SI-2026-0183,9,Pass,,
SI-2026-0183,10,Pass,,
SI-2026-0183,11,Pass,,
SI-2026-0183,12,Pass,,
SI-2026-0183,13,Pass,,
SI-2026-0183,14,Pass,,
SI-2026-0183,15,Pass,,
SI-2026-0183,16,Pass,,
SI-2026-0183,17,Pass,,
SI-2026-0183,18,NA,,
SI-2026-0183,19,Pass,,
SI-2026-0183,20,Pass,,
SI-2026-0183,21,Pass,,
SI-2026-0183,22,Pass,,
SI-2026-0183,23,Pass,,
SI-2026-0183,24,Pass,,
SI-2026-0184,1,Pass,,
SI-2026-0184,2,Pass,,
SI-2026-0184,3,Pass,,
SI-2026-0184,4,Pass,,
SI-2026-0184,5,Pass,,
SI-2026-0184,6,Pass,,
SI-2026-0184,7,Pass,,
SI-2026-0184,8,Pass,,
SI-2026-0184,9,Fail,Low,Pallets staged on pedestrian route near store B
SI-2026-0184,10,Pass,,
SI-2026-0184,11,Pass,,
SI-2026-0184,12,Pass,,
SI-2026-0184,13,Pass,,
SI-2026-0184,14,Pass,,
SI-2026-0184,15,Fail,Medium,Operative without hi-vis near the welfare cabin
SI-2026-0184,16,Pass,,
SI-2026-0184,17,Pass,,
SI-2026-0184,18,Pass,,
SI-2026-0184,19,Pass,,
SI-2026-0184,20,Pass,,
SI-2026-0184,21,Pass,,
SI-2026-0184,22,Pass,,
SI-2026-0184,23,Pass,,
SI-2026-0184,24,Pass,,
SI-2026-0185,1,Pass,,
SI-2026-0185,2,Fail,Low,Extinguisher at the east exit past its service date
SI-2026-0185,3,Pass,,
SI-2026-0185,4,Pass,,
SI-2026-0185,5,Pass,,
SI-2026-0185,6,Pass,,
SI-2026-0185,7,Pass,,
SI-2026-0185,8,Pass,,
SI-2026-0185,9,Pass,,
SI-2026-0185,10,Pass,,
SI-2026-0185,11,Pass,,
SI-2026-0185,12,Pass,,
SI-2026-0185,13,Pass,,
SI-2026-0185,14,Pass,,
SI-2026-0185,15,Pass,,
SI-2026-0185,16,Pass,,
SI-2026-0185,17,Pass,,
SI-2026-0185,18,Pass,,
SI-2026-0185,19,Fail,Low,Untagged stepladder in use at aisle 4
SI-2026-0185,20,Pass,,
SI-2026-0185,21,NA,,
SI-2026-0185,22,Pass,,
SI-2026-0185,23,Pass,,
SI-2026-0185,24,Pass,,
SI-2026-0186,1,Pass,,
SI-2026-0186,2,Fail,Low,Extinguisher at bay 2 past its service date
SI-2026-0186,3,Pass,,
SI-2026-0186,4,Pass,,
SI-2026-0186,5,Pass,,
SI-2026-0186,6,Pass,,
SI-2026-0186,7,Pass,,
SI-2026-0186,8,Pass,,
SI-2026-0186,9,Pass,,
SI-2026-0186,10,Pass,,
SI-2026-0186,11,Pass,,
SI-2026-0186,12,Pass,,
SI-2026-0186,13,Pass,,
SI-2026-0186,14,Pass,,
SI-2026-0186,15,Pass,,
SI-2026-0186,16,Pass,,
SI-2026-0186,17,Pass,,
SI-2026-0186,18,Pass,,
SI-2026-0186,19,Pass,,
SI-2026-0186,20,Pass,,
SI-2026-0186,21,Pass,,
SI-2026-0186,22,Pass,,
SI-2026-0186,23,Pass,,
SI-2026-0186,24,Pass,,
SI-2026-0187,1,Pass,,
SI-2026-0187,2,Pass,,
SI-2026-0187,3,Pass,,
SI-2026-0187,4,Fail,Low,Emergency light at the dock office not illuminating on test
SI-2026-0187,5,Pass,,
SI-2026-0187,6,Pass,,
SI-2026-0187,7,Pass,,
SI-2026-0187,8,Pass,,
SI-2026-0187,9,Pass,,
SI-2026-0187,10,Pass,,
SI-2026-0187,11,Pass,,
SI-2026-0187,12,Pass,,
SI-2026-0187,13,Pass,,
SI-2026-0187,14,Pass,,
SI-2026-0187,15,Pass,,
SI-2026-0187,16,Pass,,
SI-2026-0187,17,Pass,,
SI-2026-0187,18,Pass,,
SI-2026-0187,19,Pass,,
SI-2026-0187,20,Pass,,
SI-2026-0187,21,Pass,,
SI-2026-0187,22,Pass,,
SI-2026-0187,23,Pass,,
SI-2026-0187,24,Pass,,
SI-2026-0188,1,Pass,,
SI-2026-0188,2,Pass,,
SI-2026-0188,3,Pass,,
SI-2026-0188,4,Pass,,
SI-2026-0188,5,Pass,,
SI-2026-0188,6,Fail,Low,Distribution board at the east exit left open and unlabelled
SI-2026-0188,7,Pass,,
SI-2026-0188,8,Pass,,
SI-2026-0188,9,Pass,,
SI-2026-0188,10,Pass,,
SI-2026-0188,11,Pass,,
SI-2026-0188,12,Pass,,
SI-2026-0188,13,Pass,,
SI-2026-0188,14,Pass,,
SI-2026-0188,15,Pass,,
SI-2026-0188,16,Pass,,
SI-2026-0188,17,Fail,Low,Racking tag at the north stairwell out of date
SI-2026-0188,18,Fail,Low,Overloaded top beam at store B
SI-2026-0188,19,Pass,,
SI-2026-0188,20,Pass,,
SI-2026-0188,21,Pass,,
SI-2026-0188,22,Pass,,
SI-2026-0188,23,Pass,,
SI-2026-0188,24,Pass,,
SI-2026-0189,1,Pass,,
SI-2026-0189,2,Pass,,
SI-2026-0189,3,NA,,
SI-2026-0189,4,Pass,,
SI-2026-0189,5,Pass,,
SI-2026-0189,6,Pass,,
SI-2026-0189,7,Pass,,
SI-2026-0189,8,Pass,,
SI-2026-0189,9,Pass,,
SI-2026-0189,10,Pass,,
SI-2026-0189,11,Pass,,
SI-2026-0189,12,Pass,,
SI-2026-0189,13,Pass,,
SI-2026-0189,14,Pass,,
SI-2026-0189,15,Fail,Low,Operative without hi-vis near the main workshop
SI-2026-0189,16,Fail,High,Welfare room at bay 2 without hot water
SI-2026-0189,17,Pass,,
SI-2026-0189,18,Pass,,
SI-2026-0189,19,Pass,,
SI-2026-0189,20,Pass,,
SI-2026-0189,21,Pass,,
SI-2026-0189,22,NA,,
SI-2026-0189,23,Pass,,
SI-2026-0189,24,Pass,,
SI-2026-0190,1,Pass,,
SI-2026-0190,2,Fail,Medium,Extinguisher at loading bay 6 past its service date
SI-2026-0190,3,Pass,,
SI-2026-0190,4,Pass,,
SI-2026-0190,5,Pass,,
SI-2026-0190,6,NA,,
SI-2026-0190,7,Fail,Low,Damaged extension lead in use at the main workshop
SI-2026-0190,8,Pass,,
SI-2026-0190,9,Pass,,
SI-2026-0190,10,Pass,,
SI-2026-0190,11,Pass,,
SI-2026-0190,12,NA,,
SI-2026-0190,13,Pass,,
SI-2026-0190,14,Pass,,
SI-2026-0190,15,Pass,,
SI-2026-0190,16,Pass,,
SI-2026-0190,17,Pass,,
SI-2026-0190,18,Pass,,
SI-2026-0190,19,Pass,,
SI-2026-0190,20,Pass,,
SI-2026-0190,21,NA,,
SI-2026-0190,22,Pass,,
SI-2026-0190,23,Fail,Medium,Statutory notice board at the east exit out of date
SI-2026-0190,24,Pass,,
SI-2026-0191,1,NA,,
SI-2026-0191,2,Pass,,
SI-2026-0191,3,Pass,,
SI-2026-0191,4,Pass,,
SI-2026-0191,5,Pass,,
SI-2026-0191,6,Pass,,
SI-2026-0191,7,Pass,,
SI-2026-0191,8,Pass,,
SI-2026-0191,9,Fail,Medium,Pallets staged on pedestrian route near aisle 4
SI-2026-0191,10,Fail,Low,Waste bins overflowing at bay 2
SI-2026-0191,11,Pass,,
SI-2026-0191,12,Pass,,
SI-2026-0191,13,Pass,,
SI-2026-0191,14,Pass,,
SI-2026-0191,15,Pass,,
SI-2026-0191,16,Pass,,
SI-2026-0191,17,Pass,,
SI-2026-0191,18,Pass,,
SI-2026-0191,19,Pass,,
SI-2026-0191,20,Pass,,
SI-2026-0191,21,Pass,,
SI-2026-0191,22,Pass,,
SI-2026-0191,23,Fail,Medium,Statutory notice board at aisle 4 out of date
SI-2026-0191,24,Pass,,
SI-2026-0192,1,Pass,,
SI-2026-0192,2,Pass,,
SI-2026-0192,3,Pass,,
SI-2026-0192,4,Pass,,
SI-2026-0192,5,Pass,,
SI-2026-0192,6,Pass,,
SI-2026-0192,7,Pass,,
SI-2026-0192,8,Pass,,
SI-2026-0192,9,Pass,,
SI-2026-0192,10,Pass,,
SI-2026-0192,11,Pass,,
SI-2026-0192,12,Pass,,
SI-2026-0192,13,Pass,,
SI-2026-0192,14,Pass,,
SI-2026-0192,15,Fail,Low,Operative without hi-vis near bay 2
SI-2026-0192,16,Pass,,
SI-2026-0192,17,Pass,,
SI-2026-0192,18,Pass,,
SI-2026-0192,19,Pass,,
SI-2026-0192,20,Pass,,
SI-2026-0192,21,Pass,,
SI-2026-0192,22,Pass,,
SI-2026-0192,23,Pass,,
SI-2026-0192,24,Pass,,
SI-2026-0193,1,Pass,,
SI-2026-0193,2,Pass,,
SI-2026-0193,3,Fail,Medium,Call point at the mezzanine blocked by stored materials
SI-2026-0193,4,Pass,,
SI-2026-0193,5,Pass,,
SI-2026-0193,6,Fail,Low,Distribution board at loading bay 6 left open and unlabelled
SI-2026-0193,7,Pass,,
SI-2026-0193,8,Pass,,
SI-2026-0193,9,Pass,,
SI-2026-0193,10,Fail,Low,Waste bins overflowing at the main workshop
SI-2026-0193,11,Pass,,
SI-2026-0193,12,Pass,,
SI-2026-0193,13,Pass,,
SI-2026-0193,14,Pass,,
SI-2026-0193,15,Pass,,
SI-2026-0193,16,Fail,Low,Welfare room at the yard gate without hot water
SI-2026-0193,17,Pass,,
SI-2026-0193,18,Pass,,
SI-2026-0193,19,Fail,Medium,Untagged stepladder in use at the dock office
SI-2026-0193,20,Pass,,
SI-2026-0193,21,NA,,
SI-2026-0193,22,Pass,,
SI-2026-0193,23,Pass,,
SI-2026-0193,24,Pass,,
SI-2026-0194,1,Pass,,
SI-2026-0194,2,Pass,,
SI-2026-0194,3,NA,,
SI-2026-0194,4,Pass,,
SI-2026-0194,5,Pass,,
SI-2026-0194,6,Pass,,
SI-2026-0194,7,Pass,,
SI-2026-0194,8,Pass,,
SI-2026-0194,9,Pass,,
SI-2026-0194,10,Fail,Low,Waste bins overflowing at the north stairwell
SI-2026-0194,11,Pass,,
SI-2026-0194,12,Fail,Low,Spill kit at the dock office missing absorbent pads
SI-2026-0194,13,Pass,,
SI-2026-0194,14,Pass,,
SI-2026-0194,15,Pass,,
SI-2026-0194,16,Pass,,
SI-2026-0194,17,Pass,,
SI-2026-0194,18,Pass,,
SI-2026-0194,19,Pass,,
SI-2026-0194,20,Pass,,
SI-2026-0194,21,Pass,,
SI-2026-0194,22,Pass,,
SI-2026-0194,23,Fail,Medium,Statutory notice board at bay 2 out of date
SI-2026-0194,24,Pass,,
SI-2026-0195,1,Pass,,
SI-2026-0195,2,Pass,,
SI-2026-0195,3,Fail,Low,Call point at store B blocked by stored materials
SI-2026-0195,4,Fail,Medium,Emergency light at the north stairwell not illuminating on test
SI-2026-0195,5,Pass,,
SI-2026-0195,6,Pass,,
SI-2026-0195,7,Fail,Medium,Damaged extension lead in use at aisle 4
SI-2026-0195,8,Pass,,
SI-2026-0195,9,Pass,,
SI-2026-0195,10,Pass,,
SI-2026-0195,11,Pass,,
SI-2026-0195,12,Pass,,
SI-2026-0195,13,Pass,,
SI-2026-0195,14,Pass,,
SI-2026-0195,15,Pass,,
SI-2026-0195,16,Pass,,
SI-2026-0195,17,Pass,,
SI-2026-0195,18,Pass,,
SI-2026-0195,19,Pass,,
SI-2026-0195,20,Pass,,
SI-2026-0195,21,Fail,Low,Escape route sign above the east exit obscured by stock
SI-2026-0195,22,Pass,,
SI-2026-0195,23,Pass,,
SI-2026-0195,24,Pass,,
SI-2026-0196,1,Pass,,
SI-2026-0196,2,NA,,
SI-2026-0196,3,NA,,
SI-2026-0196,4,Pass,,
SI-2026-0196,5,Pass,,
SI-2026-0196,6,Fail,Low,Distribution board at bay 2 left open and unlabelled
SI-2026-0196,7,Fail,Low,Damaged extension lead in use at the yard gate
SI-2026-0196,8,Pass,,
SI-2026-0196,9,Pass,,
SI-2026-0196,10,Pass,,
SI-2026-0196,11,Pass,,
SI-2026-0196,12,NA,,
SI-2026-0196,13,Pass,,
SI-2026-0196,14,Pass,,
SI-2026-0196,15,Pass,,
SI-2026-0196,16,Pass,,
SI-2026-0196,17,Pass,,
SI-2026-0196,18,Pass,,
SI-2026-0196,19,Pass,,
SI-2026-0196,20,Pass,,
SI-2026-0196,21,Pass,,
SI-2026-0196,22,Pass,,
SI-2026-0196,23,Pass,,
SI-2026-0196,24,Fail,Low,No vehicle warning signage at the north stairwell crossing
SI-2026-0197,1,Pass,,
SI-2026-0197,2,Pass,,
SI-2026-0197,3,Pass,,
SI-2026-0197,4,Pass,,
SI-2026-0197,5,Pass,,
SI-2026-0197,6,Pass,,
SI-2026-0197,7,Pass,,
SI-2026-0197,8,Pass,,
SI-2026-0197,9,Pass,,
SI-2026-0197,10,Pass,,
SI-2026-0197,11,Pass,,
SI-2026-0197,12,Pass,,
SI-2026-0197,13,Pass,,
SI-2026-0197,14,Pass,,
SI-2026-0197,15,Pass,,
SI-2026-0197,16,Pass,,
SI-2026-0197,17,Pass,,
SI-2026-0197,18,Pass,,
SI-2026-0197,19,Pass,,
SI-2026-0197,20,Pass,,
SI-2026-0197,21,Fail,Medium,Escape route sign above bay 2 obscured by stock
SI-2026-0197,22,Pass,,
SI-2026-0197,23,Pass,,
SI-2026-0197,24,Fail,High,No vehicle warning signage at level 2 crossing
SI-2026-0198,1,Pass,,
SI-2026-0198,2,Pass,,
SI-2026-0198,3,Pass,,
SI-2026-0198,4,Fail,Low,Emergency light at level 2 not illuminating on test
SI-2026-0198,5,Pass,,
SI-2026-0198,6,Pass,,
SI-2026-0198,7,Pass,,
SI-2026-0198,8,Pass,,
SI-2026-0198,9,Pass,,
SI-2026-0198,10,Fail,Low,Waste bins overflowing at aisle 4
SI-2026-0198,11,Pass,,
SI-2026-0198,12,Pass,,
SI-2026-0198,13,Pass,,
SI-2026-0198,14,Pass,,
SI-2026-0198,15,Pass,,
SI-2026-0198,16,Pass,,
SI-2026-0198,17,Pass,,
SI-2026-0198,18,Fail,Medium,Overloaded top beam at loading bay 6
SI-2026-0198,19,Pass,,
SI-2026-0198,20,Pass,,
SI-2026-0198,21,Pass,,
SI-2026-0198,22,Pass,,
SI-2026-0198,23,Fail,Low,Statutory notice board at the welfare cabin out of date
SI-2026-0198,24,Pass,,
SI-2026-0199,1,Pass,,
SI-2026-0199,2,Fail,Low,Extinguisher at aisle 4 past its service date
SI-2026-0199,3,Pass,,
SI-2026-0199,4,Pass,,
SI-2026-0199,5,Pass,,
SI-2026-0199,6,Pass,,
SI-2026-0199,7,Fail,Medium,Damaged extension lead in use at loading bay 6
SI-2026-0199,8,Pass,,
SI-2026-0199,9,Pass,,
SI-2026-0199,10,Pass,,
SI-2026-0199,11,Pass,,
SI-2026-0199,12,Pass,,
SI-2026-0199,13,Pass,,
SI-2026-0199,14,Pass,,
SI-2026-0199,15,Fail,Medium,Operative without hi-vis near store B
SI-2026-0199,16,Pass,,
SI-2026-0199,17,Pass,,
SI-2026-0199,18,Pass,,
SI-2026-0199,19,Pass,,
SI-2026-0199,20,Pass,,
SI-2026-0199,21,Pass,,
SI-2026-0199,22,Pass,,
SI-2026-0199,23,Pass,,
SI-2026-0199,24,Pass,,
SI-2026-0200,1,Pass,,
SI-2026-0200,2,Pass,,
SI-2026-0200,3,Pass,,
SI-2026-0200,4,Pass,,
SI-2026-0200,5,Pass,,
SI-2026-0200,6,Pass,,
SI-2026-0200,7,Pass,,
SI-2026-0200,8,Pass,,
SI-2026-0200,9,Pass,,
SI-2026-0200,10,Pass,,
SI-2026-0200,11,Pass,,
SI-2026-0200,12,Pass,,
SI-2026-0200,13,Pass,,
SI-2026-0200,14,Pass,,
SI-2026-0200,15,Pass,,
SI-2026-0200,16,Pass,,
SI-2026-0200,17,Pass,,
SI-2026-0200,18,Pass,,
SI-2026-0200,19,NA,,
SI-2026-0200,20,Pass,,
SI-2026-0200,21,Fail,Medium,Escape route sign above level 2 obscured by stock
SI-2026-0200,22,Pass,,
SI-2026-0200,23,Pass,,
SI-2026-0200,24,Pass,,
SI-2026-0201,1,Fail,Low,Fire door at store B catches on frame and does not latch
SI-2026-0201,2,Pass,,
SI-2026-0201,3,Pass,,
SI-2026-0201,4,Pass,,
SI-2026-0201,5,Pass,,
SI-2026-0201,6,Fail,Medium,Distribution board at the east exit left open and unlabelled
SI-2026-0201,7,Pass,,
SI-2026-0201,8,Pass,,
SI-2026-0201,9,Pass,,
SI-2026-0201,10,Pass,,
SI-2026-0201,11,Pass,,
SI-2026-0201,12,Pass,,
SI-2026-0201,13,Pass,,
SI-2026-0201,14,Pass,,
SI-2026-0201,15,Pass,,
SI-2026-0201,16,Pass,,
SI-2026-0201,17,Pass,,
SI-2026-0201,18,Pass,,
SI-2026-0201,19,Pass,,
SI-2026-0201,20,Pass,,
SI-2026-0201,21,Pass,,
SI-2026-0201,22,Pass,,
SI-2026-0201,23,Pass,,
SI-2026-0201,24,Pass,,
SI-2026-0202,1,Pass,,
SI-2026-0202,2,Pass,,
SI-2026-0202,3,Pass,,
SI-2026-0202,4,Pass,,
SI-2026-0202,5,Pass,,
SI-2026-0202,6,Pass,,
SI-2026-0202,7,Pass,,
SI-2026-0202,8,Pass,,
SI-2026-0202,9,Pass,,
SI-2026-0202,10,Pass,,
SI-2026-0202,11,Pass,,
SI-2026-0202,12,Pass,,
SI-2026-0202,13,Pass,,
SI-2026-0202,14,Pass,,
SI-2026-0202,15,Pass,,
SI-2026-0202,16,Pass,,
SI-2026-0202,17,Pass,,
SI-2026-0202,18,Pass,,
SI-2026-0202,19,NA,,
SI-2026-0202,20,Pass,,
SI-2026-0202,21,NA,,
SI-2026-0202,22,Pass,,
SI-2026-0202,23,Pass,,
SI-2026-0202,24,Pass,,
SI-2026-0203,1,Pass,,
SI-2026-0203,2,Fail,Low,Extinguisher at aisle 4 past its service date
SI-2026-0203,3,Pass,,
SI-2026-0203,4,Fail,Low,Emergency light at the east exit not illuminating on test
SI-2026-0203,5,Pass,,
SI-2026-0203,6,Pass,,
SI-2026-0203,7,Pass,,
SI-2026-0203,8,Pass,,
SI-2026-0203,9,Pass,,
SI-2026-0203,10,Pass,,
SI-2026-0203,11,Pass,,
SI-2026-0203,12,Pass,,
SI-2026-0203,13,Pass,,
SI-2026-0203,14,Pass,,
SI-2026-0203,15,Fail,Medium,Operative without hi-vis near the dock office
SI-2026-0203,16,Pass,,
SI-2026-0203,17,Pass,,
SI-2026-0203,18,Pass,,
SI-2026-0203,19,Pass,,
SI-2026-0203,20,NA,,
SI-2026-0203,21,Pass,,
SI-2026-0203,22,Pass,,
SI-2026-0203,23,Pass,,
SI-2026-0203,24,Fail,Low,No vehicle warning signage at aisle 4 crossing
SI-2026-0204,1,Pass,,
SI-2026-0204,2,Pass,,
SI-2026-0204,3,Pass,,
SI-2026-0204,4,Pass,,
SI-2026-0204,5,Pass,,
SI-2026-0204,6,Pass,,
SI-2026-0204,7,Pass,,
SI-2026-0204,8,Pass,,
SI-2026-0204,9,Pass,,
SI-2026-0204,10,Pass,,
SI-2026-0204,11,Pass,,
SI-2026-0204,12,Pass,,
SI-2026-0204,13,Pass,,
SI-2026-0204,14,Pass,,
SI-2026-0204,15,Pass,,
SI-2026-0204,16,Pass,,
SI-2026-0204,17,Pass,,
SI-2026-0204,18,Pass,,
SI-2026-0204,19,Pass,,
SI-2026-0204,20,Pass,,
SI-2026-0204,21,Pass,,
SI-2026-0204,22,Pass,,
SI-2026-0204,23,Pass,,
SI-2026-0204,24,Pass,,
SI-2026-0205,1,Pass,,
SI-2026-0205,2,Fail,Low,Extinguisher at the welfare cabin past its service date
SI-2026-0205,3,Pass,,
SI-2026-0205,4,Pass,,
SI-2026-0205,5,Pass,,
SI-2026-0205,6,Pass,,
SI-2026-0205,7,Pass,,
SI-2026-0205,8,Pass,,
SI-2026-0205,9,Pass,,
SI-2026-0205,10,Fail,Low,Waste bins overflowing at level 2
SI-2026-0205,11,Pass,,
SI-2026-0205,12,Pass,,
SI-2026-0205,13,Pass,,
SI-2026-0205,14,Pass,,
SI-2026-0205,15,Pass,,
SI-2026-0205,16,Pass,,
SI-2026-0205,17,Fail,Low,Racking tag at aisle 4 out of date
SI-2026-0205,18,Pass,,
SI-2026-0205,19,Pass,,
SI-2026-0205,20,Pass,,
SI-2026-0205,21,Pass,,
SI-2026-0205,22,Pass,,
SI-2026-0205,23,Pass,,
SI-2026-0205,24,Pass,,
SI-2026-0206,1,Pass,,
SI-2026-0206,2,Pass,,
SI-2026-0206,3,Pass,,
SI-2026-0206,4,Pass,,
SI-2026-0206,5,Pass,,
SI-2026-0206,6,Pass,,
SI-2026-0206,7,Pass,,
SI-2026-0206,8,Fail,Low,Isolation switch at the dock office obstructed
SI-2026-0206,9,Pass,,
SI-2026-0206,10,Pass,,
SI-2026-0206,11,Pass,,
SI-2026-0206,12,Pass,,
SI-2026-0206,13,Fail,Low,Eye-wash bottle at bay 2 past expiry
SI-2026-0206,14,Fail,High,First-aid kit at the dock office missing dressings
SI-2026-0206,15,Pass,,
SI-2026-0206,16,Pass,,
SI-2026-0206,17,Fail,Low,Racking tag at the dock office out of date
SI-2026-0206,18,Pass,,
SI-2026-0206,19,Fail,Low,Untagged stepladder in use at the welfare cabin
SI-2026-0206,20,Pass,,
SI-2026-0206,21,Fail,Low,Escape route sign above the mezzanine obscured by stock
SI-2026-0206,22,Fail,High,Walkway markings at loading bay 6 worn and faded
SI-2026-0206,23,Pass,,
SI-2026-0206,24,Pass,,
SI-2026-0207,1,Fail,Low,Fire door at the north stairwell catches on frame and does not latch
SI-2026-0207,2,Pass,,
SI-2026-0207,3,Pass,,
SI-2026-0207,4,Pass,,
SI-2026-0207,5,Pass,,
SI-2026-0207,6,Pass,,
SI-2026-0207,7,Pass,,
SI-2026-0207,8,Pass,,
SI-2026-0207,9,Pass,,
SI-2026-0207,10,Pass,,
SI-2026-0207,11,Pass,,
SI-2026-0207,12,Pass,,
SI-2026-0207,13,Pass,,
SI-2026-0207,14,Pass,,
SI-2026-0207,15,Pass,,
SI-2026-0207,16,Pass,,
SI-2026-0207,17,Pass,,
SI-2026-0207,18,Pass,,
SI-2026-0207,19,Pass,,
SI-2026-0207,20,Pass,,
SI-2026-0207,21,Pass,,
SI-2026-0207,22,Pass,,
SI-2026-0207,23,Pass,,
SI-2026-0207,24,Fail,Low,No vehicle warning signage at aisle 4 crossing
SI-2026-0208,1,Pass,,
SI-2026-0208,2,Fail,Low,Extinguisher at the east exit past its service date
SI-2026-0208,3,Pass,,
SI-2026-0208,4,Pass,,
SI-2026-0208,5,Pass,,
SI-2026-0208,6,Pass,,
SI-2026-0208,7,Pass,,
SI-2026-0208,8,Pass,,
SI-2026-0208,9,Pass,,
SI-2026-0208,10,Pass,,
SI-2026-0208,11,Pass,,
SI-2026-0208,12,Pass,,
SI-2026-0208,13,Pass,,
SI-2026-0208,14,Pass,,
SI-2026-0208,15,Fail,Medium,Operative without hi-vis near level 2
SI-2026-0208,16,Pass,,
SI-2026-0208,17,Pass,,
SI-2026-0208,18,Fail,Low,Overloaded top beam at store B
SI-2026-0208,19,Fail,Low,Untagged stepladder in use at store B
SI-2026-0208,20,Pass,,
SI-2026-0208,21,Pass,,
SI-2026-0208,22,Pass,,
SI-2026-0208,23,Pass,,
SI-2026-0208,24,Pass,,
SI-2026-0209,1,NA,,
SI-2026-0209,2,Pass,,
SI-2026-0209,3,Pass,,
SI-2026-0209,4,Pass,,
SI-2026-0209,5,Pass,,
SI-2026-0209,6,Pass,,
SI-2026-0209,7,Pass,,
SI-2026-0209,8,Pass,,
SI-2026-0209,9,Pass,,
SI-2026-0209,10,Pass,,
SI-2026-0209,11,Pass,,
SI-2026-0209,12,Fail,Low,Spill kit at bay 2 missing absorbent pads
SI-2026-0209,13,Pass,,
SI-2026-0209,14,Pass,,
SI-2026-0209,15,Pass,,
SI-2026-0209,16,Pass,,
SI-2026-0209,17,Fail,Low,Racking tag at level 2 out of date
SI-2026-0209,18,Pass,,
SI-2026-0209,19,Fail,High,Untagged stepladder in use at store B
SI-2026-0209,20,Pass,,
SI-2026-0209,21,Fail,Medium,Escape route sign above the north stairwell obscured by stock
SI-2026-0209,22,Pass,,
SI-2026-0209,23,Fail,Low,Statutory notice board at the east exit out of date
SI-2026-0209,24,Pass,,
SI-2026-0210,1,Pass,,
SI-2026-0210,2,Pass,,
SI-2026-0210,3,Pass,,
SI-2026-0210,4,Pass,,
SI-2026-0210,5,Pass,,
SI-2026-0210,6,Pass,,
SI-2026-0210,7,Pass,,
SI-2026-0210,8,Pass,,
SI-2026-0210,9,Pass,,
SI-2026-0210,10,Pass,,
SI-2026-0210,11,Pass,,
SI-2026-0210,12,Pass,,
SI-2026-0210,13,Pass,,
SI-2026-0210,14,Pass,,
SI-2026-0210,15,Pass,,
SI-2026-0210,16,Pass,,
SI-2026-0210,17,Pass,,
SI-2026-0210,18,Pass,,
SI-2026-0210,19,Pass,,
SI-2026-0210,20,Pass,,
SI-2026-0210,21,Pass,,
SI-2026-0210,22,Pass,,
SI-2026-0210,23,Pass,,
SI-2026-0210,24,Pass,,
SI-2026-0211,1,Pass,,
SI-2026-0211,2,Pass,,
SI-2026-0211,3,Pass,,
SI-2026-0211,4,Pass,,
SI-2026-0211,5,Pass,,
SI-2026-0211,6,Pass,,
SI-2026-0211,7,Pass,,
SI-2026-0211,8,Pass,,
SI-2026-0211,9,Pass,,
SI-2026-0211,10,Pass,,
SI-2026-0211,11,Pass,,
SI-2026-0211,12,Pass,,
SI-2026-0211,13,Pass,,
SI-2026-0211,14,Pass,,
SI-2026-0211,15,Pass,,
SI-2026-0211,16,Pass,,
SI-2026-0211,17,Pass,,
SI-2026-0211,18,Pass,,
SI-2026-0211,19,Pass,,
SI-2026-0211,20,Pass,,
SI-2026-0211,21,Pass,,
SI-2026-0211,22,Pass,,
SI-2026-0211,23,Pass,,
SI-2026-0211,24,Pass,,
SI-2026-0212,1,Fail,Low,Fire door at loading bay 6 catches on frame and does not latch
SI-2026-0212,2,Pass,,
SI-2026-0212,3,Pass,,
SI-2026-0212,4,Pass,,
SI-2026-0212,5,Pass,,
SI-2026-0212,6,Pass,,
SI-2026-0212,7,Pass,,
SI-2026-0212,8,Pass,,
SI-2026-0212,9,Pass,,
SI-2026-0212,10,Pass,,
SI-2026-0212,11,Fail,Low,Work bench at the yard gate cluttered with offcuts
SI-2026-0212,12,Pass,,
SI-2026-0212,13,Pass,,
SI-2026-0212,14,Pass,,
SI-2026-0212,15,Pass,,
SI-2026-0212,16,Pass,,
SI-2026-0212,17,Pass,,
SI-2026-0212,18,Pass,,
SI-2026-0212,19,Pass,,
SI-2026-0212,20,Pass,,
SI-2026-0212,21,Pass,,
SI-2026-0212,22,Pass,,
SI-2026-0212,23,Pass,,
SI-2026-0212,24,Pass,,
SI-2026-0213,1,Fail,Medium,Fire door at level 2 catches on frame and does not latch
SI-2026-0213,2,Pass,,
SI-2026-0213,3,Pass,,
SI-2026-0213,4,Pass,,
SI-2026-0213,5,Pass,,
SI-2026-0213,6,Pass,,
SI-2026-0213,7,Pass,,
SI-2026-0213,8,Pass,,
SI-2026-0213,9,Pass,,
SI-2026-0213,10,Pass,,
SI-2026-0213,11,Fail,Low,Work bench at the main workshop cluttered with offcuts
SI-2026-0213,12,Pass,,
SI-2026-0213,13,Pass,,
SI-2026-0213,14,Pass,,
SI-2026-0213,15,Pass,,
SI-2026-0213,16,Pass,,
SI-2026-0213,17,Fail,Medium,Racking tag at store B out of date
SI-2026-0213,18,Pass,,
SI-2026-0213,19,Pass,,
SI-2026-0213,20,Pass,,
SI-2026-0213,21,Pass,,
SI-2026-0213,22,Pass,,
SI-2026-0213,23,Pass,,
SI-2026-0213,24,Pass,,
SI-2026-0214,1,Pass,,
SI-2026-0214,2,Pass,,
SI-2026-0214,3,Pass,,
SI-2026-0214,4,Pass,,
SI-2026-0214,5,Pass,,
SI-2026-0214,6,Pass,,
SI-2026-0214,7,Pass,,
SI-2026-0214,8,Pass,,
SI-2026-0214,9,Pass,,
SI-2026-0214,10,NA,,
SI-2026-0214,11,Pass,,
SI-2026-0214,12,Pass,,
SI-2026-0214,13,Pass,,
SI-2026-0214,14,Pass,,
SI-2026-0214,15,Pass,,
SI-2026-0214,16,Fail,Low,Welfare room at level 2 without hot water
SI-2026-0214,17,Pass,,
SI-2026-0214,18,Pass,,
SI-2026-0214,19,Pass,,
SI-2026-0214,20,Pass,,
SI-2026-0214,21,NA,,
SI-2026-0214,22,Pass,,
SI-2026-0214,23,Pass,,
SI-2026-0214,24,Pass,,
SI-2026-0215,1,Pass,,
SI-2026-0215,2,Pass,,
SI-2026-0215,3,Pass,,
SI-2026-0215,4,Pass,,
SI-2026-0215,5,Pass,,
SI-2026-0215,6,Pass,,
SI-2026-0215,7,Pass,,
SI-2026-0215,8,Pass,,
SI-2026-0215,9,Pass,,
SI-2026-0215,10,Pass,,
SI-2026-0215,11,Pass,,
SI-2026-0215,12,Pass,,
SI-2026-0215,13,Pass,,
SI-2026-0215,14,Pass,,
SI-2026-0215,15,Pass,,
SI-2026-0215,16,Pass,,
SI-2026-0215,17,Pass,,
SI-2026-0215,18,Pass,,
SI-2026-0215,19,Pass,,
SI-2026-0215,20,Pass,,
SI-2026-0215,21,Pass,,
SI-2026-0215,22,Pass,,
SI-2026-0215,23,Pass,,
SI-2026-0215,24,Pass,,
SI-2026-0216,1,Pass,,
SI-2026-0216,2,Pass,,
SI-2026-0216,3,Pass,,
SI-2026-0216,4,Pass,,
SI-2026-0216,5,Pass,,
SI-2026-0216,6,Fail,Medium,Distribution board at store B left open and unlabelled
SI-2026-0216,7,Pass,,
SI-2026-0216,8,NA,,
SI-2026-0216,9,Pass,,
SI-2026-0216,10,Pass,,
SI-2026-0216,11,Pass,,
SI-2026-0216,12,Pass,,
SI-2026-0216,13,Fail,Medium,Eye-wash bottle at bay 2 past expiry
SI-2026-0216,14,Pass,,
SI-2026-0216,15,Fail,Low,Operative without hi-vis near the north stairwell
SI-2026-0216,16,Fail,Low,Welfare room at aisle 4 without hot water
SI-2026-0216,17,Pass,,
SI-2026-0216,18,Pass,,
SI-2026-0216,19,Pass,,
SI-2026-0216,20,Pass,,
SI-2026-0216,21,Pass,,
SI-2026-0216,22,Pass,,
SI-2026-0216,23,Pass,,
SI-2026-0216,24,NA,,
SI-2026-0217,1,Pass,,
SI-2026-0217,2,Pass,,
SI-2026-0217,3,Pass,,
SI-2026-0217,4,Pass,,
SI-2026-0217,5,NA,,
SI-2026-0217,6,Pass,,
SI-2026-0217,7,Pass,,
SI-2026-0217,8,Fail,Medium,Isolation switch at the yard gate obstructed
SI-2026-0217,9,Pass,,
SI-2026-0217,10,Pass,,
SI-2026-0217,11,Pass,,
SI-2026-0217,12,Pass,,
SI-2026-0217,13,Pass,,
SI-2026-0217,14,Pass,,
SI-2026-0217,15,Pass,,
SI-2026-0217,16,Pass,,
SI-2026-0217,17,NA,,
SI-2026-0217,18,Pass,,
SI-2026-0217,19,Pass,,
SI-2026-0217,20,Pass,,
SI-2026-0217,21,Pass,,
SI-2026-0217,22,Pass,,
SI-2026-0217,23,Pass,,
SI-2026-0217,24,Pass,,
SI-2026-0218,1,Pass,,
SI-2026-0218,2,Fail,Medium,Extinguisher at the east exit past its service date
SI-2026-0218,3,Pass,,
SI-2026-0218,4,Pass,,
SI-2026-0218,5,Pass,,
SI-2026-0218,6,Pass,,
SI-2026-0218,7,Pass,,
SI-2026-0218,8,Pass,,
SI-2026-0218,9,Pass,,
SI-2026-0218,10,Pass,,
SI-2026-0218,11,Pass,,
SI-2026-0218,12,Pass,,
SI-2026-0218,13,Fail,Medium,Eye-wash bottle at the yard gate past expiry
SI-2026-0218,14,Pass,,
SI-2026-0218,15,Pass,,
SI-2026-0218,16,NA,,
SI-2026-0218,17,Pass,,
SI-2026-0218,18,Pass,,
SI-2026-0218,19,Pass,,
SI-2026-0218,20,Pass,,
SI-2026-0218,21,Pass,,
SI-2026-0218,22,Pass,,
SI-2026-0218,23,Pass,,
SI-2026-0218,24,Pass,,
SI-2026-0219,1,Pass,,
SI-2026-0219,2,Pass,,
SI-2026-0219,3,Pass,,
SI-2026-0219,4,Fail,Medium,Emergency light at the main workshop not illuminating on test
SI-2026-0219,5,Pass,,
SI-2026-0219,6,Pass,,
SI-2026-0219,7,Pass,,
SI-2026-0219,8,Fail,Low,Isolation switch at the welfare cabin obstructed
SI-2026-0219,9,Pass,,
SI-2026-0219,10,Pass,,
SI-2026-0219,11,Pass,,
SI-2026-0219,12,Fail,Low,Spill kit at loading bay 6 missing absorbent pads
SI-2026-0219,13,Pass,,
SI-2026-0219,14,Pass,,
SI-2026-0219,15,Pass,,
SI-2026-0219,16,Pass,,
SI-2026-0219,17,Pass,,
SI-2026-0219,18,Fail,Medium,Overloaded top beam at the main workshop
SI-2026-0219,19,Pass,,
SI-2026-0219,20,Pass,,
SI-2026-0219,21,Pass,,
SI-2026-0219,22,Pass,,
SI-2026-0219,23,Pass,,
SI-2026-0219,24,Pass,,
SI-2026-0220,1,Pass,,
SI-2026-0220,2,Pass,,
SI-2026-0220,3,Pass,,
SI-2026-0220,4,Pass,,
SI-2026-0220,5,Pass,,
SI-2026-0220,6,Pass,,
SI-2026-0220,7,Pass,,
SI-2026-0220,8,Pass,,
SI-2026-0220,9,Pass,,
SI-2026-0220,10,NA,,
SI-2026-0220,11,Pass,,
SI-2026-0220,12,Fail,Low,Spill kit at the yard gate missing absorbent pads
SI-2026-0220,13,Pass,,
SI-2026-0220,14,Pass,,
SI-2026-0220,15,Pass,,
SI-2026-0220,16,Pass,,
SI-2026-0220,17,Pass,,
SI-2026-0220,18,Pass,,
SI-2026-0220,19,Fail,Low,Untagged stepladder in use at the north stairwell
SI-2026-0220,20,Pass,,
SI-2026-0220,21,Pass,,
SI-2026-0220,22,Pass,,
SI-2026-0220,23,Pass,,
SI-2026-0220,24,Pass,,
SI-2026-0221,1,Pass,,
SI-2026-0221,2,Pass,,
SI-2026-0221,3,Pass,,
SI-2026-0221,4,Fail,Low,Emergency light at loading bay 6 not illuminating on test
SI-2026-0221,5,Pass,,
SI-2026-0221,6,Pass,,
SI-2026-0221,7,Pass,,
SI-2026-0221,8,Pass,,
SI-2026-0221,9,Pass,,
SI-2026-0221,10,Pass,,
SI-2026-0221,11,Pass,,
SI-2026-0221,12,Pass,,
SI-2026-0221,13,Pass,,
SI-2026-0221,14,Pass,,
SI-2026-0221,15,Pass,,
SI-2026-0221,16,Pass,,
SI-2026-0221,17,Pass,,
SI-2026-0221,18,Pass,,
SI-2026-0221,19,Pass,,
SI-2026-0221,20,Pass,,
SI-2026-0221,21,Pass,,
SI-2026-0221,22,Pass,,
SI-2026-0221,23,Fail,Low,Statutory notice board at aisle 4 out of date
SI-2026-0221,24,Pass,,
SI-2026-0222,1,NA,,
SI-2026-0222,2,Pass,,
SI-2026-0222,3,Pass,,
SI-2026-0222,4,Fail,Medium,Emergency light at store B not illuminating on test
SI-2026-0222,5,Pass,,
SI-2026-0222,6,Fail,High,Distribution board at loading bay 6 left open and unlabelled
SI-2026-0222,7,Pass,,
SI-2026-0222,8,Fail,High,Isolation switch at the east exit obstructed
SI-2026-0222,9,Pass,,
SI-2026-0222,10,Pass,,
SI-2026-0222,11,Pass,,
SI-2026-0222,12,Pass,,
SI-2026-0222,13,Pass,,
SI-2026-0222,14,Pass,,
SI-2026-0222,15,Pass,,
SI-2026-0222,16,Pass,,
SI-2026-0222,17,Pass,,
SI-2026-0222,18,NA,,
SI-2026-0222,19,Pass,,
SI-2026-0222,20,Pass,,
SI-2026-0222,21,Pass,,
SI-2026-0222,22,Pass,,
SI-2026-0222,23,Pass,,
SI-2026-0222,24,Fail,High,No vehicle warning signage at the welfare cabin crossing
SI-2026-0223,1,Pass,,
SI-2026-0223,2,Pass,,
SI-2026-0223,3,Pass,,
SI-2026-0223,4,Pass,,
SI-2026-0223,5,Pass,,
SI-2026-0223,6,Pass,,
SI-2026-0223,7,Pass,,
SI-2026-0223,8,Pass,,
SI-2026-0223,9,Pass,,
SI-2026-0223,10,Pass,,
SI-2026-0223,11,Pass,,
SI-2026-0223,12,Pass,,
SI-2026-0223,13,Pass,,
SI-2026-0223,14,Fail,Low,First-aid kit at loading bay 6 missing dressings
SI-2026-0223,15,Pass,,
SI-2026-0223,16,Pass,,
SI-2026-0223,17,Pass,,
SI-2026-0223,18,Pass,,
SI-2026-0223,19,Pass,,
SI-2026-0223,20,NA,,
SI-2026-0223,21,Pass,,
SI-2026-0223,22,Pass,,
SI-2026-0223,23,Fail,Low,Statutory notice board at the mezzanine out of date
SI-2026-0223,24,Pass,,
SI-2026-0224,1,Pass,,
SI-2026-0224,2,Pass,,
SI-2026-0224,3,Pass,,
SI-2026-0224,4,Pass,,
SI-2026-0224,5,Pass,,
SI-2026-0224,6,Pass,,
SI-2026-0224,7,Pass,,
SI-2026-0224,8,Pass,,
SI-2026-0224,9,Pass,,
SI-2026-0224,10,Pass,,
SI-2026-0224,11,Pass,,
SI-2026-0224,12,Pass,,
SI-2026-0224,13,Fail,Low,Eye-wash bottle at the main workshop past expiry
SI-2026-0224,14,Pass,,
SI-2026-0224,15,Pass,,
SI-2026-0224,16,Pass,,
SI-2026-0224,17,Pass,,
SI-2026-0224,18,Pass,,
SI-2026-0224,19,Pass,,
SI-2026-0224,20,Pass,,
SI-2026-0224,21,Pass,,
SI-2026-0224,22,Pass,,
SI-2026-0224,23,Fail,Low,Statutory notice board at bay 2 out of date
SI-2026-0224,24,Pass,,
SI-2026-0225,1,Fail,Low,Fire door at store B catches on frame and does not latch
SI-2026-0225,2,Pass,,
SI-2026-0225,3,Pass,,
SI-2026-0225,4,Pass,,
SI-2026-0225,5,Pass,,
SI-2026-0225,6,Pass,,
SI-2026-0225,7,Pass,,
SI-2026-0225,8,Fail,Medium,Isolation switch at the mezzanine obstructed
SI-2026-0225,9,Fail,Medium,Pallets staged on pedestrian route near bay 2
SI-2026-0225,10,Pass,,
SI-2026-0225,11,Pass,,
SI-2026-0225,12,Pass,,
SI-2026-0225,13,Pass,,
SI-2026-0225,14,Pass,,
SI-2026-0225,15,Pass,,
SI-2026-0225,16,Pass,,
SI-2026-0225,17,Pass,,
SI-2026-0225,18,Pass,,
SI-2026-0225,19,Pass,,
SI-2026-0225,20,Pass,,
SI-2026-0225,21,Pass,,
SI-2026-0225,22,Pass,,
SI-2026-0225,23,Pass,,
SI-2026-0225,24,Pass,,
SI-2026-0226,1,Pass,,
SI-2026-0226,2,Pass,,
SI-2026-0226,3,Pass,,
SI-2026-0226,4,Pass,,
SI-2026-0226,5,Pass,,
SI-2026-0226,6,Pass,,
SI-2026-0226,7,Pass,,
SI-2026-0226,8,Pass,,
SI-2026-0226,9,Pass,,
SI-2026-0226,10,Pass,,
SI-2026-0226,11,Pass,,
SI-2026-0226,12,Pass,,
SI-2026-0226,13,Pass,,
SI-2026-0226,14,Pass,,
SI-2026-0226,15,Pass,,
SI-2026-0226,16,Pass,,
SI-2026-0226,17,Pass,,
SI-2026-0226,18,Pass,,
SI-2026-0226,19,Pass,,
SI-2026-0226,20,Pass,,
SI-2026-0226,21,NA,,
SI-2026-0226,22,Pass,,
SI-2026-0226,23,Pass,,
SI-2026-0226,24,Pass,,
SI-2026-0227,1,Pass,,
SI-2026-0227,2,Pass,,
SI-2026-0227,3,Pass,,
SI-2026-0227,4,Pass,,
SI-2026-0227,5,Pass,,
SI-2026-0227,6,Pass,,
SI-2026-0227,7,Pass,,
SI-2026-0227,8,Pass,,
SI-2026-0227,9,Pass,,
SI-2026-0227,10,Fail,Low,Waste bins overflowing at the mezzanine
SI-2026-0227,11,Pass,,
SI-2026-0227,12,Pass,,
SI-2026-0227,13,Pass,,
SI-2026-0227,14,Pass,,
SI-2026-0227,15,Pass,,
SI-2026-0227,16,Pass,,
SI-2026-0227,17,Pass,,
SI-2026-0227,18,Pass,,
SI-2026-0227,19,Pass,,
SI-2026-0227,20,Pass,,
SI-2026-0227,21,Pass,,
SI-2026-0227,22,Pass,,
SI-2026-0227,23,Pass,,
SI-2026-0227,24,Pass,,
SI-2026-0228,1,Fail,Medium,Fire door at loading bay 6 catches on frame and does not latch
SI-2026-0228,2,Pass,,
SI-2026-0228,3,Pass,,
SI-2026-0228,4,Pass,,
SI-2026-0228,5,Pass,,
SI-2026-0228,6,Pass,,
SI-2026-0228,7,Pass,,
SI-2026-0228,8,Pass,,
SI-2026-0228,9,Pass,,
SI-2026-0228,10,Pass,,
SI-2026-0228,11,Pass,,
SI-2026-0228,12,Pass,,
SI-2026-0228,13,Pass,,
SI-2026-0228,14,Pass,,
SI-2026-0228,15,Fail,High,Operative without hi-vis near the welfare cabin
SI-2026-0228,16,Pass,,
SI-2026-0228,17,NA,,
SI-2026-0228,18,Pass,,
SI-2026-0228,19,Pass,,
SI-2026-0228,20,Fail,Low,COSHH register at the north stairwell not updated this quarter
SI-2026-0228,21,Pass,,
SI-2026-0228,22,Pass,,
SI-2026-0228,23,Pass,,
SI-2026-0228,24,Pass,,
SI-2026-0229,1,Pass,,
SI-2026-0229,2,Pass,,
SI-2026-0229,3,Pass,,
SI-2026-0229,4,Pass,,
SI-2026-0229,5,Pass,,
SI-2026-0229,6,Pass,,
SI-2026-0229,7,Pass,,
SI-2026-0229,8,Pass,,
SI-2026-0229,9,Fail,Medium,Pallets staged on pedestrian route near bay 2
SI-2026-0229,10,Pass,,
SI-2026-0229,11,Pass,,
SI-2026-0229,12,Pass,,
SI-2026-0229,13,Pass,,
SI-2026-0229,14,Pass,,
SI-2026-0229,15,Pass,,
SI-2026-0229,16,Pass,,
SI-2026-0229,17,Pass,,
SI-2026-0229,18,Pass,,
SI-2026-0229,19,Fail,Low,Untagged stepladder in use at the north stairwell
SI-2026-0229,20,NA,,
SI-2026-0229,21,Pass,,
SI-2026-0229,22,Pass,,
SI-2026-0229,23,Fail,Low,Statutory notice board at the east exit out of date
SI-2026-0229,24,Pass,,
SI-2026-0230,1,Fail,Low,Fire door at the east exit catches on frame and does not latch
SI-2026-0230,2,Pass,,
SI-2026-0230,3,Pass,,
SI-2026-0230,4,Pass,,
SI-2026-0230,5,Pass,,
SI-2026-0230,6,Pass,,
SI-2026-0230,7,Pass,,
SI-2026-0230,8,Pass,,
SI-2026-0230,9,Pass,,
SI-2026-0230,10,Fail,Medium,Waste bins overflowing at aisle 4
SI-2026-0230,11,Pass,,
SI-2026-0230,12,Pass,,
SI-2026-0230,13,Pass,,
SI-2026-0230,14,Pass,,
SI-2026-0230,15,Pass,,
SI-2026-0230,16,Pass,,
SI-2026-0230,17,Pass,,
SI-2026-0230,18,Pass,,
SI-2026-0230,19,Pass,,
SI-2026-0230,20,Pass,,
SI-2026-0230,21,Pass,,
SI-2026-0230,22,Pass,,
SI-2026-0230,23,NA,,
SI-2026-0230,24,Fail,Medium,No vehicle warning signage at the welfare cabin crossing
SI-2026-0231,1,Pass,,
SI-2026-0231,2,Pass,,
SI-2026-0231,3,Pass,,
SI-2026-0231,4,Pass,,
SI-2026-0231,5,Pass,,
SI-2026-0231,6,Pass,,
SI-2026-0231,7,Pass,,
SI-2026-0231,8,Pass,,
SI-2026-0231,9,Pass,,
SI-2026-0231,10,Pass,,
SI-2026-0231,11,Pass,,
SI-2026-0231,12,Pass,,
SI-2026-0231,13,Pass,,
SI-2026-0231,14,Pass,,
SI-2026-0231,15,Pass,,
SI-2026-0231,16,Pass,,
SI-2026-0231,17,Pass,,
SI-2026-0231,18,NA,,
SI-2026-0231,19,Pass,,
SI-2026-0231,20,Pass,,
SI-2026-0231,21,Pass,,
SI-2026-0231,22,Pass,,
SI-2026-0231,23,Pass,,
SI-2026-0231,24,Fail,Low,No vehicle warning signage at the east exit crossing
SI-2026-0232,1,Pass,,
SI-2026-0232,2,NA,,
SI-2026-0232,3,Fail,High,Call point at the north stairwell blocked by stored materials
SI-2026-0232,4,Pass,,
SI-2026-0232,5,Pass,,
SI-2026-0232,6,Pass,,
SI-2026-0232,7,NA,,
SI-2026-0232,8,Pass,,
SI-2026-0232,9,Pass,,
SI-2026-0232,10,Pass,,
SI-2026-0232,11,Fail,Medium,Work bench at bay 2 cluttered with offcuts
SI-2026-0232,12,Pass,,
SI-2026-0232,13,Fail,Medium,Eye-wash bottle at aisle 4 past expiry
SI-2026-0232,14,Pass,,
SI-2026-0232,15,Pass,,
SI-2026-0232,16,Pass,,
SI-2026-0232,17,Pass,,
SI-2026-0232,18,NA,,
SI-2026-0232,19,Pass,,
SI-2026-0232,20,Pass,,
SI-2026-0232,21,Pass,,
SI-2026-0232,22,Pass,,
SI-2026-0232,23,Pass,,
SI-2026-0232,24,Pass,,
SI-2026-0233,1,Pass,,
SI-2026-0233,2,Pass,,
SI-2026-0233,3,Pass,,
SI-2026-0233,4,Pass,,
SI-2026-0233,5,Pass,,
SI-2026-0233,6,Pass,,
SI-2026-0233,7,Pass,,
SI-2026-0233,8,Pass,,
SI-2026-0233,9,Fail,Low,Pallets staged on pedestrian route near the main workshop
SI-2026-0233,10,Pass,,
SI-2026-0233,11,Pass,,
SI-2026-0233,12,Pass,,
SI-2026-0233,13,Pass,,
SI-2026-0233,14,Pass,,
SI-2026-0233,15,Pass,,
SI-2026-0233,16,Pass,,
SI-2026-0233,17,Pass,,
SI-2026-0233,18,Pass,,
SI-2026-0233,19,Pass,,
SI-2026-0233,20,Pass,,
SI-2026-0233,21,Pass,,
SI-2026-0233,22,Fail,Medium,Walkway markings at loading bay 6 worn and faded
SI-2026-0233,23,Pass,,
SI-2026-0233,24,Pass,,
SI-2026-0234,1,Pass,,
SI-2026-0234,2,Pass,,
SI-2026-0234,3,Pass,,
SI-2026-0234,4,Pass,,
SI-2026-0234,5,Pass,,
SI-2026-0234,6,NA,,
SI-2026-0234,7,Pass,,
SI-2026-0234,8,Pass,,
SI-2026-0234,9,Pass,,
SI-2026-0234,10,Pass,,
SI-2026-0234,11,Pass,,
SI-2026-0234,12,Pass,,
SI-2026-0234,13,Pass,,
SI-2026-0234,14,Pass,,
SI-2026-0234,15,Pass,,
SI-2026-0234,16,Pass,,
SI-2026-0234,17,Pass,,
SI-2026-0234,18,Pass,,
SI-2026-0234,19,Pass,,
SI-2026-0234,20,Pass,,
SI-2026-0234,21,Pass,,
SI-2026-0234,22,Pass,,
SI-2026-0234,23,Pass,,
SI-2026-0234,24,Pass,,
SI-2026-0235,1,Pass,,
SI-2026-0235,2,Pass,,
SI-2026-0235,3,Pass,,
SI-2026-0235,4,Pass,,
SI-2026-0235,5,Pass,,
SI-2026-0235,6,Pass,,
SI-2026-0235,7,Pass,,
SI-2026-0235,8,Pass,,
SI-2026-0235,9,Pass,,
SI-2026-0235,10,Pass,,
SI-2026-0235,11,Pass,,
SI-2026-0235,12,Pass,,
SI-2026-0235,13,Pass,,
SI-2026-0235,14,Pass,,
SI-2026-0235,15,Fail,Low,Operative without hi-vis near the mezzanine
SI-2026-0235,16,Pass,,
SI-2026-0235,17,Pass,,
SI-2026-0235,18,Pass,,
SI-2026-0235,19,NA,,
SI-2026-0235,20,Pass,,
SI-2026-0235,21,Fail,Medium,Escape route sign above the north stairwell obscured by stock
SI-2026-0235,22,Fail,Low,Walkway markings at aisle 4 worn and faded
SI-2026-0235,23,Pass,,
SI-2026-0235,24,Pass,,
SI-2026-0236,1,Pass,,
SI-2026-0236,2,Pass,,
SI-2026-0236,3,Pass,,
SI-2026-0236,4,NA,,
SI-2026-0236,5,Pass,,
SI-2026-0236,6,Pass,,
SI-2026-0236,7,Pass,,
SI-2026-0236,8,Pass,,
SI-2026-0236,9,Pass,,
SI-2026-0236,10,Fail,Medium,Waste bins overflowing at the east exit
SI-2026-0236,11,Pass,,
SI-2026-0236,12,Pass,,
SI-2026-0236,13,Pass,,
SI-2026-0236,14,Pass,,
SI-2026-0236,15,Pass,,
SI-2026-0236,16,Pass,,
SI-2026-0236,17,Pass,,
SI-2026-0236,18,NA,,
SI-2026-0236,19,Pass,,
SI-2026-0236,20,Pass,,
SI-2026-0236,21,Pass,,
SI-2026-0236,22,Pass,,
SI-2026-0236,23,Pass,,
SI-2026-0236,24,Pass,,
SI-2026-0237,1,Pass,,
SI-2026-0237,2,Pass,,
SI-2026-0237,3,Pass,,
SI-2026-0237,4,Pass,,
SI-2026-0237,5,Pass,,
SI-2026-0237,6,Pass,,
SI-2026-0237,7,Pass,,
SI-2026-0237,8,Pass,,
SI-2026-0237,9,Pass,,
SI-2026-0237,10,Pass,,
SI-2026-0237,11,Pass,,
SI-2026-0237,12,Pass,,
SI-2026-0237,13,Pass,,
SI-2026-0237,14,Pass,,
SI-2026-0237,15,Fail,Low,Operative without hi-vis near the dock office
SI-2026-0237,16,Pass,,
SI-2026-0237,17,Pass,,
SI-2026-0237,18,Pass,,
SI-2026-0237,19,Pass,,
SI-2026-0237,20,Pass,,
SI-2026-0237,21,Pass,,
SI-2026-0237,22,Pass,,
SI-2026-0237,23,Pass,,
SI-2026-0237,24,Pass,,
SI-2026-0238,1,Pass,,
SI-2026-0238,2,NA,,
SI-2026-0238,3,Pass,,
SI-2026-0238,4,Fail,Low,Emergency light at level 2 not illuminating on test
SI-2026-0238,5,Pass,,
SI-2026-0238,6,Pass,,
SI-2026-0238,7,Pass,,
SI-2026-0238,8,Pass,,
SI-2026-0238,9,Pass,,
SI-2026-0238,10,Pass,,
SI-2026-0238,11,Pass,,
SI-2026-0238,12,Pass,,
SI-2026-0238,13,Pass,,
SI-2026-0238,14,Pass,,
SI-2026-0238,15,Pass,,
SI-2026-0238,16,Pass,,
SI-2026-0238,17,Pass,,
SI-2026-0238,18,Pass,,
SI-2026-0238,19,Fail,Medium,Untagged stepladder in use at loading bay 6
SI-2026-0238,20,Pass,,
SI-2026-0238,21,Pass,,
SI-2026-0238,22,Fail,Low,Walkway markings at store B worn and faded
SI-2026-0238,23,Pass,,
SI-2026-0238,24,Pass,,
SI-2026-0239,1,Pass,,
SI-2026-0239,2,Pass,,
SI-2026-0239,3,Pass,,
SI-2026-0239,4,Pass,,
SI-2026-0239,5,Pass,,
SI-2026-0239,6,Pass,,
SI-2026-0239,7,Pass,,
SI-2026-0239,8,Pass,,
SI-2026-0239,9,Pass,,
SI-2026-0239,10,Pass,,
SI-2026-0239,11,Pass,,
SI-2026-0239,12,Fail,Medium,Spill kit at the welfare cabin missing absorbent pads
SI-2026-0239,13,Pass,,
SI-2026-0239,14,Pass,,
SI-2026-0239,15,Pass,,
SI-2026-0239,16,Pass,,
SI-2026-0239,17,Pass,,
SI-2026-0239,18,Pass,,
SI-2026-0239,19,Pass,,
SI-2026-0239,20,Pass,,
SI-2026-0239,21,Pass,,
SI-2026-0239,22,Pass,,
SI-2026-0239,23,Pass,,
SI-2026-0239,24,Pass,,
SI-2026-0240,1,Fail,Low,Fire door at bay 2 catches on frame and does not latch
SI-2026-0240,2,Pass,,
SI-2026-0240,3,Pass,,
SI-2026-0240,4,Fail,Low,Emergency light at level 2 not illuminating on test
SI-2026-0240,5,Pass,,
SI-2026-0240,6,Pass,,
SI-2026-0240,7,Pass,,
SI-2026-0240,8,Pass,,
SI-2026-0240,9,Pass,,
SI-2026-0240,10,Pass,,
SI-2026-0240,11,Pass,,
SI-2026-0240,12,Pass,,
SI-2026-0240,13,Pass,,
SI-2026-0240,14,Pass,,
SI-2026-0240,15,Pass,,
SI-2026-0240,16,Pass,,
SI-2026-0240,17,Pass,,
SI-2026-0240,18,Pass,,
SI-2026-0240,19,Pass,,
SI-2026-0240,20,Pass,,
SI-2026-0240,21,NA,,
SI-2026-0240,22,Pass,,
SI-2026-0240,23,Pass,,
SI-2026-0240,24,Pass,,
SI-2026-0241,1,Pass,,
SI-2026-0241,2,Pass,,
SI-2026-0241,3,Pass,,
SI-2026-0241,4,Pass,,
SI-2026-0241,5,Pass,,
SI-2026-0241,6,Pass,,
SI-2026-0241,7,Pass,,
SI-2026-0241,8,Pass,,
SI-2026-0241,9,Pass,,
SI-2026-0241,10,Pass,,
SI-2026-0241,11,Pass,,
SI-2026-0241,12,Pass,,
SI-2026-0241,13,Pass,,
SI-2026-0241,14,Pass,,
SI-2026-0241,15,Pass,,
SI-2026-0241,16,Pass,,
SI-2026-0241,17,Pass,,
SI-2026-0241,18,Fail,Low,Overloaded top beam at the east exit
SI-2026-0241,19,Pass,,
SI-2026-0241,20,Pass,,
SI-2026-0241,21,Pass,,
SI-2026-0241,22,Pass,,
SI-2026-0241,23,Pass,,
SI-2026-0241,24,Fail,Low,No vehicle warning signage at level 2 crossing
SI-2026-0242,1,Fail,Low,Fire door at loading bay 6 catches on frame and does not latch
SI-2026-0242,2,Pass,,
SI-2026-0242,3,Fail,Low,Call point at the main workshop blocked by stored materials
SI-2026-0242,4,Pass,,
SI-2026-0242,5,Pass,,
SI-2026-0242,6,Pass,,
SI-2026-0242,7,Pass,,
SI-2026-0242,8,NA,,
SI-2026-0242,9,Fail,Medium,Pallets staged on pedestrian route near loading bay 6
SI-2026-0242,10,NA,,
SI-2026-0242,11,Pass,,
SI-2026-0242,12,Pass,,
SI-2026-0242,13,Pass,,
SI-2026-0242,14,Pass,,
SI-2026-0242,15,Pass,,
SI-2026-0242,16,Pass,,
SI-2026-0242,17,Pass,,
SI-2026-0242,18,Pass,,
SI-2026-0242,19,NA,,
SI-2026-0242,20,Pass,,
SI-2026-0242,21,Fail,Low,Escape route sign above store B obscured by stock
SI-2026-0242,22,Pass,,
SI-2026-0242,23,Pass,,
SI-2026-0242,24,Pass,,
SI-2026-0243,1,Fail,Medium,Fire door at the main workshop catches on frame and does not latch
SI-2026-0243,2,Pass,,
SI-2026-0243,3,Pass,,
SI-2026-0243,4,Pass,,
SI-2026-0243,5,Pass,,
SI-2026-0243,6,Pass,,
SI-2026-0243,7,Pass,,
SI-2026-0243,8,Pass,,
SI-2026-0243,9,Pass,,
SI-2026-0243,10,Pass,,
SI-2026-0243,11,Pass,,
SI-2026-0243,12,Pass,,
SI-2026-0243,13,Pass,,
SI-2026-0243,14,Pass,,
SI-2026-0243,15,Pass,,
SI-2026-0243,16,Pass,,
SI-2026-0243,17,Pass,,
SI-2026-0243,18,NA,,
SI-2026-0243,19,Pass,,
SI-2026-0243,20,NA,,
SI-2026-0243,21,Pass,,
SI-2026-0243,22,Pass,,
SI-2026-0243,23,Fail,Low,Statutory notice board at the yard gate out of date
SI-2026-0243,24,Pass,,
SI-2026-0244,1,Pass,,
SI-2026-0244,2,Fail,Low,Extinguisher at the dock office past its service date
SI-2026-0244,3,Pass,,
SI-2026-0244,4,Pass,,
SI-2026-0244,5,Pass,,
SI-2026-0244,6,Pass,,
SI-2026-0244,7,Pass,,
SI-2026-0244,8,Pass,,
SI-2026-0244,9,Pass,,
SI-2026-0244,10,Pass,,
SI-2026-0244,11,NA,,
SI-2026-0244,12,Pass,,
SI-2026-0244,13,Pass,,
SI-2026-0244,14,NA,,
SI-2026-0244,15,Pass,,
SI-2026-0244,16,Pass,,
SI-2026-0244,17,Pass,,
SI-2026-0244,18,Pass,,
SI-2026-0244,19,Pass,,
SI-2026-0244,20,Pass,,
SI-2026-0244,21,Pass,,
SI-2026-0244,22,Pass,,
SI-2026-0244,23,Fail,Medium,Statutory notice board at the yard gate out of date
SI-2026-0244,24,NA,,
SI-2026-0245,1,Pass,,
SI-2026-0245,2,Pass,,
SI-2026-0245,3,Pass,,
SI-2026-0245,4,Pass,,
SI-2026-0245,5,Pass,,
SI-2026-0245,6,Pass,,
SI-2026-0245,7,Pass,,
SI-2026-0245,8,Pass,,
SI-2026-0245,9,Pass,,
SI-2026-0245,10,Pass,,
SI-2026-0245,11,Pass,,
SI-2026-0245,12,Pass,,
SI-2026-0245,13,Fail,Low,Eye-wash bottle at bay 2 past expiry
SI-2026-0245,14,Pass,,
SI-2026-0245,15,Pass,,
SI-2026-0245,16,Fail,Low,Welfare room at the welfare cabin without hot water
SI-2026-0245,17,Pass,,
SI-2026-0245,18,Pass,,
SI-2026-0245,19,Pass,,
SI-2026-0245,20,Pass,,
SI-2026-0245,21,Pass,,
SI-2026-0245,22,Pass,,
SI-2026-0245,23,Pass,,
SI-2026-0245,24,Pass,,
SI-2026-0246,1,NA,,
SI-2026-0246,2,Pass,,
SI-2026-0246,3,Pass,,
SI-2026-0246,4,Fail,Low,Emergency light at the mezzanine not illuminating on test
SI-2026-0246,5,Pass,,
SI-2026-0246,6,Pass,,
SI-2026-0246,7,Pass,,
SI-2026-0246,8,Pass,,
SI-2026-0246,9,Pass,,
SI-2026-0246,10,Pass,,
SI-2026-0246,11,Pass,,
SI-2026-0246,12,Pass,,
SI-2026-0246,13,Pass,,
SI-2026-0246,14,Pass,,
SI-2026-0246,15,Pass,,
SI-2026-0246,16,Pass,,
SI-2026-0246,17,Pass,,
SI-2026-0246,18,Pass,,
SI-2026-0246,19,Pass,,
SI-2026-0246,20,Pass,,
SI-2026-0246,21,Pass,,
SI-2026-0246,22,Fail,Medium,Walkway markings at the main workshop worn and faded
SI-2026-0246,23,Pass,,
SI-2026-0246,24,Pass,,
SI-2026-0247,1,Pass,,
SI-2026-0247,2,Pass,,
SI-2026-0247,3,Pass,,
SI-2026-0247,4,Pass,,
SI-2026-0247,5,Pass,,
SI-2026-0247,6,Pass,,
SI-2026-0247,7,Fail,Low,Damaged extension lead in use at aisle 4
SI-2026-0247,8,Pass,,
SI-2026-0247,9,Pass,,
SI-2026-0247,10,Pass,,
SI-2026-0247,11,Pass,,
SI-2026-0247,12,Pass,,
SI-2026-0247,13,Pass,,
SI-2026-0247,14,Pass,,
SI-2026-0247,15,Pass,,
SI-2026-0247,16,Pass,,
SI-2026-0247,17,Pass,,
SI-2026-0247,18,Pass,,
SI-2026-0247,19,Pass,,
SI-2026-0247,20,Pass,,
SI-2026-0247,21,Pass,,
SI-2026-0247,22,Pass,,
SI-2026-0247,23,NA,,
SI-2026-0247,24,Pass,,
SI-2026-0248,1,Pass,,
SI-2026-0248,2,Pass,,
SI-2026-0248,3,Pass,,
SI-2026-0248,4,Pass,,
SI-2026-0248,5,Pass,,
SI-2026-0248,6,Pass,,
SI-2026-0248,7,Pass,,
SI-2026-0248,8,Pass,,
SI-2026-0248,9,Pass,,
SI-2026-0248,10,Fail,Medium,Waste bins overflowing at aisle 4
SI-2026-0248,11,Fail,Low,Work bench at loading bay 6 cluttered with offcuts
SI-2026-0248,12,Pass,,
SI-2026-0248,13,Pass,,
SI-2026-0248,14,Pass,,
SI-2026-0248,15,Pass,,
SI-2026-0248,16,Pass,,
SI-2026-0248,17,Pass,,
SI-2026-0248,18,Pass,,
SI-2026-0248,19,Pass,,
SI-2026-0248,20,Pass,,
SI-2026-0248,21,Pass,,
SI-2026-0248,22,Pass,,
SI-2026-0248,23,Pass,,
SI-2026-0248,24,Fail,Low,No vehicle warning signage at the main workshop crossing
SI-2026-0249,1,Pass,,
SI-2026-0249,2,Pass,,
SI-2026-0249,3,Pass,,
SI-2026-0249,4,Pass,,
SI-2026-0249,5,NA,,
SI-2026-0249,6,Pass,,
SI-2026-0249,7,Pass,,
SI-2026-0249,8,Pass,,
SI-2026-0249,9,Pass,,
SI-2026-0249,10,Pass,,
SI-2026-0249,11,Pass,,
SI-2026-0249,12,Pass,,
SI-2026-0249,13,Pass,,
SI-2026-0249,14,Pass,,
SI-2026-0249,15,Fail,Low,Operative without hi-vis near the mezzanine
SI-2026-0249,16,Pass,,
SI-2026-0249,17,Pass,,
SI-2026-0249,18,Fail,Low,Overloaded top beam at the main workshop
SI-2026-0249,19,Pass,,
SI-2026-0249,20,Pass,,
SI-2026-0249,21,NA,,
SI-2026-0249,22,Fail,Low,Walkway markings at the yard gate worn and faded
SI-2026-0249,23,Pass,,
SI-2026-0249,24,Pass,,
SI-2026-0250,1,Pass,,
SI-2026-0250,2,Pass,,
SI-2026-0250,3,Pass,,
SI-2026-0250,4,Pass,,
SI-2026-0250,5,Pass,,
SI-2026-0250,6,Pass,,
SI-2026-0250,7,Pass,,
SI-2026-0250,8,Pass,,
SI-2026-0250,9,Pass,,
SI-2026-0250,10,Pass,,
SI-2026-0250,11,Pass,,
SI-2026-0250,12,Pass,,
SI-2026-0250,13,Pass,,
SI-2026-0250,14,Pass,,
SI-2026-0250,15,Pass,,
SI-2026-0250,16,Pass,,
SI-2026-0250,17,Pass,,
SI-2026-0250,18,Pass,,
SI-2026-0250,19,Pass,,
SI-2026-0250,20,Pass,,
SI-2026-0250,21,Pass,,
SI-2026-0250,22,Pass,,
SI-2026-0250,23,Pass,,
SI-2026-0250,24,Pass,,
SI-2026-0251,1,Pass,,
SI-2026-0251,2,Pass,,
SI-2026-0251,3,Pass,,
SI-2026-0251,4,Pass,,
SI-2026-0251,5,Pass,,
SI-2026-0251,6,Pass,,
SI-2026-0251,7,Pass,,
SI-2026-0251,8,Pass,,
SI-2026-0251,9,Pass,,
SI-2026-0251,10,Pass,,
SI-2026-0251,11,Fail,Low,Work bench at bay 2 cluttered with offcuts
SI-2026-0251,12,Pass,,
SI-2026-0251,13,NA,,
SI-2026-0251,14,Pass,,
SI-2026-0251,15,Pass,,
SI-2026-0251,16,Pass,,
SI-2026-0251,17,Fail,Low,Racking tag at the north stairwell out of date
SI-2026-0251,18,Pass,,
SI-2026-0251,19,Pass,,
SI-2026-0251,20,Pass,,
SI-2026-0251,21,Pass,,
SI-2026-0251,22,Pass,,
SI-2026-0251,23,Pass,,
SI-2026-0251,24,Pass,,
SI-2026-0252,1,Pass,,
SI-2026-0252,2,Pass,,
SI-2026-0252,3,Pass,,
SI-2026-0252,4,Pass,,
SI-2026-0252,5,Pass,,
SI-2026-0252,6,Pass,,
SI-2026-0252,7,Pass,,
SI-2026-0252,8,Pass,,
SI-2026-0252,9,NA,,
SI-2026-0252,10,Fail,Low,Waste bins overflowing at aisle 4
SI-2026-0252,11,Pass,,
SI-2026-0252,12,Pass,,
SI-2026-0252,13,Pass,,
SI-2026-0252,14,Pass,,
SI-2026-0252,15,Pass,,
SI-2026-0252,16,Pass,,
SI-2026-0252,17,Pass,,
SI-2026-0252,18,Pass,,
SI-2026-0252,19,Pass,,
SI-2026-0252,20,Fail,Low,COSHH register at the yard gate not updated this quarter
SI-2026-0252,21,Pass,,
SI-2026-0252,22,Pass,,
SI-2026-0252,23,Fail,Medium,Statutory notice board at the main workshop out of date
SI-2026-0252,24,Pass,,
SI-2026-0253,1,Pass,,
SI-2026-0253,2,Pass,,
SI-2026-0253,3,Pass,,
SI-2026-0253,4,Pass,,
SI-2026-0253,5,Pass,,
SI-2026-0253,6,Fail,Medium,Distribution board at the main workshop left open and unlabelled
SI-2026-0253,7,Pass,,
SI-2026-0253,8,Pass,,
SI-2026-0253,9,Pass,,
SI-2026-0253,10,Pass,,
SI-2026-0253,11,Pass,,
SI-2026-0253,12,Pass,,
SI-2026-0253,13,Pass,,
SI-2026-0253,14,Pass,,
SI-2026-0253,15,Pass,,
SI-2026-0253,16,Pass,,
SI-2026-0253,17,Pass,,
SI-2026-0253,18,Pass,,
SI-2026-0253,19,Pass,,
SI-2026-0253,20,Pass,,
SI-2026-0253,21,Pass,,
SI-2026-0253,22,Pass,,
SI-2026-0253,23,Pass,,
SI-2026-0253,24,Pass,,
SI-2026-0254,1,Pass,,
SI-2026-0254,2,Pass,,
SI-2026-0254,3,Pass,,
SI-2026-0254,4,Pass,,
SI-2026-0254,5,Pass,,
SI-2026-0254,6,Pass,,
SI-2026-0254,7,Pass,,
SI-2026-0254,8,Pass,,
SI-2026-0254,9,Pass,,
SI-2026-0254,10,Pass,,
SI-2026-0254,11,Fail,Medium,Work bench at the dock office cluttered with offcuts
SI-2026-0254,12,Pass,,
SI-2026-0254,13,Pass,,
SI-2026-0254,14,Pass,,
SI-2026-0254,15,Fail,Low,Operative without hi-vis near the yard gate
SI-2026-0254,16,Pass,,
SI-2026-0254,17,Pass,,
SI-2026-0254,18,Pass,,
SI-2026-0254,19,Pass,,
SI-2026-0254,20,Pass,,
SI-2026-0254,21,Pass,,
SI-2026-0254,22,Fail,Low,Walkway markings at aisle 4 worn and faded
SI-2026-0254,23,Pass,,
SI-2026-0254,24,Fail,Medium,No vehicle warning signage at level 2 crossing
SI-2026-0255,1,Pass,,
SI-2026-0255,2,Pass,,
SI-2026-0255,3,Pass,,
SI-2026-0255,4,Pass,,
SI-2026-0255,5,Fail,Low,PAT label at the main workshop expired
SI-2026-0255,6,Pass,,
SI-2026-0255,7,Fail,Low,Damaged extension lead in use at loading bay 6
SI-2026-0255,8,Pass,,
SI-2026-0255,9,Pass,,
SI-2026-0255,10,Pass,,
SI-2026-0255,11,Fail,Low,Work bench at bay 2 cluttered with offcuts
SI-2026-0255,12,Pass,,
SI-2026-0255,13,NA,,
SI-2026-0255,14,NA,,
SI-2026-0255,15,Pass,,
SI-2026-0255,16,Pass,,
SI-2026-0255,17,NA,,
SI-2026-0255,18,Pass,,
SI-2026-0255,19,Pass,,
SI-2026-0255,20,Pass,,
SI-2026-0255,21,Fail,Medium,Escape route sign above level 2 obscured by stock
SI-2026-0255,22,Pass,,
SI-2026-0255,23,Pass,,
SI-2026-0255,24,Pass,,
SI-2026-0256,1,Pass,,
SI-2026-0256,2,Pass,,
SI-2026-0256,3,Pass,,
SI-2026-0256,4,Pass,,
SI-2026-0256,5,Pass,,
SI-2026-0256,6,Pass,,
SI-2026-0256,7,Pass,,
SI-2026-0256,8,Pass,,
SI-2026-0256,9,Pass,,
SI-2026-0256,10,Pass,,
SI-2026-0256,11,Pass,,
SI-2026-0256,12,Pass,,
SI-2026-0256,13,Pass,,
SI-2026-0256,14,Pass,,
SI-2026-0256,15,Pass,,
SI-2026-0256,16,Pass,,
SI-2026-0256,17,Pass,,
SI-2026-0256,18,Pass,,
SI-2026-0256,19,Pass,,
SI-2026-0256,20,Pass,,
SI-2026-0256,21,Pass,,
SI-2026-0256,22,Pass,,
SI-2026-0256,23,Pass,,
SI-2026-0256,24,Pass,,
SI-2026-0257,1,Pass,,
SI-2026-0257,2,Fail,Low,Extinguisher at the main workshop past its service date
SI-2026-0257,3,Pass,,
SI-2026-0257,4,Pass,,
SI-2026-0257,5,Pass,,
SI-2026-0257,6,Pass,,
SI-2026-0257,7,Pass,,
SI-2026-0257,8,Pass,,
SI-2026-0257,9,Pass,,
SI-2026-0257,10,Pass,,
SI-2026-0257,11,Pass,,
SI-2026-0257,12,Pass,,
SI-2026-0257,13,Pass,,
SI-2026-0257,14,Pass,,
SI-2026-0257,15,Pass,,
SI-2026-0257,16,Fail,Low,Welfare room at the east exit without hot water
SI-2026-0257,17,Pass,,
SI-2026-0257,18,Fail,Low,Overloaded top beam at the welfare cabin
SI-2026-0257,19,Pass,,
SI-2026-0257,20,Pass,,
SI-2026-0257,21,Fail,Low,Escape route sign above bay 2 obscured by stock
SI-2026-0257,22,Pass,,
SI-2026-0257,23,Pass,,
SI-2026-0257,24,Pass,,
SI-2026-0258,1,Pass,,
SI-2026-0258,2,Pass,,
SI-2026-0258,3,Pass,,
SI-2026-0258,4,Fail,Low,Emergency light at the mezzanine not illuminating on test
SI-2026-0258,5,Pass,,
SI-2026-0258,6,Pass,,
SI-2026-0258,7,Pass,,
SI-2026-0258,8,Pass,,
SI-2026-0258,9,Pass,,
SI-2026-0258,10,Pass,,
SI-2026-0258,11,Fail,Low,Work bench at the yard gate cluttered with offcuts
SI-2026-0258,12,NA,,
SI-2026-0258,13,Pass,,
SI-2026-0258,14,Pass,,
SI-2026-0258,15,Pass,,
SI-2026-0258,16,Fail,Low,Welfare room at the welfare cabin without hot water
SI-2026-0258,17,Pass,,
SI-2026-0258,18,Pass,,
SI-2026-0258,19,Pass,,
SI-2026-0258,20,Pass,,
SI-2026-0258,21,Pass,,
SI-2026-0258,22,Pass,,
SI-2026-0258,23,Pass,,
SI-2026-0258,24,Pass,,
SI-2026-0259,1,Pass,,
SI-2026-0259,2,Pass,,
SI-2026-0259,3,Pass,,
SI-2026-0259,4,Pass,,
SI-2026-0259,5,Pass,,
SI-2026-0259,6,Pass,,
SI-2026-0259,7,Pass,,
SI-2026-0259,8,Pass,,
SI-2026-0259,9,Pass,,
SI-2026-0259,10,Pass,,
SI-2026-0259,11,Pass,,
SI-2026-0259,12,Pass,,
SI-2026-0259,13,Pass,,
SI-2026-0259,14,Pass,,
SI-2026-0259,15,Pass,,
SI-2026-0259,16,Pass,,
SI-2026-0259,17,NA,,
SI-2026-0259,18,Pass,,
SI-2026-0259,19,Pass,,
SI-2026-0259,20,Pass,,
SI-2026-0259,21,Pass,,
SI-2026-0259,22,Pass,,
SI-2026-0259,23,Pass,,
SI-2026-0259,24,Pass,,
SI-2026-0260,1,Pass,,
SI-2026-0260,2,Pass,,
SI-2026-0260,3,Pass,,
SI-2026-0260,4,Pass,,
SI-2026-0260,5,Pass,,
SI-2026-0260,6,Pass,,
SI-2026-0260,7,Pass,,
SI-2026-0260,8,Pass,,
SI-2026-0260,9,Pass,,
SI-2026-0260,10,Pass,,
SI-2026-0260,11,Pass,,
SI-2026-0260,12,NA,,
SI-2026-0260,13,Pass,,
SI-2026-0260,14,Pass,,
SI-2026-0260,15,Pass,,
SI-2026-0260,16,NA,,
SI-2026-0260,17,Pass,,
SI-2026-0260,18,Fail,Medium,Overloaded top beam at the yard gate
SI-2026-0260,19,Pass,,
SI-2026-0260,20,Pass,,
SI-2026-0260,21,Pass,,
SI-2026-0260,22,Pass,,
SI-2026-0260,23,Pass,,
SI-2026-0260,24,Pass,,
SI-2026-0261,1,Pass,,
SI-2026-0261,2,Fail,Low,Extinguisher at the dock office past its service date
SI-2026-0261,3,Pass,,
SI-2026-0261,4,Pass,,
SI-2026-0261,5,Pass,,
SI-2026-0261,6,Pass,,
SI-2026-0261,7,Fail,Low,Damaged extension lead in use at the main workshop
SI-2026-0261,8,Pass,,
SI-2026-0261,9,Pass,,
SI-2026-0261,10,Pass,,
SI-2026-0261,11,Pass,,
SI-2026-0261,12,Pass,,
SI-2026-0261,13,Pass,,
SI-2026-0261,14,Pass,,
SI-2026-0261,15,Pass,,
SI-2026-0261,16,Pass,,
SI-2026-0261,17,Pass,,
SI-2026-0261,18,Pass,,
SI-2026-0261,19,NA,,
SI-2026-0261,20,Pass,,
SI-2026-0261,21,Pass,,
SI-2026-0261,22,Pass,,
SI-2026-0261,23,Pass,,
SI-2026-0261,24,Pass,,
SI-2026-0262,1,Pass,,
SI-2026-0262,2,Pass,,
SI-2026-0262,3,Pass,,
SI-2026-0262,4,Pass,,
SI-2026-0262,5,Pass,,
SI-2026-0262,6,Pass,,
SI-2026-0262,7,Pass,,
SI-2026-0262,8,Pass,,
SI-2026-0262,9,Pass,,
SI-2026-0262,10,Pass,,
SI-2026-0262,11,Pass,,
SI-2026-0262,12,Pass,,
SI-2026-0262,13,Pass,,
SI-2026-0262,14,Pass,,
SI-2026-0262,15,Pass,,
SI-2026-0262,16,Pass,,
SI-2026-0262,17,Fail,Low,Racking tag at the east exit out of date
SI-2026-0262,18,NA,,
SI-2026-0262,19,Fail,Low,Untagged stepladder in use at the yard gate
SI-2026-0262,20,Pass,,
SI-2026-0262,21,Pass,,
SI-2026-0262,22,Pass,,
SI-2026-0262,23,Pass,,
SI-2026-0262,24,Pass,,
SI-2026-0263,1,Pass,,
SI-2026-0263,2,Pass,,
SI-2026-0263,3,Fail,Low,Call point at the north stairwell blocked by stored materials
SI-2026-0263,4,Fail,Low,Emergency light at the main workshop not illuminating on test
SI-2026-0263,5,Pass,,
SI-2026-0263,6,Pass,,
SI-2026-0263,7,Pass,,
SI-2026-0263,8,Pass,,
SI-2026-0263,9,Pass,,
SI-2026-0263,10,Pass,,
SI-2026-0263,11,Pass,,
SI-2026-0263,12,Pass,,
SI-2026-0263,13,Pass,,
SI-2026-0263,14,Fail,Low,First-aid kit at bay 2 missing dressings
SI-2026-0263,15,Pass,,
SI-2026-0263,16,Pass,,
SI-2026-0263,17,Pass,,
SI-2026-0263,18,Pass,,
SI-2026-0263,19,Pass,,
SI-2026-0263,20,Pass,,
SI-2026-0263,21,Pass,,
SI-2026-0263,22,Pass,,
SI-2026-0263,23,Pass,,
SI-2026-0263,24,Pass,,
SI-2026-0264,1,NA,,
SI-2026-0264,2,Pass,,
SI-2026-0264,3,Pass,,
SI-2026-0264,4,Pass,,
SI-2026-0264,5,Pass,,
SI-2026-0264,6,Pass,,
SI-2026-0264,7,Pass,,
SI-2026-0264,8,Pass,,
SI-2026-0264,9,Pass,,
SI-2026-0264,10,Pass,,
SI-2026-0264,11,Pass,,
SI-2026-0264,12,Pass,,
SI-2026-0264,13,Pass,,
SI-2026-0264,14,Pass,,
SI-2026-0264,15,Pass,,
SI-2026-0264,16,Pass,,
SI-2026-0264,17,Pass,,
SI-2026-0264,18,Pass,,
SI-2026-0264,19,Pass,,
SI-2026-0264,20,Pass,,
SI-2026-0264,21,Pass,,
SI-2026-0264,22,Pass,,
SI-2026-0264,23,Pass,,
SI-2026-0264,24,Fail,Low,No vehicle warning signage at the welfare cabin crossing
SI-2026-0265,1,NA,,
SI-2026-0265,2,Pass,,
SI-2026-0265,3,Pass,,
SI-2026-0265,4,Fail,Medium,Emergency light at bay 2 not illuminating on test
SI-2026-0265,5,Pass,,
SI-2026-0265,6,Pass,,
SI-2026-0265,7,Fail,Low,Damaged extension lead in use at bay 2
SI-2026-0265,8,Pass,,
SI-2026-0265,9,Pass,,
SI-2026-0265,10,Pass,,
SI-2026-0265,11,Pass,,
SI-2026-0265,12,Pass,,
SI-2026-0265,13,Pass,,
SI-2026-0265,14,Pass,,
SI-2026-0265,15,Pass,,
SI-2026-0265,16,Pass,,
SI-2026-0265,17,Pass,,
SI-2026-0265,18,Pass,,
SI-2026-0265,19,Pass,,
SI-2026-0265,20,Pass,,
SI-2026-0265,21,Pass,,
SI-2026-0265,22,Pass,,
SI-2026-0265,23,Pass,,
SI-2026-0265,24,Pass,,
SI-2026-0266,1,Fail,Low,Fire door at level 2 catches on frame and does not latch
SI-2026-0266,2,Fail,Medium,Extinguisher at the welfare cabin past its service date
SI-2026-0266,3,Pass,,
SI-2026-0266,4,Pass,,
SI-2026-0266,5,Pass,,
SI-2026-0266,6,Pass,,
SI-2026-0266,7,Pass,,
SI-2026-0266,8,Fail,Low,Isolation switch at bay 2 obstructed
SI-2026-0266,9,Fail,Low,Pallets staged on pedestrian route near the dock office
SI-2026-0266,10,Pass,,
SI-2026-0266,11,Pass,,
SI-2026-0266,12,Pass,,
SI-2026-0266,13,Pass,,
SI-2026-0266,14,Pass,,
SI-2026-0266,15,Pass,,
SI-2026-0266,16,NA,,
SI-2026-0266,17,Pass,,
SI-2026-0266,18,Pass,,
SI-2026-0266,19,Pass,,
SI-2026-0266,20,Pass,,
SI-2026-0266,21,Pass,,
SI-2026-0266,22,Pass,,
SI-2026-0266,23,Pass,,
SI-2026-0266,24,Pass,,
SI-2026-0267,1,Pass,,
SI-2026-0267,2,Pass,,
SI-2026-0267,3,Pass,,
SI-2026-0267,4,NA,,
SI-2026-0267,5,Pass,,
SI-2026-0267,6,Pass,,
SI-2026-0267,7,Pass,,
SI-2026-0267,8,Pass,,
SI-2026-0267,9,Pass,,
SI-2026-0267,10,Pass,,
SI-2026-0267,11,Pass,,
SI-2026-0267,12,Pass,,
SI-2026-0267,13,Pass,,
SI-2026-0267,14,Pass,,
SI-2026-0267,15,Pass,,
SI-2026-0267,16,Pass,,
SI-2026-0267,17,Pass,,
SI-2026-0267,18,Pass,,
SI-2026-0267,19,Pass,,
SI-2026-0267,20,Pass,,
SI-2026-0267,21,NA,,
SI-2026-0267,22,Pass,,
SI-2026-0267,23,Pass,,
SI-2026-0267,24,Pass,,
SI-2026-0268,1,Pass,,
SI-2026-0268,2,Pass,,
SI-2026-0268,3,Pass,,
SI-2026-0268,4,Fail,High,Emergency light at the main workshop not illuminating on test
SI-2026-0268,5,Pass,,
SI-2026-0268,6,Fail,Medium,Distribution board at the welfare cabin left open and unlabelled
SI-2026-0268,7,Pass,,
SI-2026-0268,8,Pass,,
SI-2026-0268,9,Pass,,
SI-2026-0268,10,Pass,,
SI-2026-0268,11,Fail,Low,Work bench at the north stairwell cluttered with offcuts
SI-2026-0268,12,Pass,,
SI-2026-0268,13,Pass,,
SI-2026-0268,14,Pass,,
SI-2026-0268,15,Pass,,
SI-2026-0268,16,Pass,,
SI-2026-0268,17,Pass,,
SI-2026-0268,18,Pass,,
SI-2026-0268,19,Pass,,
SI-2026-0268,20,NA,,
SI-2026-0268,21,Pass,,
SI-2026-0268,22,Pass,,
SI-2026-0268,23,Pass,,
SI-2026-0268,24,Fail,Medium,No vehicle warning signage at bay 2 crossing
SI-2026-0269,1,Pass,,
SI-2026-0269,2,Pass,,
SI-2026-0269,3,Fail,Medium,Call point at the welfare cabin blocked by stored materials
SI-2026-0269,4,Pass,,
SI-2026-0269,5,Pass,,
SI-2026-0269,6,Pass,,
SI-2026-0269,7,Pass,,
SI-2026-0269,8,Pass,,
SI-2026-0269,9,Pass,,
SI-2026-0269,10,Pass,,
SI-2026-0269,11,NA,,
SI-2026-0269,12,Pass,,
SI-2026-0269,13,Pass,,
SI-2026-0269,14,Pass,,
SI-2026-0269,15,Pass,,
SI-2026-0269,16,Pass,,
SI-2026-0269,17,Pass,,
SI-2026-0269,18,Pass,,
SI-2026-0269,19,Pass,,
SI-2026-0269,20,Pass,,
SI-2026-0269,21,Pass,,
SI-2026-0269,22,Pass,,
SI-2026-0269,23,Pass,,
SI-2026-0269,24,Pass,,
SI-2026-0270,1,Pass,,
SI-2026-0270,2,Pass,,
SI-2026-0270,3,Pass,,
SI-2026-0270,4,Pass,,
SI-2026-0270,5,Fail,Medium,PAT label at the east exit expired
SI-2026-0270,6,Pass,,
SI-2026-0270,7,Pass,,
SI-2026-0270,8,Pass,,
SI-2026-0270,9,Pass,,
SI-2026-0270,10,Pass,,
SI-2026-0270,11,Pass,,
SI-2026-0270,12,Pass,,
SI-2026-0270,13,Pass,,
SI-2026-0270,14,Pass,,
SI-2026-0270,15,Pass,,
SI-2026-0270,16,Pass,,
SI-2026-0270,17,Pass,,
SI-2026-0270,18,Pass,,
SI-2026-0270,19,Pass,,
SI-2026-0270,20,Pass,,
SI-2026-0270,21,Pass,,
SI-2026-0270,22,Pass,,
SI-2026-0270,23,Pass,,
SI-2026-0270,24,Pass,,
SI-2026-0271,1,Fail,Medium,Fire door at loading bay 6 catches on frame and does not latch
SI-2026-0271,2,Pass,,
SI-2026-0271,3,Pass,,
SI-2026-0271,4,Pass,,
SI-2026-0271,5,Pass,,
SI-2026-0271,6,NA,,
SI-2026-0271,7,NA,,
SI-2026-0271,8,Pass,,
SI-2026-0271,9,Pass,,
SI-2026-0271,10,Pass,,
SI-2026-0271,11,Pass,,
SI-2026-0271,12,Pass,,
SI-2026-0271,13,Pass,,
SI-2026-0271,14,Pass,,
SI-2026-0271,15,NA,,
SI-2026-0271,16,Pass,,
SI-2026-0271,17,Pass,,
SI-2026-0271,18,Pass,,
SI-2026-0271,19,Pass,,
SI-2026-0271,20,Pass,,
SI-2026-0271,21,Fail,Low,Escape route sign above the east exit obscured by stock
SI-2026-0271,22,Pass,,
SI-2026-0271,23,Pass,,
SI-2026-0271,24,Pass,,
SI-2026-0272,1,Fail,Low,Fire door at store B catches on frame and does not latch
SI-2026-0272,2,Fail,Low,Extinguisher at the mezzanine past its service date
SI-2026-0272,3,Pass,,
SI-2026-0272,4,Pass,,
SI-2026-0272,5,Fail,Medium,PAT label at the mezzanine expired
SI-2026-0272,6,Pass,,
SI-2026-0272,7,Pass,,
SI-2026-0272,8,Pass,,
SI-2026-0272,9,Pass,,
SI-2026-0272,10,Pass,,
SI-2026-0272,11,Pass,,
SI-2026-0272,12,Pass,,
SI-2026-0272,13,Pass,,
SI-2026-0272,14,Pass,,
SI-2026-0272,15,Pass,,
SI-2026-0272,16,Pass,,
SI-2026-0272,17,Pass,,
SI-2026-0272,18,Pass,,
SI-2026-0272,19,Pass,,
SI-2026-0272,20,Pass,,
SI-2026-0272,21,Pass,,
SI-2026-0272,22,Pass,,
SI-2026-0272,23,Pass,,
SI-2026-0272,24,Pass,,
SI-2026-0273,1,Pass,,
SI-2026-0273,2,Pass,,
SI-2026-0273,3,Pass,,
SI-2026-0273,4,Pass,,
SI-2026-0273,5,Pass,,
SI-2026-0273,6,Pass,,
SI-2026-0273,7,Pass,,
SI-2026-0273,8,Pass,,
SI-2026-0273,9,Fail,Medium,Pallets staged on pedestrian route near the main workshop
SI-2026-0273,10,NA,,
SI-2026-0273,11,Fail,Medium,Work bench at level 2 cluttered with offcuts
SI-2026-0273,12,Pass,,
SI-2026-0273,13,Pass,,
SI-2026-0273,14,Pass,,
SI-2026-0273,15,Pass,,
SI-2026-0273,16,NA,,
SI-2026-0273,17,Pass,,
SI-2026-0273,18,Pass,,
SI-2026-0273,19,Pass,,
SI-2026-0273,20,Pass,,
SI-2026-0273,21,NA,,
SI-2026-0273,22,Pass,,
SI-2026-0273,23,Pass,,
SI-2026-0273,24,Pass,,
SI-2026-0274,1,Pass,,
SI-2026-0274,2,Pass,,
SI-2026-0274,3,Pass,,
SI-2026-0274,4,Fail,Low,Emergency light at the east exit not illuminating on test
SI-2026-0274,5,Pass,,
SI-2026-0274,6,Pass,,
SI-2026-0274,7,Pass,,
SI-2026-0274,8,Pass,,
SI-2026-0274,9,Pass,,
SI-2026-0274,10,Pass,,
SI-2026-0274,11,Pass,,
SI-2026-0274,12,Pass,,
SI-2026-0274,13,Pass,,
SI-2026-0274,14,Fail,Low,First-aid kit at the welfare cabin missing dressings
SI-2026-0274,15,Pass,,
SI-2026-0274,16,Pass,,
SI-2026-0274,17,Pass,,
SI-2026-0274,18,Pass,,
SI-2026-0274,19,Pass,,
SI-2026-0274,20,Pass,,
SI-2026-0274,21,Pass,,
SI-2026-0274,22,Pass,,
SI-2026-0274,23,Pass,,
SI-2026-0274,24,Pass,,
SI-2026-0275,1,Pass,,
SI-2026-0275,2,Pass,,
SI-2026-0275,3,Pass,,
SI-2026-0275,4,Pass,,
SI-2026-0275,5,Pass,,
SI-2026-0275,6,NA,,
SI-2026-0275,7,Pass,,
SI-2026-0275,8,Pass,,
SI-2026-0275,9,Pass,,
SI-2026-0275,10,Pass,,
SI-2026-0275,11,Pass,,
SI-2026-0275,12,NA,,
SI-2026-0275,13,Pass,,
SI-2026-0275,14,Pass,,
SI-2026-0275,15,Pass,,
SI-2026-0275,16,Pass,,
SI-2026-0275,17,Pass,,
SI-2026-0275,18,Pass,,
SI-2026-0275,19,Pass,,
SI-2026-0275,20,NA,,
SI-2026-0275,21,Pass,,
SI-2026-0275,22,Pass,,
SI-2026-0275,23,Pass,,
SI-2026-0275,24,Pass,,
SI-2026-0276,1,NA,,
SI-2026-0276,2,Pass,,
SI-2026-0276,3,Fail,Medium,Call point at bay 2 blocked by stored materials
SI-2026-0276,4,Pass,,
SI-2026-0276,5,Pass,,
SI-2026-0276,6,Pass,,
SI-2026-0276,7,Pass,,
SI-2026-0276,8,Pass,,
SI-2026-0276,9,Pass,,
SI-2026-0276,10,Pass,,
SI-2026-0276,11,Pass,,
SI-2026-0276,12,Pass,,
SI-2026-0276,13,Pass,,
SI-2026-0276,14,Fail,Medium,First-aid kit at the mezzanine missing dressings
SI-2026-0276,15,Pass,,
SI-2026-0276,16,Fail,Low,Welfare room at the yard gate without hot water
SI-2026-0276,17,Pass,,
SI-2026-0276,18,Pass,,
SI-2026-0276,19,Pass,,
SI-2026-0276,20,Pass,,
SI-2026-0276,21,Pass,,
SI-2026-0276,22,Pass,,
SI-2026-0276,23,Pass,,
SI-2026-0276,24,Pass,,
SI-2026-0277,1,Pass,,
SI-2026-0277,2,Pass,,
SI-2026-0277,3,Pass,,
SI-2026-0277,4,Pass,,
SI-2026-0277,5,Pass,,
SI-2026-0277,6,Pass,,
SI-2026-0277,7,Pass,,
SI-2026-0277,8,Pass,,
SI-2026-0277,9,Pass,,
SI-2026-0277,10,Pass,,
SI-2026-0277,11,Pass,,
SI-2026-0277,12,Pass,,
SI-2026-0277,13,Pass,,
SI-2026-0277,14,Pass,,
SI-2026-0277,15,Pass,,
SI-2026-0277,16,Pass,,
SI-2026-0277,17,Pass,,
SI-2026-0277,18,Fail,Low,Overloaded top beam at store B
SI-2026-0277,19,Fail,Low,Untagged stepladder in use at the dock office
SI-2026-0277,20,Pass,,
SI-2026-0277,21,Pass,,
SI-2026-0277,22,Pass,,
SI-2026-0277,23,Pass,,
SI-2026-0277,24,Pass,,
SI-2026-0278,1,Pass,,
SI-2026-0278,2,Pass,,
SI-2026-0278,3,Pass,,
SI-2026-0278,4,Pass,,
SI-2026-0278,5,Pass,,
SI-2026-0278,6,Pass,,
SI-2026-0278,7,Pass,,
SI-2026-0278,8,Pass,,
SI-2026-0278,9,Pass,,
SI-2026-0278,10,Pass,,
SI-2026-0278,11,Pass,,
SI-2026-0278,12,Pass,,
SI-2026-0278,13,Pass,,
SI-2026-0278,14,Pass,,
SI-2026-0278,15,Pass,,
SI-2026-0278,16,Pass,,
SI-2026-0278,17,Pass,,
SI-2026-0278,18,Pass,,
SI-2026-0278,19,Pass,,
SI-2026-0278,20,Fail,Low,COSHH register at the main workshop not updated this quarter
SI-2026-0278,21,Pass,,
SI-2026-0278,22,Pass,,
SI-2026-0278,23,Pass,,
SI-2026-0278,24,Pass,,
SI-2026-0279,1,Pass,,
SI-2026-0279,2,Pass,,
SI-2026-0279,3,Pass,,
SI-2026-0279,4,Pass,,
SI-2026-0279,5,Pass,,
SI-2026-0279,6,Pass,,
SI-2026-0279,7,Pass,,
SI-2026-0279,8,Pass,,
SI-2026-0279,9,Pass,,
SI-2026-0279,10,Pass,,
SI-2026-0279,11,Pass,,
SI-2026-0279,12,Pass,,
SI-2026-0279,13,Pass,,
SI-2026-0279,14,NA,,
SI-2026-0279,15,Pass,,
SI-2026-0279,16,Pass,,
SI-2026-0279,17,Pass,,
SI-2026-0279,18,Pass,,
SI-2026-0279,19,Pass,,
SI-2026-0279,20,Pass,,
SI-2026-0279,21,Fail,Low,Escape route sign above the east exit obscured by stock
SI-2026-0279,22,Pass,,
SI-2026-0279,23,Pass,,
SI-2026-0279,24,Pass,,
SI-2026-0280,1,Pass,,
SI-2026-0280,2,Pass,,
SI-2026-0280,3,Pass,,
SI-2026-0280,4,Pass,,
SI-2026-0280,5,Pass,,
SI-2026-0280,6,NA,,
SI-2026-0280,7,Pass,,
SI-2026-0280,8,Pass,,
SI-2026-0280,9,Pass,,
SI-2026-0280,10,NA,,
SI-2026-0280,11,Pass,,
SI-2026-0280,12,Pass,,
SI-2026-0280,13,Fail,Low,Eye-wash bottle at the dock office past expiry
SI-2026-0280,14,Pass,,
SI-2026-0280,15,Pass,,
SI-2026-0280,16,Pass,,
SI-2026-0280,17,Pass,,
SI-2026-0280,18,Pass,,
SI-2026-0280,19,Pass,,
SI-2026-0280,20,Pass,,
SI-2026-0280,21,Pass,,
SI-2026-0280,22,Pass,,
SI-2026-0280,23,Pass,,
SI-2026-0280,24,Fail,Medium,No vehicle warning signage at loading bay 6 crossing
SI-2026-0281,1,Pass,,
SI-2026-0281,2,Pass,,
SI-2026-0281,3,Pass,,
SI-2026-0281,4,Pass,,
SI-2026-0281,5,Pass,,
SI-2026-0281,6,Pass,,
SI-2026-0281,7,Pass,,
SI-2026-0281,8,Pass,,
SI-2026-0281,9,Pass,,
SI-2026-0281,10,Pass,,
SI-2026-0281,11,Pass,,
SI-2026-0281,12,Pass,,
SI-2026-0281,13,Pass,,
SI-2026-0281,14,Pass,,
SI-2026-0281,15,Pass,,
SI-2026-0281,16,Pass,,
SI-2026-0281,17,Pass,,
SI-2026-0281,18,Pass,,
SI-2026-0281,19,Pass,,
SI-2026-0281,20,Pass,,
SI-2026-0281,21,Pass,,
SI-2026-0281,22,Pass,,
SI-2026-0281,23,Pass,,
SI-2026-0281,24,Pass,,
SI-2026-0282,1,Pass,,
SI-2026-0282,2,Pass,,
SI-2026-0282,3,Fail,Low,Call point at level 2 blocked by stored materials
SI-2026-0282,4,Pass,,
SI-2026-0282,5,Pass,,
SI-2026-0282,6,Pass,,
SI-2026-0282,7,Pass,,
SI-2026-0282,8,Pass,,
SI-2026-0282,9,Pass,,
SI-2026-0282,10,Pass,,
SI-2026-0282,11,Pass,,
SI-2026-0282,12,Pass,,
SI-2026-0282,13,Pass,,
SI-2026-0282,14,Pass,,
SI-2026-0282,15,Fail,Medium,Operative without hi-vis near the east exit
SI-2026-0282,16,Pass,,
SI-2026-0282,17,Pass,,
SI-2026-0282,18,Pass,,
SI-2026-0282,19,Pass,,
SI-2026-0282,20,Pass,,
SI-2026-0282,21,Pass,,
SI-2026-0282,22,NA,,
SI-2026-0282,23,Pass,,
SI-2026-0282,24,Pass,,
SI-2026-0283,1,Pass,,
SI-2026-0283,2,Pass,,
SI-2026-0283,3,Pass,,
SI-2026-0283,4,Pass,,
SI-2026-0283,5,Pass,,
SI-2026-0283,6,Pass,,
SI-2026-0283,7,Pass,,
SI-2026-0283,8,Pass,,
SI-2026-0283,9,Pass,,
SI-2026-0283,10,Pass,,
SI-2026-0283,11,Pass,,
SI-2026-0283,12,Pass,,
SI-2026-0283,13,Pass,,
SI-2026-0283,14,Pass,,
SI-2026-0283,15,Fail,Low,Operative without hi-vis near level 2
SI-2026-0283,16,Pass,,
SI-2026-0283,17,Pass,,
SI-2026-0283,18,Pass,,
SI-2026-0283,19,Pass,,
SI-2026-0283,20,Pass,,
SI-2026-0283,21,Pass,,
SI-2026-0283,22,Pass,,
SI-2026-0283,23,Pass,,
SI-2026-0283,24,Pass,,
SI-2026-0284,1,Fail,Low,Fire door at aisle 4 catches on frame and does not latch
SI-2026-0284,2,Pass,,
SI-2026-0284,3,Pass,,
SI-2026-0284,4,Pass,,
SI-2026-0284,5,Pass,,
SI-2026-0284,6,Pass,,
SI-2026-0284,7,Pass,,
SI-2026-0284,8,Pass,,
SI-2026-0284,9,Pass,,
SI-2026-0284,10,Pass,,
SI-2026-0284,11,Pass,,
SI-2026-0284,12,Pass,,
SI-2026-0284,13,Pass,,
SI-2026-0284,14,Pass,,
SI-2026-0284,15,Pass,,
SI-2026-0284,16,Fail,High,Welfare room at the yard gate without hot water
SI-2026-0284,17,Pass,,
SI-2026-0284,18,Pass,,
SI-2026-0284,19,NA,,
SI-2026-0284,20,Pass,,
SI-2026-0284,21,Pass,,
SI-2026-0284,22,Pass,,
SI-2026-0284,23,Fail,Medium,Statutory notice board at bay 2 out of date
SI-2026-0284,24,Pass,,
SI-2026-0285,1,Pass,,
SI-2026-0285,2,Pass,,
SI-2026-0285,3,Pass,,
SI-2026-0285,4,Fail,Low,Emergency light at aisle 4 not illuminating on test
SI-2026-0285,5,Pass,,
SI-2026-0285,6,Pass,,
SI-2026-0285,7,Fail,Medium,Damaged extension lead in use at loading bay 6
SI-2026-0285,8,Pass,,
SI-2026-0285,9,Pass,,
SI-2026-0285,10,Fail,Low,Waste bins overflowing at the east exit
SI-2026-0285,11,Pass,,
SI-2026-0285,12,Pass,,
SI-2026-0285,13,Fail,Medium,Eye-wash bottle at the main workshop past expiry
SI-2026-0285,14,Pass,,
SI-2026-0285,15,Fail,Low,Operative without hi-vis near the mezzanine
SI-2026-0285,16,Pass,,
SI-2026-0285,17,Pass,,
SI-2026-0285,18,Pass,,
SI-2026-0285,19,Pass,,
SI-2026-0285,20,Pass,,
SI-2026-0285,21,Pass,,
SI-2026-0285,22,Pass,,
SI-2026-0285,23,Pass,,
SI-2026-0285,24,Pass,,
SI-2026-0286,1,Pass,,
SI-2026-0286,2,Pass,,
SI-2026-0286,3,Pass,,
SI-2026-0286,4,Pass,,
SI-2026-0286,5,Pass,,
SI-2026-0286,6,Pass,,
SI-2026-0286,7,Pass,,
SI-2026-0286,8,Pass,,
SI-2026-0286,9,Pass,,
SI-2026-0286,10,NA,,
SI-2026-0286,11,Pass,,
SI-2026-0286,12,Pass,,
SI-2026-0286,13,Pass,,
SI-2026-0286,14,Pass,,
SI-2026-0286,15,Fail,Low,Operative without hi-vis near the yard gate
SI-2026-0286,16,Pass,,
SI-2026-0286,17,Pass,,
SI-2026-0286,18,Fail,Low,Overloaded top beam at level 2
SI-2026-0286,19,Pass,,
SI-2026-0286,20,Pass,,
SI-2026-0286,21,NA,,
SI-2026-0286,22,Pass,,
SI-2026-0286,23,Pass,,
SI-2026-0286,24,Pass,,
SI-2026-0287,1,Pass,,
SI-2026-0287,2,Pass,,
SI-2026-0287,3,Pass,,
SI-2026-0287,4,Pass,,
SI-2026-0287,5,Pass,,
SI-2026-0287,6,Pass,,
SI-2026-0287,7,Pass,,
SI-2026-0287,8,Pass,,
SI-2026-0287,9,Pass,,
SI-2026-0287,10,Pass,,
SI-2026-0287,11,Pass,,
SI-2026-0287,12,Pass,,
SI-2026-0287,13,Pass,,
SI-2026-0287,14,Pass,,
SI-2026-0287,15,Pass,,
SI-2026-0287,16,Pass,,
SI-2026-0287,17,Pass,,
SI-2026-0287,18,Pass,,
SI-2026-0287,19,Pass,,
SI-2026-0287,20,Pass,,
SI-2026-0287,21,Pass,,
SI-2026-0287,22,NA,,
SI-2026-0287,23,Pass,,
SI-2026-0287,24,Pass,,
SI-2026-0288,1,Pass,,
SI-2026-0288,2,Pass,,
SI-2026-0288,3,Pass,,
SI-2026-0288,4,Pass,,
SI-2026-0288,5,Pass,,
SI-2026-0288,6,Pass,,
SI-2026-0288,7,Pass,,
SI-2026-0288,8,Fail,Medium,Isolation switch at bay 2 obstructed
SI-2026-0288,9,Pass,,
SI-2026-0288,10,Pass,,
SI-2026-0288,11,Pass,,
SI-2026-0288,12,Pass,,
SI-2026-0288,13,Pass,,
SI-2026-0288,14,Pass,,
SI-2026-0288,15,Pass,,
SI-2026-0288,16,Pass,,
SI-2026-0288,17,Pass,,
SI-2026-0288,18,Pass,,
SI-2026-0288,19,Pass,,
SI-2026-0288,20,Pass,,
SI-2026-0288,21,Pass,,
SI-2026-0288,22,Pass,,
SI-2026-0288,23,Pass,,
SI-2026-0288,24,Pass,,
SI-2026-0289,1,Pass,,
SI-2026-0289,2,Pass,,
SI-2026-0289,3,Pass,,
SI-2026-0289,4,Pass,,
SI-2026-0289,5,Pass,,
SI-2026-0289,6,Pass,,
SI-2026-0289,7,Pass,,
SI-2026-0289,8,Pass,,
SI-2026-0289,9,Pass,,
SI-2026-0289,10,Pass,,
SI-2026-0289,11,Fail,Low,Work bench at the welfare cabin cluttered with offcuts
SI-2026-0289,12,Pass,,
SI-2026-0289,13,Pass,,
SI-2026-0289,14,Pass,,
SI-2026-0289,15,Pass,,
SI-2026-0289,16,Pass,,
SI-2026-0289,17,Pass,,
SI-2026-0289,18,Pass,,
SI-2026-0289,19,Pass,,
SI-2026-0289,20,Pass,,
SI-2026-0289,21,Pass,,
SI-2026-0289,22,Pass,,
SI-2026-0289,23,Pass,,
SI-2026-0289,24,Pass,,
SI-2026-0290,1,Pass,,
SI-2026-0290,2,Pass,,
SI-2026-0290,3,Pass,,
SI-2026-0290,4,Pass,,
SI-2026-0290,5,Pass,,
SI-2026-0290,6,Pass,,
SI-2026-0290,7,Pass,,
SI-2026-0290,8,NA,,
SI-2026-0290,9,Pass,,
SI-2026-0290,10,Pass,,
SI-2026-0290,11,Pass,,
SI-2026-0290,12,Pass,,
SI-2026-0290,13,Pass,,
SI-2026-0290,14,Pass,,
SI-2026-0290,15,Pass,,
SI-2026-0290,16,Pass,,
SI-2026-0290,17,Pass,,
SI-2026-0290,18,Pass,,
SI-2026-0290,19,Pass,,
SI-2026-0290,20,Pass,,
SI-2026-0290,21,Pass,,
SI-2026-0290,22,Pass,,
SI-2026-0290,23,Pass,,
SI-2026-0290,24,Pass,,
SI-2026-0291,1,Pass,,
SI-2026-0291,2,Pass,,
SI-2026-0291,3,Pass,,
SI-2026-0291,4,Pass,,
SI-2026-0291,5,Pass,,
SI-2026-0291,6,Pass,,
SI-2026-0291,7,Pass,,
SI-2026-0291,8,Pass,,
SI-2026-0291,9,Fail,Low,Pallets staged on pedestrian route near aisle 4
SI-2026-0291,10,Pass,,
SI-2026-0291,11,Fail,Low,Work bench at the mezzanine cluttered with offcuts
SI-2026-0291,12,Pass,,
SI-2026-0291,13,Pass,,
SI-2026-0291,14,Pass,,
SI-2026-0291,15,Pass,,
SI-2026-0291,16,Pass,,
SI-2026-0291,17,Fail,Medium,Racking tag at the east exit out of date
SI-2026-0291,18,Pass,,
SI-2026-0291,19,Pass,,
SI-2026-0291,20,NA,,
SI-2026-0291,21,Pass,,
SI-2026-0291,22,Pass,,
SI-2026-0291,23,Pass,,
SI-2026-0291,24,Pass,,
SI-2026-0292,1,Pass,,
SI-2026-0292,2,Pass,,
SI-2026-0292,3,Fail,High,Call point at bay 2 blocked by stored materials
SI-2026-0292,4,Pass,,
SI-2026-0292,5,Pass,,
SI-2026-0292,6,Pass,,
SI-2026-0292,7,Fail,Low,Damaged extension lead in use at the mezzanine
SI-2026-0292,8,Pass,,
SI-2026-0292,9,Pass,,
SI-2026-0292,10,Pass,,
SI-2026-0292,11,Fail,Low,Work bench at the east exit cluttered with offcuts
SI-2026-0292,12,Fail,Medium,Spill kit at loading bay 6 missing absorbent pads
SI-2026-0292,13,Pass,,
SI-2026-0292,14,Pass,,
SI-2026-0292,15,Pass,,
SI-2026-0292,16,Fail,Low,Welfare room at aisle 4 without hot water
SI-2026-0292,17,Pass,,
SI-2026-0292,18,Pass,,
SI-2026-0292,19,Pass,,
SI-2026-0292,20,Pass,,
SI-2026-0292,21,Fail,Medium,Escape route sign above the yard gate obscured by stock
SI-2026-0292,22,Pass,,
SI-2026-0292,23,NA,,
SI-2026-0292,24,Pass,,
SI-2026-0293,1,Pass,,
SI-2026-0293,2,Fail,Medium,Extinguisher at the yard gate past its service date
SI-2026-0293,3,Pass,,
SI-2026-0293,4,Pass,,
SI-2026-0293,5,Pass,,
SI-2026-0293,6,Pass,,
SI-2026-0293,7,Pass,,
SI-2026-0293,8,Pass,,
SI-2026-0293,9,Pass,,
SI-2026-0293,10,Pass,,
SI-2026-0293,11,Fail,Low,Work bench at aisle 4 cluttered with offcuts
SI-2026-0293,12,Pass,,
SI-2026-0293,13,Pass,,
SI-2026-0293,14,Pass,,
SI-2026-0293,15,Pass,,
SI-2026-0293,16,Fail,Low,Welfare room at the welfare cabin without hot water
SI-2026-0293,17,Pass,,
SI-2026-0293,18,Pass,,
SI-2026-0293,19,Pass,,
SI-2026-0293,20,Pass,,
SI-2026-0293,21,Pass,,
SI-2026-0293,22,Pass,,
SI-2026-0293,23,Pass,,
SI-2026-0293,24,Pass,,
SI-2026-0294,1,Pass,,
SI-2026-0294,2,Pass,,
SI-2026-0294,3,Fail,Low,Call point at aisle 4 blocked by stored materials
SI-2026-0294,4,Pass,,
SI-2026-0294,5,Pass,,
SI-2026-0294,6,Pass,,
SI-2026-0294,7,Fail,Low,Damaged extension lead in use at the main workshop
SI-2026-0294,8,Pass,,
SI-2026-0294,9,Pass,,
SI-2026-0294,10,Fail,Low,Waste bins overflowing at aisle 4
SI-2026-0294,11,Pass,,
SI-2026-0294,12,Pass,,
SI-2026-0294,13,Pass,,
SI-2026-0294,14,Fail,Low,First-aid kit at aisle 4 missing dressings
SI-2026-0294,15,Pass,,
SI-2026-0294,16,Pass,,
SI-2026-0294,17,Pass,,
SI-2026-0294,18,Pass,,
SI-2026-0294,19,Pass,,
SI-2026-0294,20,Fail,Low,COSHH register at the main workshop not updated this quarter
SI-2026-0294,21,Fail,Low,Escape route sign above the dock office obscured by stock
SI-2026-0294,22,Fail,Medium,Walkway markings at loading bay 6 worn and faded
SI-2026-0294,23,Pass,,
SI-2026-0294,24,Pass,,
SI-2026-0295,1,Pass,,
SI-2026-0295,2,Pass,,
SI-2026-0295,3,Pass,,
SI-2026-0295,4,Pass,,
SI-2026-0295,5,Pass,,
SI-2026-0295,6,Pass,,
SI-2026-0295,7,Pass,,
SI-2026-0295,8,Pass,,
SI-2026-0295,9,Pass,,
SI-2026-0295,10,Pass,,
SI-2026-0295,11,Pass,,
SI-2026-0295,12,Pass,,
SI-2026-0295,13,Pass,,
SI-2026-0295,14,Pass,,
SI-2026-0295,15,Fail,Medium,Operative without hi-vis near the north stairwell
SI-2026-0295,16,Pass,,
SI-2026-0295,17,Pass,,
SI-2026-0295,18,Pass,,
SI-2026-0295,19,Pass,,
SI-2026-0295,20,Pass,,
SI-2026-0295,21,Pass,,
SI-2026-0295,22,NA,,
SI-2026-0295,23,Pass,,
SI-2026-0295,24,Pass,,
SI-2026-0296,1,Pass,,
SI-2026-0296,2,Pass,,
SI-2026-0296,3,NA,,
SI-2026-0296,4,Pass,,
SI-2026-0296,5,Pass,,
SI-2026-0296,6,Pass,,
SI-2026-0296,7,Pass,,
SI-2026-0296,8,Pass,,
SI-2026-0296,9,Pass,,
SI-2026-0296,10,Pass,,
SI-2026-0296,11,Pass,,
SI-2026-0296,12,Pass,,
SI-2026-0296,13,Pass,,
SI-2026-0296,14,Pass,,
SI-2026-0296,15,Fail,Low,Operative without hi-vis near the north stairwell
SI-2026-0296,16,Pass,,
SI-2026-0296,17,Pass,,
SI-2026-0296,18,Pass,,
SI-2026-0296,19,Pass,,
SI-2026-0296,20,Pass,,
SI-2026-0296,21,Pass,,
SI-2026-0296,22,Pass,,
SI-2026-0296,23,Fail,Medium,Statutory notice board at the north stairwell out of date
SI-2026-0296,24,Pass,,
SI-2026-0297,1,Pass,,
SI-2026-0297,2,Pass,,
SI-2026-0297,3,Pass,,
SI-2026-0297,4,Pass,,
SI-2026-0297,5,Pass,,
SI-2026-0297,6,Pass,,
SI-2026-0297,7,Pass,,
SI-2026-0297,8,Pass,,
SI-2026-0297,9,Pass,,
SI-2026-0297,10,Pass,,
SI-2026-0297,11,Pass,,
SI-2026-0297,12,Pass,,
SI-2026-0297,13,Pass,,
SI-2026-0297,14,Pass,,
SI-2026-0297,15,Pass,,
SI-2026-0297,16,Pass,,
SI-2026-0297,17,Pass,,
SI-2026-0297,18,Pass,,
SI-2026-0297,19,Pass,,
SI-2026-0297,20,Pass,,
SI-2026-0297,21,Pass,,
SI-2026-0297,22,Pass,,
SI-2026-0297,23,Pass,,
SI-2026-0297,24,Fail,Medium,No vehicle warning signage at the east exit crossing
SI-2026-0298,1,Pass,,
SI-2026-0298,2,Pass,,
SI-2026-0298,3,Fail,Medium,Call point at the dock office blocked by stored materials
SI-2026-0298,4,Pass,,
SI-2026-0298,5,Pass,,
SI-2026-0298,6,Pass,,
SI-2026-0298,7,Pass,,
SI-2026-0298,8,Pass,,
SI-2026-0298,9,Pass,,
SI-2026-0298,10,Pass,,
SI-2026-0298,11,Pass,,
SI-2026-0298,12,Pass,,
SI-2026-0298,13,Pass,,
SI-2026-0298,14,Pass,,
SI-2026-0298,15,Pass,,
SI-2026-0298,16,Pass,,
SI-2026-0298,17,Pass,,
SI-2026-0298,18,Pass,,
SI-2026-0298,19,Pass,,
SI-2026-0298,20,Pass,,
SI-2026-0298,21,Pass,,
SI-2026-0298,22,Pass,,
SI-2026-0298,23,Pass,,
SI-2026-0298,24,Pass,,
SI-2026-0299,1,Pass,,
SI-2026-0299,2,Pass,,
SI-2026-0299,3,Pass,,
SI-2026-0299,4,Pass,,
SI-2026-0299,5,Pass,,
SI-2026-0299,6,Pass,,
SI-2026-0299,7,Pass,,
SI-2026-0299,8,NA,,
SI-2026-0299,9,Pass,,
SI-2026-0299,10,Pass,,
SI-2026-0299,11,NA,,
SI-2026-0299,12,Pass,,
SI-2026-0299,13,Pass,,
SI-2026-0299,14,Fail,Low,First-aid kit at loading bay 6 missing dressings
SI-2026-0299,15,Pass,,
SI-2026-0299,16,NA,,
SI-2026-0299,17,NA,,
SI-2026-0299,18,Pass,,
SI-2026-0299,19,Pass,,
SI-2026-0299,20,Pass,,
SI-2026-0299,21,Pass,,
SI-2026-0299,22,Pass,,
SI-2026-0299,23,Pass,,
SI-2026-0299,24,Pass,,
SI-2026-0300,1,Pass,,
SI-2026-0300,2,Pass,,
SI-2026-0300,3,Pass,,
SI-2026-0300,4,Pass,,
SI-2026-0300,5,Pass,,
SI-2026-0300,6,Pass,,
SI-2026-0300,7,Pass,,
SI-2026-0300,8,Pass,,
SI-2026-0300,9,Pass,,
SI-2026-0300,10,Pass,,
SI-2026-0300,11,Pass,,
SI-2026-0300,12,Fail,Low,Spill kit at the main workshop missing absorbent pads
SI-2026-0300,13,Pass,,
SI-2026-0300,14,Pass,,
SI-2026-0300,15,Pass,,
SI-2026-0300,16,NA,,
SI-2026-0300,17,Pass,,
SI-2026-0300,18,Pass,,
SI-2026-0300,19,Pass,,
SI-2026-0300,20,Pass,,
SI-2026-0300,21,Pass,,
SI-2026-0300,22,Pass,,
SI-2026-0300,23,Fail,Medium,Statutory notice board at store B out of date
SI-2026-0300,24,NA,,
SI-2026-0301,1,Pass,,
SI-2026-0301,2,Pass,,
SI-2026-0301,3,Pass,,
SI-2026-0301,4,Pass,,
SI-2026-0301,5,Pass,,
SI-2026-0301,6,Pass,,
SI-2026-0301,7,Pass,,
SI-2026-0301,8,Pass,,
SI-2026-0301,9,Pass,,
SI-2026-0301,10,Pass,,
SI-2026-0301,11,Pass,,
SI-2026-0301,12,Pass,,
SI-2026-0301,13,Pass,,
SI-2026-0301,14,Pass,,
SI-2026-0301,15,Fail,Low,Operative without hi-vis near bay 2
SI-2026-0301,16,Fail,Medium,Welfare room at the yard gate without hot water
SI-2026-0301,17,Pass,,
SI-2026-0301,18,Pass,,
SI-2026-0301,19,Pass,,
SI-2026-0301,20,Pass,,
SI-2026-0301,21,Pass,,
SI-2026-0301,22,Pass,,
SI-2026-0301,23,Pass,,
SI-2026-0301,24,Pass,,
SI-2026-0302,1,Pass,,
SI-2026-0302,2,Pass,,
SI-2026-0302,3,NA,,
SI-2026-0302,4,Pass,,
SI-2026-0302,5,Pass,,
SI-2026-0302,6,Pass,,
SI-2026-0302,7,Pass,,
SI-2026-0302,8,Pass,,
SI-2026-0302,9,NA,,
SI-2026-0302,10,Pass,,
SI-2026-0302,11,Pass,,
SI-2026-0302,12,Pass,,
SI-2026-0302,13,Fail,Low,Eye-wash bottle at store B past expiry
SI-2026-0302,14,Pass,,
SI-2026-0302,15,Pass,,
SI-2026-0302,16,Pass,,
SI-2026-0302,17,Pass,,
SI-2026-0302,18,Pass,,
SI-2026-0302,19,Pass,,
SI-2026-0302,20,Pass,,
SI-2026-0302,21,Pass,,
SI-2026-0302,22,Fail,Medium,Walkway markings at the north stairwell worn and faded
SI-2026-0302,23,Pass,,
SI-2026-0302,24,Pass,,
SI-2026-0303,1,Pass,,
SI-2026-0303,2,Pass,,
SI-2026-0303,3,Fail,Low,Call point at the north stairwell blocked by stored materials
SI-2026-0303,4,Pass,,
SI-2026-0303,5,Pass,,
SI-2026-0303,6,Pass,,
SI-2026-0303,7,Pass,,
SI-2026-0303,8,Pass,,
SI-2026-0303,9,Pass,,
SI-2026-0303,10,Pass,,
SI-2026-0303,11,Pass,,
SI-2026-0303,12,Pass,,
SI-2026-0303,13,Pass,,
SI-2026-0303,14,Pass,,
SI-2026-0303,15,Pass,,
SI-2026-0303,16,Pass,,
SI-2026-0303,17,Pass,,
SI-2026-0303,18,Pass,,
SI-2026-0303,19,Pass,,
SI-2026-0303,20,Pass,,
SI-2026-0303,21,Pass,,
SI-2026-0303,22,Pass,,
SI-2026-0303,23,Pass,,
SI-2026-0303,24,Pass,,
SI-2026-0304,1,Pass,,
SI-2026-0304,2,Pass,,
SI-2026-0304,3,Pass,,
SI-2026-0304,4,Pass,,
SI-2026-0304,5,Pass,,
SI-2026-0304,6,Pass,,
SI-2026-0304,7,Pass,,
SI-2026-0304,8,Pass,,
SI-2026-0304,9,Pass,,
SI-2026-0304,10,NA,,
SI-2026-0304,11,Pass,,
SI-2026-0304,12,Pass,,
SI-2026-0304,13,Pass,,
SI-2026-0304,14,Pass,,
SI-2026-0304,15,Fail,Low,Operative without hi-vis near level 2
SI-2026-0304,16,Pass,,
SI-2026-0304,17,Pass,,
SI-2026-0304,18,Pass,,
SI-2026-0304,19,Pass,,
SI-2026-0304,20,Pass,,
SI-2026-0304,21,Pass,,
SI-2026-0304,22,Fail,Low,Walkway markings at the yard gate worn and faded
SI-2026-0304,23,Pass,,
SI-2026-0304,24,Pass,,
