month_key,scenario,entity,service_line,account_code,client,amount
202501,Actual,MSL,Managed Services,REV-MAN,Peverel Group,611443
202501,Actual,MSL,Managed Services,DC-STAFF,Peverel Group,-264329
202501,Actual,MSL,Managed Services,DC-SUBS,Peverel Group,-76450
202501,Actual,MSL,Managed Services,DC-EXP,Peverel Group,-19834
202501,Actual,MSL,Managed Services,REV-MAN,Castleton Retail,496797
202501,Actual,MSL,Managed Services,DC-STAFF,Castleton Retail,-214767
202501,Actual,MSL,Managed Services,DC-SUBS,Castleton Retail,-62115
202501,Actual,MSL,Managed Services,DC-EXP,Castleton Retail,-16115
202501,Actual,MSL,Managed Services,REV-MAN,Trentham Group ,286614
202501,Actual,MSL,Managed Services,DC-STAFF,Trentham Group,-123904
202501,Actual,MSL,Managed Services,DC-SUBS,Trentham Group,-35836
202501,Actual,MSL,Managed Services,DC-EXP,Trentham Group,-9297
202501,Actual,MSL,Managed Services,REV-MAN,Nyle Distribution,171968
202501,Actual,MSL,Managed Services,DC-STAFF,Nyle Distribution,-74342
202501,Actual,MSL,Managed Services,DC-SUBS,Nyle Distribution,-21501
202501,Actual,MSL,Managed Services,DC-EXP,Nyle Distribution,-5578
202501,Actual,MSL,Managed Services,REV-MAN,Ashfield Care,114645
202501,Actual,MSL,Managed Services,DC-STAFF,Ashfield Care,-49562
202501,Actual,MSL,Managed Services,DC-SUBS,Ashfield Care,-14334
202501,Actual,MSL,Managed Services,DC-EXP,Ashfield Care,-3719
202501,Actual,LLP,Advisory,REV-ADV,Oakline Foods,396482
202501,Actual,LLP,Advisory,DC-STAFF,Oakline Foods,-168462
202501,Actual,LLP,Advisory,DC-SUBS,Oakline Foods,-48723
202501,Actual,LLP,Advisory,DC-EXP,Oakline Foods,-12640
202501,Actual,LLP,Advisory,REV-ADV,Bramwell Media,343936
202501,Actual,LLP,Advisory,DC-STAFF,Bramwell Media,-146136
202501,Actual,LLP,Advisory,DC-SUBS,Bramwell Media,-42266
202501,Actual,LLP,Advisory,DC-EXP,Bramwell Media,-10965
202501,Actual,LLP,Advisory,REV-ADV,Marrow Klein,224514
202501,Actual,LLP,Advisory,DC-STAFF,Marrow Klein,-95394
202501,Actual,LLP,Advisory,DC-SUBS,Marrow Klein,-27590
202501,Actual,LLP,Advisory,DC-EXP,Marrow Klein,-7158
202501,Actual,LLP,Advisory,REV-ADV,Vantis Retail,162414
202501,Actual,LLP,Advisory,DC-STAFF,Vantis Retail,-69009
202501,Actual,LLP,Advisory,DC-SUBS,Vantis Retail,-19959
202501,Actual,LLP,Advisory,DC-EXP,Vantis Retail,-5178
202501,Actual,PRJ,Projects,REV-PRJ,Harding & Co,449028
202501,Actual,PRJ,Projects,DC-STAFF,Harding & Co,-224849
202501,Actual,PRJ,Projects,DC-SUBS,Harding & Co,-65031
202501,Actual,PRJ,Projects,DC-EXP,Harding & Co,-16871
202501,Actual,PRJ,Projects,REV-PRJ,Delphi Works,229291
202501,Actual,PRJ,Projects,DC-STAFF,Delphi Works,-114817
202501,Actual,PRJ,Projects,DC-SUBS,Delphi Works,-33208
202501,Actual,PRJ,Projects,DC-EXP,Delphi Works,-8615
202501,Actual,PRJ,Projects,REV-PRJ,Corven Group,171968
202501,Actual,PRJ,Projects,DC-STAFF,Corven Group,-86112
202501,Actual,PRJ,Projects,DC-SUBS,Corven Group,-24906
202501,Actual,PRJ,Projects,DC-EXP,Corven Group,-6461
202501,Actual,LLP,Support,REV-SUP,Kelby Foods,143307
202501,Actual,LLP,Support,DC-STAFF,Kelby Foods,-73601
202501,Actual,LLP,Support,DC-SUBS,Kelby Foods,-21287
202501,Actual,LLP,Support,DC-EXP,Kelby Foods,-5523
202501,Actual,LLP,Support,REV-SUP,Ashfield Care,105092
202501,Actual,LLP,Support,DC-STAFF,Ashfield Care,-53974
202501,Actual,LLP,Support,DC-SUBS,Ashfield Care,-15610
202501,Actual,LLP,Support,DC-EXP,Ashfield Care,-4050
202501,Actual,LLP,Support,REV-SUP,Nyle Distribution,95538
202501,Actual,LLP,Support,DC-STAFF,Nyle Distribution,-49067
202501,Actual,LLP,Support,DC-SUBS,Nyle Distribution,-14191
202501,Actual,LLP,Support,DC-EXP,Nyle Distribution,-3682
202501,Actual,LLP,Support,REV-SUP,Castleton Retail,86939
202501,Actual,LLP,Support,DC-STAFF,Castleton Retail,-44651
202501,Actual,LLP,Support,DC-SUBS,Castleton Retail,-12914
202501,Actual,LLP,Support,DC-EXP,Castleton Retail,-3350
202501,Actual,LLP,Central,OH-ADMIN,,-267506
202501,Actual,MSL,Central,OH-ADMIN,,-160504
202501,Actual,PRJ,Central,OH-ADMIN,,-107002
202501,Actual,LLP,Central,OH-PREM,,-85984
202501,Actual,MSL,Central,OH-PREM,,-51590
202501,Actual,PRJ,Central,OH-PREM,,-34394
202501,Actual,LLP,Central,OH-TECH,,-69265
202501,Actual,MSL,Central,OH-TECH,,-41559
202501,Actual,PRJ,Central,OH-TECH,,-27706
202501,Actual,LLP,Central,OH-MKT,,-28661
202501,Actual,MSL,Central,OH-MKT,,-17197
202501,Actual,PRJ,Central,OH-MKT,,-11465
202501,Actual,LLP,Central,OH-PROF,,-14331
202501,Actual,MSL,Central,OH-PROF,,-8598
202501,Actual,PRJ,Central,OH-PROF,,-5732
202501,Actual,LLP,Central,OH-DEP,,-11942
202501,Actual,MSL,Central,OH-DEP,,-7165
202501,Actual,PRJ,Central,OH-DEP,,-4777
202501,Actual,LLP,Central,OH-OTHER,,-10987
202501,Actual,MSL,Central,OH-OTHER,,-6592
202501,Actual,PRJ,Central,OH-OTHER,,-4395
202501,Budget,MSL,Managed Services,REV-MAN,Peverel Group,656364
202501,Budget,MSL,Managed Services,DC-STAFF,Peverel Group,-279046
202501,Budget,MSL,Managed Services,DC-SUBS,Peverel Group,-80706
202501,Budget,MSL,Managed Services,DC-EXP,Peverel Group,-20938
202501,Budget,MSL,Managed Services,REV-MAN,Castleton Retail,533295
202501,Budget,MSL,Managed Services,DC-STAFF,Castleton Retail,-226725
202501,Budget,MSL,Managed Services,DC-SUBS,Castleton Retail,-65574
202501,Budget,MSL,Managed Services,DC-EXP,Castleton Retail,-17012
202501,Budget,MSL,Managed Services,REV-MAN,Trentham Group,307670
202501,Budget,MSL,Managed Services,DC-STAFF,Trentham Group,-130803
202501,Budget,MSL,Managed Services,DC-SUBS,Trentham Group,-37831
202501,Budget,MSL,Managed Services,DC-EXP,Trentham Group,-9815
202501,Budget,MSL,Managed Services,REV-MAN,Nyle Distribution,184602
202501,Budget,MSL,Managed Services,DC-STAFF,Nyle Distribution,-78482
202501,Budget,MSL,Managed Services,DC-SUBS,Nyle Distribution,-22699
202501,Budget,MSL,Managed Services,DC-EXP,Nyle Distribution,-5889
202501,Budget,MSL,Managed Services,REV-MAN,Ashfield Care,123068
202501,Budget,MSL,Managed Services,DC-STAFF,Ashfield Care,-52321
202501,Budget,MSL,Managed Services,DC-SUBS,Ashfield Care,-15132
202501,Budget,MSL,Managed Services,DC-EXP,Ashfield Care,-3926
202501,Budget,LLP,Advisory,REV-ADV,Oakline Foods,425990
202501,Budget,LLP,Advisory,DC-STAFF,Oakline Foods,-178044
202501,Budget,LLP,Advisory,DC-SUBS,Oakline Foods,-51494
202501,Budget,LLP,Advisory,DC-EXP,Oakline Foods,-13359
202501,Budget,LLP,Advisory,REV-ADV,Bramwell Media,369534
202501,Budget,LLP,Advisory,DC-STAFF,Bramwell Media,-154448
202501,Budget,LLP,Advisory,DC-SUBS,Bramwell Media,-44670
202501,Budget,LLP,Advisory,DC-EXP,Bramwell Media,-11589
202501,Budget,LLP,Advisory,REV-ADV,Marrow Klein,241224
202501,Budget,LLP,Advisory,DC-STAFF,Marrow Klein,-100820
202501,Budget,LLP,Advisory,DC-SUBS,Marrow Klein,-29159
202501,Budget,LLP,Advisory,DC-EXP,Marrow Klein,-7565
202501,Budget,LLP,Advisory,REV-ADV,Vantis Retail,174502
202501,Budget,LLP,Advisory,DC-STAFF,Vantis Retail,-72934
202501,Budget,LLP,Advisory,DC-SUBS,Vantis Retail,-21094
202501,Budget,LLP,Advisory,DC-EXP,Vantis Retail,-5473
202501,Budget,PRJ,Projects,REV-PRJ,Harding & Co,431449
202501,Budget,PRJ,Projects,DC-STAFF,Harding & Co,-202254
202501,Budget,PRJ,Projects,DC-SUBS,Harding & Co,-58497
202501,Budget,PRJ,Projects,DC-EXP,Harding & Co,-15176
202501,Budget,PRJ,Projects,REV-PRJ,Delphi Works,220315
202501,Budget,PRJ,Projects,DC-STAFF,Delphi Works,-103279
202501,Budget,PRJ,Projects,DC-SUBS,Delphi Works,-29871
202501,Budget,PRJ,Projects,DC-EXP,Delphi Works,-7749
202501,Budget,PRJ,Projects,REV-PRJ,Corven Group,165236
202501,Budget,PRJ,Projects,DC-STAFF,Corven Group,-77459
202501,Budget,PRJ,Projects,DC-SUBS,Corven Group,-22403
202501,Budget,PRJ,Projects,DC-EXP,Corven Group,-5812
202501,Budget,LLP,Support,REV-SUP,Kelby Foods,146924
202501,Budget,LLP,Support,DC-STAFF,Kelby Foods,-74344
202501,Budget,LLP,Support,DC-SUBS,Kelby Foods,-21502
202501,Budget,LLP,Support,DC-EXP,Kelby Foods,-5578
202501,Budget,LLP,Support,REV-SUP,Ashfield Care,107744
202501,Budget,LLP,Support,DC-STAFF,Ashfield Care,-54519
202501,Budget,LLP,Support,DC-SUBS,Ashfield Care,-15768
202501,Budget,LLP,Support,DC-EXP,Ashfield Care,-4091
202501,Budget,LLP,Support,REV-SUP,Nyle Distribution,97949
202501,Budget,LLP,Support,DC-STAFF,Nyle Distribution,-49563
202501,Budget,LLP,Support,DC-SUBS,Nyle Distribution,-14335
202501,Budget,LLP,Support,DC-EXP,Nyle Distribution,-3719
202501,Budget,LLP,Support,REV-SUP,Castleton Retail,89134
202501,Budget,LLP,Support,DC-STAFF,Castleton Retail,-45102
202501,Budget,LLP,Support,DC-SUBS,Castleton Retail,-13045
202501,Budget,LLP,Support,DC-EXP,Castleton Retail,-3384
202501,Budget,LLP,Central,OH-ADMIN,,-247000
202501,Budget,MSL,Central,OH-ADMIN,,-148200
202501,Budget,PRJ,Central,OH-ADMIN,,-98800
202501,Budget,LLP,Central,OH-PREM,,-83125
202501,Budget,MSL,Central,OH-PREM,,-49875
202501,Budget,PRJ,Central,OH-PREM,,-33250
202501,Budget,LLP,Central,OH-TECH,,-71250
202501,Budget,MSL,Central,OH-TECH,,-42750
202501,Budget,PRJ,Central,OH-TECH,,-28500
202501,Budget,LLP,Central,OH-MKT,,-42750
202501,Budget,MSL,Central,OH-MKT,,-25650
202501,Budget,PRJ,Central,OH-MKT,,-17100
202501,Budget,LLP,Central,OH-PROF,,-21375
202501,Budget,MSL,Central,OH-PROF,,-12825
202501,Budget,PRJ,Central,OH-PROF,,-8550
202501,Budget,LLP,Central,OH-OTHER,,-47500
202501,Budget,MSL,Central,OH-OTHER,,-28500
202501,Budget,PRJ,Central,OH-OTHER,,-19000
202502,Actual,MSL,Managed Services,REV-MAN,Peverel Group,624830
202502,Actual,MSL,Managed Services,DC-STAFF,Peverel Group,-270116
202502,Actual,MSL,Managed Services,DC-SUBS,Peverel Group,-78124
202502,Actual,MSL,Managed Services,DC-EXP,Peverel Group,-20268
202502,Actual,MSL,Managed Services,REV-MAN,Castleton Retail,507675
202502,Actual,MSL,Managed Services,DC-STAFF,Castleton Retail,-219470
202502,Actual,MSL,Managed Services,DC-SUBS,Castleton Retail,-63475
202502,Actual,MSL,Managed Services,DC-EXP,Castleton Retail,-16468
202502,Actual,MSL,Managed Services,REV-MAN,Trentham Group,292889
202502,Actual,MSL,Managed Services,DC-STAFF,Trentham Group,-126617
202502,Actual,MSL,Managed Services,DC-SUBS,Trentham Group,-36620
202502,Actual,MSL,Managed Services,DC-EXP,Trentham Group,-9501
202502,Actual,MSL,Managed Services,REV-MAN,NYLE DISTRIBUTION,175734
202502,Actual,MSL,Managed Services,DC-STAFF,Nyle Distribution,-75970
202502,Actual,MSL,Managed Services,DC-SUBS,Nyle Distribution,-21972
202502,Actual,MSL,Managed Services,DC-EXP,Nyle Distribution,-5700
202502,Actual,MSL,Managed Services,REV-MAN,Ashfield Care,117156
202502,Actual,MSL,Managed Services,DC-STAFF,Ashfield Care,-50647
202502,Actual,MSL,Managed Services,DC-SUBS,Ashfield Care,-14648
202502,Actual,MSL,Managed Services,DC-EXP,Ashfield Care,-3800
202502,Actual,LLP,Advisory,REV-ADV,Oakline Foods,405164
202502,Actual,LLP,Advisory,DC-STAFF,Oakline Foods,-172151
202502,Actual,LLP,Advisory,DC-SUBS,Oakline Foods,-49790
202502,Actual,LLP,Advisory,DC-EXP,Oakline Foods,-12917
202502,Actual,LLP,Advisory,REV-ADV,Bramwell Media,351467
202502,Actual,LLP,Advisory,DC-STAFF,Bramwell Media,-149335
202502,Actual,LLP,Advisory,DC-SUBS,Bramwell Media,-43191
202502,Actual,LLP,Advisory,DC-EXP,Bramwell Media,-11205
202502,Actual,LLP,Advisory,REV-ADV,Marrow Klein,229430
202502,Actual,LLP,Advisory,DC-STAFF,Marrow Klein,-97483
202502,Actual,LLP,Advisory,DC-SUBS,Marrow Klein,-28194
202502,Actual,LLP,Advisory,DC-EXP,Marrow Klein,-7315
202502,Actual,LLP,Advisory,REV-ADV,Vantis Retail,165971
202502,Actual,LLP,Advisory,DC-STAFF,Vantis Retail,-70519
202502,Actual,LLP,Advisory,DC-SUBS,Vantis Retail,-20396
202502,Actual,LLP,Advisory,DC-EXP,Vantis Retail,-5291
202502,Actual,PRJ,Projects,REV-PRJ,Harding & Co,458860
202502,Actual,PRJ,Projects,DC-STAFF,Harding & Co,-229772
202502,Actual,PRJ,Projects,DC-SUBS,Harding & Co,-66455
202502,Actual,PRJ,Projects,DC-EXP,Harding & Co,-17241
202502,Actual,PRJ,Projects,REV-PRJ,Delphi Works,234311
202502,Actual,PRJ,Projects,DC-STAFF,Delphi Works,-117331
202502,Actual,PRJ,Projects,DC-SUBS,Delphi Works,-33935
202502,Actual,PRJ,Projects,DC-EXP,Delphi Works,-8804
202502,Actual,PRJ,Projects,REV-PRJ,Corven  Group,175734
202502,Actual,PRJ,Projects,DC-STAFF,Corven Group,-87998
202502,Actual,PRJ,Projects,DC-SUBS,Corven Group,-25451
202502,Actual,PRJ,Projects,DC-EXP,Corven Group,-6603
202502,Actual,LLP,Support,REV-SUP,Kelby Foods,146445
202502,Actual,LLP,Support,DC-STAFF,Kelby Foods,-75212
202502,Actual,LLP,Support,DC-SUBS,Kelby Foods,-21753
202502,Actual,LLP,Support,DC-EXP,Kelby Foods,-5643
202502,Actual,LLP,Support,REV-SUP,Ashfield Care,107393
202502,Actual,LLP,Support,DC-STAFF,Ashfield Care,-55156
202502,Actual,LLP,Support,DC-SUBS,Ashfield Care,-15952
202502,Actual,LLP,Support,DC-EXP,Ashfield Care,-4139
202502,Actual,LLP,Support,REV-SUP,Nyle Distribution,97630
202502,Actual,LLP,Support,DC-STAFF,Nyle Distribution,-50141
202502,Actual,LLP,Support,DC-SUBS,Nyle Distribution,-14502
202502,Actual,LLP,Support,DC-EXP,Nyle Distribution,-3762
202502,Actual,LLP,Support,REV-SUP,Castleton Retail,88843
202502,Actual,LLP,Support,DC-STAFF,Castleton Retail,-45629
202502,Actual,LLP,Support,DC-SUBS,Castleton Retail,-13197
202502,Actual,LLP,Support,DC-EXP,Castleton Retail,-3424
202502,Actual,LLP,Central,OH-ADMIN,,-273363
202502,Actual,MSL,Central,OH-ADMIN,,-164018
202502,Actual,PRJ,Central,OH-ADMIN,,-109345
202502,Actual,LLP,Central,OH-PREM,,-87867
202502,Actual,MSL,Central,OH-PREM,,-52720
202502,Actual,PRJ,Central,OH-PREM,,-35147
202502,Actual,LLP,Central,OH-TECH,,-70782
202502,Actual,MSL,Central,OH-TECH,,-42469
202502,Actual,PRJ,Central,OH-TECH,,-28313
202502,Actual,LLP,Central,OH-MKT,,-29289
202502,Actual,MSL,Central,OH-MKT,,-17573
202502,Actual,PRJ,Central,OH-MKT,,-11716
202502,Actual,LLP,Central,OH-PROF,,-14644
202502,Actual,MSL,Central,OH-PROF,,-8787
202502,Actual,PRJ,Central,OH-PROF,,-5858
202502,Actual,LLP,Central,OH-DEP,,-12204
202502,Actual,MSL,Central,OH-DEP,,-7322
202502,Actual,PRJ,Central,OH-DEP,,-4881
202502,Actual,LLP,Central,OH-OTHER,,-11227
202502,Actual,MSL,Central,OH-OTHER,,-6736
202502,Actual,PRJ,Central,OH-OTHER,,-4491
202502,Budget,MSL,Managed Services,REV-MAN,Peverel Group,662371
202502,Budget,MSL,Managed Services,DC-STAFF,Peverel Group,-281600
202502,Budget,MSL,Managed Services,DC-SUBS,Peverel Group,-81445
202502,Budget,MSL,Managed Services,DC-EXP,Peverel Group,-21130
202502,Budget,MSL,Managed Services,REV-MAN,Castleton Retail,538176
202502,Budget,MSL,Managed Services,DC-STAFF,Castleton Retail,-228800
202502,Budget,MSL,Managed Services,DC-SUBS,Castleton Retail,-66174
202502,Budget,MSL,Managed Services,DC-EXP,Castleton Retail,-17168
202502,Budget,MSL,Managed Services,REV-MAN,Trentham Group,310486
202502,Budget,MSL,Managed Services,DC-STAFF,Trentham Group,-132000
202502,Budget,MSL,Managed Services,DC-SUBS,Trentham Group,-38177
202502,Budget,MSL,Managed Services,DC-EXP,Trentham Group,-9905
202502,Budget,MSL,Managed Services,REV-MAN,Nyle Distribution,186292
202502,Budget,MSL,Managed Services,DC-STAFF,Nyle Distribution,-79200
202502,Budget,MSL,Managed Services,DC-SUBS,Nyle Distribution,-22906
202502,Budget,MSL,Managed Services,DC-EXP,Nyle Distribution,-5943
202502,Budget,MSL,Managed Services,REV-MAN,Ashfield Care,124194
202502,Budget,MSL,Managed Services,DC-STAFF,Ashfield Care,-52800
202502,Budget,MSL,Managed Services,DC-SUBS,Ashfield Care,-15271
202502,Budget,MSL,Managed Services,DC-EXP,Ashfield Care,-3962
202502,Budget,LLP,Advisory,REV-ADV,Oakline Foods,429889
202502,Budget,LLP,Advisory,DC-STAFF,Oakline Foods,-179674
202502,Budget,LLP,Advisory,DC-SUBS,Oakline Foods,-51966
202502,Budget,LLP,Advisory,DC-EXP,Oakline Foods,-13482
202502,Budget,LLP,Advisory,REV-ADV,Bramwell Media,372916
202502,Budget,LLP,Advisory,DC-STAFF,Bramwell Media,-155862
202502,Budget,LLP,Advisory,DC-SUBS,Bramwell Media,-45079
202502,Budget,LLP,Advisory,DC-EXP,Bramwell Media,-11695
202502,Budget,LLP,Advisory,REV-ADV,Marrow Klein,243431
202502,Budget,LLP,Advisory,DC-STAFF,Marrow Klein,-101743
202502,Budget,LLP,Advisory,DC-SUBS,Marrow Klein,-29426
202502,Budget,LLP,Advisory,DC-EXP,Marrow Klein,-7634
202502,Budget,LLP,Advisory,REV-ADV,Vantis Retail,176099
202502,Budget,LLP,Advisory,DC-STAFF,Vantis Retail,-73601
202502,Budget,LLP,Advisory,DC-SUBS,Vantis Retail,-21287
202502,Budget,LLP,Advisory,DC-EXP,Vantis Retail,-5523
202502,Budget,PRJ,Projects,REV-PRJ,Harding & Co,435398
202502,Budget,PRJ,Projects,DC-STAFF,Harding & Co,-204105
202502,Budget,PRJ,Projects,DC-SUBS,Harding & Co,-59032
202502,Budget,PRJ,Projects,DC-EXP,Harding & Co,-15315
202502,Budget,PRJ,Projects,REV-PRJ,Delphi Works,222331
202502,Budget,PRJ,Projects,DC-STAFF,Delphi Works,-104224
202502,Budget,PRJ,Projects,DC-SUBS,Delphi Works,-30144
202502,Budget,PRJ,Projects,DC-EXP,Delphi Works,-7820
202502,Budget,PRJ,Projects,REV-PRJ,Corven Group,166748
202502,Budget,PRJ,Projects,DC-STAFF,Corven Group,-78168
202502,Budget,PRJ,Projects,DC-SUBS,Corven Group,-22608
202502,Budget,PRJ,Projects,DC-EXP,Corven Group,-5865
202502,Budget,LLP,Support,REV-SUP,Kelby Foods,148268
202502,Budget,LLP,Support,DC-STAFF,Kelby Foods,-75025
202502,Budget,LLP,Support,DC-SUBS,Kelby Foods,-21699
202502,Budget,LLP,Support,DC-EXP,Kelby Foods,-5629
202502,Budget,LLP,Support,REV-SUP,Ashfield Care,108730
202502,Budget,LLP,Support,DC-STAFF,Ashfield Care,-55018
202502,Budget,LLP,Support,DC-SUBS,Ashfield Care,-15912
202502,Budget,LLP,Support,DC-EXP,Ashfield Care,-4128
202502,Budget,LLP,Support,REV-SUP,Nyle Distribution,98845
202502,Budget,LLP,Support,DC-STAFF,Nyle Distribution,-50016
202502,Budget,LLP,Support,DC-SUBS,Nyle Distribution,-14466
202502,Budget,LLP,Support,DC-EXP,Nyle Distribution,-3753
202502,Budget,LLP,Support,REV-SUP,Castleton Retail,89949
202502,Budget,LLP,Support,DC-STAFF,Castleton Retail,-45515
202502,Budget,LLP,Support,DC-SUBS,Castleton Retail,-13164
202502,Budget,LLP,Support,DC-EXP,Castleton Retail,-3415
202502,Budget,LLP,Central,OH-ADMIN,,-249261
202502,Budget,MSL,Central,OH-ADMIN,,-149556
202502,Budget,PRJ,Central,OH-ADMIN,,-99704
202502,Budget,LLP,Central,OH-PREM,,-83886
202502,Budget,MSL,Central,OH-PREM,,-50331
202502,Budget,PRJ,Central,OH-PREM,,-33554
202502,Budget,LLP,Central,OH-TECH,,-71902
202502,Budget,MSL,Central,OH-TECH,,-43141
202502,Budget,PRJ,Central,OH-TECH,,-28761
202502,Budget,LLP,Central,OH-MKT,,-43141
202502,Budget,MSL,Central,OH-MKT,,-25885
202502,Budget,PRJ,Central,OH-MKT,,-17256
202502,Budget,LLP,Central,OH-PROF,,-21571
202502,Budget,MSL,Central,OH-PROF,,-12942
202502,Budget,PRJ,Central,OH-PROF,,-8628
202502,Budget,LLP,Central,OH-OTHER,,-47935
202502,Budget,MSL,Central,OH-OTHER,,-28761
202502,Budget,PRJ,Central,OH-OTHER,,-19174
202503,Actual,MSL,Managed Services,REV-MAN,Peverel Group ,617895
202503,Actual,MSL,Managed Services,DC-STAFF,Peverel Group,-267118
202503,Actual,MSL,Managed Services,DC-SUBS,Peverel Group,-77256
202503,Actual,MSL,Managed Services,DC-EXP,Peverel Group,-20043
202503,Actual,MSL,Managed Services,REV-MAN,Castleton Retail,502039
202503,Actual,MSL,Managed Services,DC-STAFF,Castleton Retail,-217033
202503,Actual,MSL,Managed Services,DC-SUBS,Castleton Retail,-62771
202503,Actual,MSL,Managed Services,DC-EXP,Castleton Retail,-16285
202503,Actual,MSL,Managed Services,REV-MAN,Trentham Group,289638
202503,Actual,MSL,Managed Services,DC-STAFF,Trentham Group,-125212
202503,Actual,MSL,Managed Services,DC-SUBS,Trentham Group,-36214
202503,Actual,MSL,Managed Services,DC-EXP,Trentham Group,-9395
202503,Actual,MSL,Managed Services,REV-MAN,Nyle Distribution,173783
202503,Actual,MSL,Managed Services,DC-STAFF,Nyle Distribution,-75127
202503,Actual,MSL,Managed Services,DC-SUBS,Nyle Distribution,-21728
202503,Actual,MSL,Managed Services,DC-EXP,Nyle Distribution,-5637
202503,Actual,MSL,Managed Services,REV-MAN,ASHFIELD CARE,115855
202503,Actual,MSL,Managed Services,DC-STAFF,Ashfield Care,-50085
202503,Actual,MSL,Managed Services,DC-SUBS,Ashfield Care,-14486
202503,Actual,MSL,Managed Services,DC-EXP,Ashfield Care,-3758
202503,Actual,LLP,Advisory,REV-ADV,Oakline Foods,400666
202503,Actual,LLP,Advisory,DC-STAFF,Oakline Foods,-170240
202503,Actual,LLP,Advisory,DC-SUBS,Oakline Foods,-49237
202503,Actual,LLP,Advisory,DC-EXP,Oakline Foods,-12774
202503,Actual,LLP,Advisory,REV-ADV,Bramwell Media,347566
202503,Actual,LLP,Advisory,DC-STAFF,Bramwell Media,-147678
202503,Actual,LLP,Advisory,DC-SUBS,Bramwell Media,-42712
202503,Actual,LLP,Advisory,DC-EXP,Bramwell Media,-11081
202503,Actual,LLP,Advisory,REV-ADV,Marrow Klein,226883
202503,Actual,LLP,Advisory,DC-STAFF,Marrow Klein,-96401
202503,Actual,LLP,Advisory,DC-SUBS,Marrow Klein,-27881
202503,Actual,LLP,Advisory,DC-EXP,Marrow Klein,-7233
202503,Actual,LLP,Advisory,REV-ADV,Vantis Retail,164128
202503,Actual,LLP,Advisory,DC-STAFF,Vantis Retail,-69737
202503,Actual,LLP,Advisory,DC-SUBS,Vantis Retail,-20169
202503,Actual,LLP,Advisory,DC-EXP,Vantis Retail,-5233
202503,Actual,PRJ,Projects,REV-PRJ,Harding & Co,453766
202503,Actual,PRJ,Projects,DC-STAFF,Harding & Co,-227222
202503,Actual,PRJ,Projects,DC-SUBS,Harding & Co,-65718
202503,Actual,PRJ,Projects,DC-EXP,Harding & Co,-17049
202503,Actual,PRJ,Projects,REV-PRJ,Delphi Works,231711
202503,Actual,PRJ,Projects,DC-STAFF,Delphi Works,-116028
202503,Actual,PRJ,Projects,DC-SUBS,Delphi Works,-33558
202503,Actual,PRJ,Projects,DC-EXP,Delphi Works,-8706
202503,Actual,PRJ,Projects,REV-PRJ,Corven  Group,173783
202503,Actual,PRJ,Projects,DC-STAFF,Corven Group,-87021
202503,Actual,PRJ,Projects,DC-SUBS,Corven Group,-25168
202503,Actual,PRJ,Projects,DC-EXP,Corven Group,-6530
202503,Actual,LLP,Support,REV-SUP,Kelby Foods,144819
202503,Actual,LLP,Support,DC-STAFF,Kelby Foods,-74377
202503,Actual,LLP,Support,DC-SUBS,Kelby Foods,-21512
202503,Actual,LLP,Support,DC-EXP,Kelby Foods,-5581
202503,Actual,LLP,Support,REV-SUP,Ashfield Care,106201
202503,Actual,LLP,Support,DC-STAFF,Ashfield Care,-54543
202503,Actual,LLP,Support,DC-SUBS,Ashfield Care,-15775
202503,Actual,LLP,Support,DC-EXP,Ashfield Care,-4093
202503,Actual,LLP,Support,REV-SUP,Nyle Distribution,96546
202503,Actual,LLP,Support,DC-STAFF,Nyle Distribution,-49585
202503,Actual,LLP,Support,DC-SUBS,Nyle Distribution,-14341
202503,Actual,LLP,Support,DC-EXP,Nyle Distribution,-3721
202503,Actual,LLP,Support,REV-SUP,Castleton Retail,87857
202503,Actual,LLP,Support,DC-STAFF,Castleton Retail,-45122
202503,Actual,LLP,Support,DC-SUBS,Castleton Retail,-13050
202503,Actual,LLP,Support,DC-EXP,Castleton Retail,-3386
202503,Actual,LLP,Central,OH-ADMIN,,-270329
202503,Actual,MSL,Central,OH-ADMIN,,-162197
202503,Actual,PRJ,Central,OH-ADMIN,,-108132
202503,Actual,LLP,Central,OH-PREM,,-86891
202503,Actual,MSL,Central,OH-PREM,,-52135
202503,Actual,PRJ,Central,OH-PREM,,-34757
202503,Actual,LLP,Central,OH-TECH,,-69996
202503,Actual,MSL,Central,OH-TECH,,-41998
202503,Actual,PRJ,Central,OH-TECH,,-27998
202503,Actual,LLP,Central,OH-MKT,,-28964
202503,Actual,MSL,Central,OH-MKT,,-17378
202503,Actual,PRJ,Central,OH-MKT,,-11586
202503,Actual,LLP,Central,OH-PROF,,-14482
202503,Actual,MSL,Central,OH-PROF,,-8689
202503,Actual,PRJ,Central,OH-PROF,,-5793
202503,Actual,LLP,Central,OH-DEP,,-12068
202503,Actual,MSL,Central,OH-DEP,,-7241
202503,Actual,PRJ,Central,OH-DEP,,-4827
202503,Actual,LLP,Central,OH-OTHER,,-11103
202503,Actual,MSL,Central,OH-OTHER,,-6662
202503,Actual,PRJ,Central,OH-OTHER,,-4441
202503,Budget,MSL,Managed Services,REV-MAN,Peverel Group,667404
202503,Budget,MSL,Managed Services,DC-STAFF,Peverel Group,-283740
202503,Budget,MSL,Managed Services,DC-SUBS,Peverel Group,-82064
202503,Budget,MSL,Managed Services,DC-EXP,Peverel Group,-21290
202503,Budget,MSL,Managed Services,REV-MAN,Castleton Retail,542266
202503,Budget,MSL,Managed Services,DC-STAFF,Castleton Retail,-230539
202503,Budget,MSL,Managed Services,DC-SUBS,Castleton Retail,-66677
202503,Budget,MSL,Managed Services,DC-EXP,Castleton Retail,-17298
202503,Budget,MSL,Managed Services,REV-MAN,Trentham Group,312846
202503,Budget,MSL,Managed Services,DC-STAFF,Trentham Group,-133003
202503,Budget,MSL,Managed Services,DC-SUBS,Trentham Group,-38468
202503,Budget,MSL,Managed Services,DC-EXP,Trentham Group,-9980
202503,Budget,MSL,Managed Services,REV-MAN,Nyle Distribution,187707
202503,Budget,MSL,Managed Services,DC-STAFF,Nyle Distribution,-79802
202503,Budget,MSL,Managed Services,DC-SUBS,Nyle Distribution,-23081
202503,Budget,MSL,Managed Services,DC-EXP,Nyle Distribution,-5988
202503,Budget,MSL,Managed Services,REV-MAN,Ashfield Care,125138
202503,Budget,MSL,Managed Services,DC-STAFF,Ashfield Care,-53201
202503,Budget,MSL,Managed Services,DC-SUBS,Ashfield Care,-15387
202503,Budget,MSL,Managed Services,DC-EXP,Ashfield Care,-3992
202503,Budget,LLP,Advisory,REV-ADV,Oakline Foods,433156
202503,Budget,LLP,Advisory,DC-STAFF,Oakline Foods,-181039
202503,Budget,LLP,Advisory,DC-SUBS,Oakline Foods,-52361
202503,Budget,LLP,Advisory,DC-EXP,Oakline Foods,-13584
202503,Budget,LLP,Advisory,REV-ADV,Bramwell Media,375750
202503,Budget,LLP,Advisory,DC-STAFF,Bramwell Media,-157046
202503,Budget,LLP,Advisory,DC-SUBS,Bramwell Media,-45421
202503,Budget,LLP,Advisory,DC-EXP,Bramwell Media,-11784
202503,Budget,LLP,Advisory,REV-ADV,Marrow Klein,245281
202503,Budget,LLP,Advisory,DC-STAFF,Marrow Klein,-102516
202503,Budget,LLP,Advisory,DC-SUBS,Marrow Klein,-29650
202503,Budget,LLP,Advisory,DC-EXP,Marrow Klein,-7692
202503,Budget,LLP,Advisory,REV-ADV,Vantis Retail,177437
202503,Budget,LLP,Advisory,DC-STAFF,Vantis Retail,-74161
202503,Budget,LLP,Advisory,DC-SUBS,Vantis Retail,-21449
202503,Budget,LLP,Advisory,DC-EXP,Vantis Retail,-5565
202503,Budget,PRJ,Projects,REV-PRJ,Harding & Co,438707
202503,Budget,PRJ,Projects,DC-STAFF,Harding & Co,-205657
202503,Budget,PRJ,Projects,DC-SUBS,Harding & Co,-59480
202503,Budget,PRJ,Projects,DC-EXP,Harding & Co,-15431
202503,Budget,PRJ,Projects,REV-PRJ,Delphi Works,224021
202503,Budget,PRJ,Projects,DC-STAFF,Delphi Works,-105016
202503,Budget,PRJ,Projects,DC-SUBS,Delphi Works,-30373
202503,Budget,PRJ,Projects,DC-EXP,Delphi Works,-7880
202503,Budget,PRJ,Projects,REV-PRJ,Corven Group,168015
202503,Budget,PRJ,Projects,DC-STAFF,Corven Group,-78762
202503,Budget,PRJ,Projects,DC-SUBS,Corven Group,-22780
202503,Budget,PRJ,Projects,DC-EXP,Corven Group,-5910
202503,Budget,LLP,Support,REV-SUP,Kelby Foods,149395
202503,Budget,LLP,Support,DC-STAFF,Kelby Foods,-75595
202503,Budget,LLP,Support,DC-SUBS,Kelby Foods,-21864
202503,Budget,LLP,Support,DC-EXP,Kelby Foods,-5672
202503,Budget,LLP,Support,REV-SUP,Ashfield Care,109556
202503,Budget,LLP,Support,DC-STAFF,Ashfield Care,-55436
202503,Budget,LLP,Support,DC-SUBS,Ashfield Care,-16033
202503,Budget,LLP,Support,DC-EXP,Ashfield Care,-4160
202503,Budget,LLP,Support,REV-SUP,Nyle Distribution,99597
202503,Budget,LLP,Support,DC-STAFF,Nyle Distribution,-50397
202503,Budget,LLP,Support,DC-SUBS,Nyle Distribution,-14576
202503,Budget,LLP,Support,DC-EXP,Nyle Distribution,-3781
202503,Budget,LLP,Support,REV-SUP,Castleton Retail,90633
202503,Budget,LLP,Support,DC-STAFF,Castleton Retail,-45861
202503,Budget,LLP,Support,DC-SUBS,Castleton Retail,-13264
202503,Budget,LLP,Support,DC-EXP,Castleton Retail,-3441
202503,Budget,LLP,Central,OH-ADMIN,,-251155
202503,Budget,MSL,Central,OH-ADMIN,,-150693
202503,Budget,PRJ,Central,OH-ADMIN,,-100462
202503,Budget,LLP,Central,OH-PREM,,-84523
202503,Budget,MSL,Central,OH-PREM,,-50714
202503,Budget,PRJ,Central,OH-PREM,,-33809
202503,Budget,LLP,Central,OH-TECH,,-72449
202503,Budget,MSL,Central,OH-TECH,,-43469
202503,Budget,PRJ,Central,OH-TECH,,-28979
202503,Budget,LLP,Central,OH-MKT,,-43469
202503,Budget,MSL,Central,OH-MKT,,-26081
202503,Budget,PRJ,Central,OH-MKT,,-17388
202503,Budget,LLP,Central,OH-PROF,,-21735
202503,Budget,MSL,Central,OH-PROF,,-13041
202503,Budget,PRJ,Central,OH-PROF,,-8694
202503,Budget,LLP,Central,OH-OTHER,,-48299
202503,Budget,MSL,Central,OH-OTHER,,-28979
202503,Budget,PRJ,Central,OH-OTHER,,-19320
202504,Actual,MSL,Managed Services,REV-MAN,Peverel Group,607318
202504,Actual,MSL,Managed Services,DC-STAFF,Peverel Group,-262546
202504,Actual,MSL,Managed Services,DC-SUBS,Peverel Group,-75934
202504,Actual,MSL,Managed Services,DC-EXP,Peverel Group,-19700
202504,Actual,MSL,Managed Services,REV-MAN,Castleton Retail,493446
202504,Actual,MSL,Managed Services,DC-STAFF,Castleton Retail,-213318
202504,Actual,MSL,Managed Services,DC-SUBS,Castleton Retail,-61696
202504,Actual,MSL,Managed Services,DC-EXP,Castleton Retail,-16006
202504,Actual,MSL,Managed Services,REV-MAN,Trentham Group,284680
202504,Actual,MSL,Managed Services,DC-STAFF,Trentham Group,-123068
202504,Actual,MSL,Managed Services,DC-SUBS,Trentham Group,-35594
202504,Actual,MSL,Managed Services,DC-EXP,Trentham Group,-9234
202504,Actual,MSL,Managed Services,REV-MAN,Nyle Distribution,170808
202504,Actual,MSL,Managed Services,DC-STAFF,Nyle Distribution,-73841
202504,Actual,MSL,Managed Services,DC-SUBS,Nyle Distribution,-21356
202504,Actual,MSL,Managed Services,DC-EXP,Nyle Distribution,-5541
202504,Actual,MSL,Managed Services,REV-MAN,Ashfield Care,113872
202504,Actual,MSL,Managed Services,DC-STAFF,Ashfield Care,-49227
202504,Actual,MSL,Managed Services,DC-SUBS,Ashfield Care,-14238
202504,Actual,MSL,Managed Services,DC-EXP,Ashfield Care,-3694
202504,Actual,LLP,Advisory,REV-ADV,Oakline Foods,393808
202504,Actual,LLP,Advisory,DC-STAFF,Oakline Foods,-167326
202504,Actual,LLP,Advisory,DC-SUBS,Oakline Foods,-48394
202504,Actual,LLP,Advisory,DC-EXP,Oakline Foods,-12555
202504,Actual,LLP,Advisory,REV-ADV,Bramwell Media,341616
202504,Actual,LLP,Advisory,DC-STAFF,Bramwell Media,-145150
202504,Actual,LLP,Advisory,DC-SUBS,Bramwell Media,-41981
202504,Actual,LLP,Advisory,DC-EXP,Bramwell Media,-10891
202504,Actual,LLP,Advisory,REV-ADV,Marrow Klein,223000
202504,Actual,LLP,Advisory,DC-STAFF,Marrow Klein,-94751
202504,Actual,LLP,Advisory,DC-SUBS,Marrow Klein,-27404
202504,Actual,LLP,Advisory,DC-EXP,Marrow Klein,-7110
202504,Actual,LLP,Advisory,REV-ADV,Vantis Retail,161319
202504,Actual,LLP,Advisory,DC-STAFF,Vantis Retail,-68543
202504,Actual,LLP,Advisory,DC-SUBS,Vantis Retail,-19824
202504,Actual,LLP,Advisory,DC-EXP,Vantis Retail,-5143
202504,Actual,PRJ,Projects,REV-PRJ,Harding & Co,445999
202504,Actual,PRJ,Projects,DC-STAFF,Harding & Co,-223332
202504,Actual,PRJ,Projects,DC-SUBS,Harding & Co,-64593
202504,Actual,PRJ,Projects,DC-EXP,Harding & Co,-16758
202504,Actual,PRJ,Projects,REV-PRJ,Delphi Works,227744
202504,Actual,PRJ,Projects,DC-STAFF,Delphi Works,-114042
202504,Actual,PRJ,Projects,DC-SUBS,Delphi Works,-32984
202504,Actual,PRJ,Projects,DC-EXP,Delphi Works,-8557
202504,Actual,PRJ,Projects,REV-PRJ,Corven Group,170808
202504,Actual,PRJ,Projects,DC-STAFF,Corven Group,-85532
202504,Actual,PRJ,Projects,DC-SUBS,Corven Group,-24738
202504,Actual,PRJ,Projects,DC-EXP,Corven Group,-6418
202504,Actual,LLP,Support,REV-SUP,Kelby Foods,142340
202504,Actual,LLP,Support,DC-STAFF,Kelby Foods,-73104
202504,Actual,LLP,Support,DC-SUBS,Kelby Foods,-21143
202504,Actual,LLP,Support,DC-EXP,Kelby Foods,-5485
202504,Actual,LLP,Support,REV-SUP,Ashfield Care,104383
202504,Actual,LLP,Support,DC-STAFF,Ashfield Care,-53610
202504,Actual,LLP,Support,DC-SUBS,Ashfield Care,-15505
202504,Actual,LLP,Support,DC-EXP,Ashfield Care,-4023
202504,Actual,LLP,Support,REV-SUP,Nyle Distribution,94893
202504,Actual,LLP,Support,DC-STAFF,Nyle Distribution,-48736
202504,Actual,LLP,Support,DC-SUBS,Nyle Distribution,-14096
202504,Actual,LLP,Support,DC-EXP,Nyle Distribution,-3657
202504,Actual,LLP,Support,REV-SUP,Castleton Retail,86353
202504,Actual,LLP,Support,DC-STAFF,Castleton Retail,-44350
202504,Actual,LLP,Support,DC-SUBS,Castleton Retail,-12827
202504,Actual,LLP,Support,DC-EXP,Castleton Retail,-3328
202504,Actual,LLP,Central,OH-ADMIN,,-265702
202504,Actual,MSL,Central,OH-ADMIN,,-159421
202504,Actual,PRJ,Central,OH-ADMIN,,-106281
202504,Actual,LLP,Central,OH-PREM,,-85404
202504,Actual,MSL,Central,OH-PREM,,-51242
202504,Actual,PRJ,Central,OH-PREM,,-34162
202504,Actual,LLP,Central,OH-TECH,,-68798
202504,Actual,MSL,Central,OH-TECH,,-41279
202504,Actual,PRJ,Central,OH-TECH,,-27519
202504,Actual,LLP,Central,OH-MKT,,-28468
202504,Actual,MSL,Central,OH-MKT,,-17081
202504,Actual,PRJ,Central,OH-MKT,,-11387
202504,Actual,LLP,Central,OH-PROF,,-14234
202504,Actual,MSL,Central,OH-PROF,,-8540
202504,Actual,PRJ,Central,OH-PROF,,-5694
202504,Actual,LLP,Central,OH-DEP,,-11862
202504,Actual,MSL,Central,OH-DEP,,-7117
202504,Actual,PRJ,Central,OH-DEP,,-4745
202504,Actual,LLP,Central,OH-OTHER,,-10913
202504,Actual,MSL,Central,OH-OTHER,,-6548
202504,Actual,PRJ,Central,OH-OTHER,,-4365
202504,Budget,MSL,Managed Services,REV-MAN,Peverel Group,670730
202504,Budget,MSL,Managed Services,DC-STAFF,Peverel Group,-285154
202504,Budget,MSL,Managed Services,DC-SUBS,Peverel Group,-82473
202504,Budget,MSL,Managed Services,DC-EXP,Peverel Group,-21396
202504,Budget,MSL,Managed Services,REV-MAN,Castleton Retail,544968
202504,Budget,MSL,Managed Services,DC-STAFF,Castleton Retail,-231688
202504,Budget,MSL,Managed Services,DC-SUBS,Castleton Retail,-67009
202504,Budget,MSL,Managed Services,DC-EXP,Castleton Retail,-17384
202504,Budget,MSL,Managed Services,REV-MAN,Trentham Group,314405
202504,Budget,MSL,Managed Services,DC-STAFF,Trentham Group,-133666
202504,Budget,MSL,Managed Services,DC-SUBS,Trentham Group,-38659
202504,Budget,MSL,Managed Services,DC-EXP,Trentham Group,-10030
202504,Budget,MSL,Managed Services,REV-MAN,Nyle Distribution,188643
202504,Budget,MSL,Managed Services,DC-STAFF,Nyle Distribution,-80200
202504,Budget,MSL,Managed Services,DC-SUBS,Nyle Distribution,-23196
202504,Budget,MSL,Managed Services,DC-EXP,Nyle Distribution,-6018
202504,Budget,MSL,Managed Services,REV-MAN,Ashfield Care,125762
202504,Budget,MSL,Managed Services,DC-STAFF,Ashfield Care,-53466
202504,Budget,MSL,Managed Services,DC-SUBS,Ashfield Care,-15464
202504,Budget,MSL,Managed Services,DC-EXP,Ashfield Care,-4012
202504,Budget,LLP,Advisory,REV-ADV,Oakline Foods,435314
202504,Budget,LLP,Advisory,DC-STAFF,Oakline Foods,-181941
202504,Budget,LLP,Advisory,DC-SUBS,Oakline Foods,-52621
202504,Budget,LLP,Advisory,DC-EXP,Oakline Foods,-13652
202504,Budget,LLP,Advisory,REV-ADV,Bramwell Media,377622
202504,Budget,LLP,Advisory,DC-STAFF,Bramwell Media,-157829
202504,Budget,LLP,Advisory,DC-SUBS,Bramwell Media,-45648
202504,Budget,LLP,Advisory,DC-EXP,Bramwell Media,-11843
202504,Budget,LLP,Advisory,REV-ADV,Marrow Klein,246503
202504,Budget,LLP,Advisory,DC-STAFF,Marrow Klein,-103027
202504,Budget,LLP,Advisory,DC-SUBS,Marrow Klein,-29798
202504,Budget,LLP,Advisory,DC-EXP,Marrow Klein,-7731
202504,Budget,LLP,Advisory,REV-ADV,Vantis Retail,178322
202504,Budget,LLP,Advisory,DC-STAFF,Vantis Retail,-74530
202504,Budget,LLP,Advisory,DC-SUBS,Vantis Retail,-21556
202504,Budget,LLP,Advisory,DC-EXP,Vantis Retail,-5592
202504,Budget,PRJ,Projects,REV-PRJ,Harding & Co,440893
202504,Budget,PRJ,Projects,DC-STAFF,Harding & Co,-206681
202504,Budget,PRJ,Projects,DC-SUBS,Harding & Co,-59777
202504,Budget,PRJ,Projects,DC-EXP,Harding & Co,-15508
202504,Budget,PRJ,Projects,REV-PRJ,Delphi Works,225137
202504,Budget,PRJ,Projects,DC-STAFF,Delphi Works,-105539
202504,Budget,PRJ,Projects,DC-SUBS,Delphi Works,-30524
202504,Budget,PRJ,Projects,DC-EXP,Delphi Works,-7919
202504,Budget,PRJ,Projects,REV-PRJ,Corven Group,168853
202504,Budget,PRJ,Projects,DC-STAFF,Corven Group,-79155
202504,Budget,PRJ,Projects,DC-SUBS,Corven Group,-22893
202504,Budget,PRJ,Projects,DC-EXP,Corven Group,-5939
202504,Budget,LLP,Support,REV-SUP,Kelby Foods,150139
202504,Budget,LLP,Support,DC-STAFF,Kelby Foods,-75971
202504,Budget,LLP,Support,DC-SUBS,Kelby Foods,-21973
202504,Budget,LLP,Support,DC-EXP,Kelby Foods,-5700
202504,Budget,LLP,Support,REV-SUP,Ashfield Care,110102
202504,Budget,LLP,Support,DC-STAFF,Ashfield Care,-55712
202504,Budget,LLP,Support,DC-SUBS,Ashfield Care,-16113
202504,Budget,LLP,Support,DC-EXP,Ashfield Care,-4180
202504,Budget,LLP,Support,REV-SUP,Nyle Distribution,100093
202504,Budget,LLP,Support,DC-STAFF,Nyle Distribution,-50648
202504,Budget,LLP,Support,DC-SUBS,Nyle Distribution,-14648
202504,Budget,LLP,Support,DC-EXP,Nyle Distribution,-3800
202504,Budget,LLP,Support,REV-SUP,Castleton Retail,91085
202504,Budget,LLP,Support,DC-STAFF,Castleton Retail,-46089
202504,Budget,LLP,Support,DC-SUBS,Castleton Retail,-13330
202504,Budget,LLP,Support,DC-EXP,Castleton Retail,-3458
202504,Budget,LLP,Central,OH-ADMIN,,-252406
202504,Budget,MSL,Central,OH-ADMIN,,-151444
202504,Budget,PRJ,Central,OH-ADMIN,,-100963
202504,Budget,LLP,Central,OH-PREM,,-84944
202504,Budget,MSL,Central,OH-PREM,,-50967
202504,Budget,PRJ,Central,OH-PREM,,-33978
202504,Budget,LLP,Central,OH-TECH,,-72810
202504,Budget,MSL,Central,OH-TECH,,-43686
202504,Budget,PRJ,Central,OH-TECH,,-29124
202504,Budget,LLP,Central,OH-MKT,,-43686
202504,Budget,MSL,Central,OH-MKT,,-26211
202504,Budget,PRJ,Central,OH-MKT,,-17474
202504,Budget,LLP,Central,OH-PROF,,-21843
202504,Budget,MSL,Central,OH-PROF,,-13106
202504,Budget,PRJ,Central,OH-PROF,,-8737
202504,Budget,LLP,Central,OH-OTHER,,-48540
202504,Budget,MSL,Central,OH-OTHER,,-29124
202504,Budget,PRJ,Central,OH-OTHER,,-19416
202505,Actual,MSL,Managed Services,REV-MAN,Peverel Group,625964
202505,Actual,MSL,Managed Services,DC-STAFF,Peverel Group,-270606
202505,Actual,MSL,Managed Services,DC-SUBS,Peverel Group,-78265
202505,Actual,MSL,Managed Services,DC-EXP,Peverel Group,-20305
202505,Actual,MSL,Managed Services,REV-MAN,Castleton Retail ,508596
202505,Actual,MSL,Managed Services,DC-STAFF,Castleton Retail,-219868
202505,Actual,MSL,Managed Services,DC-SUBS,Castleton Retail,-63591
202505,Actual,MSL,Managed Services,DC-EXP,Castleton Retail,-16498
202505,Actual,MSL,Managed Services,REV-MAN,Trentham Group,293421
202505,Actual,MSL,Managed Services,DC-STAFF,Trentham Group,-126847
202505,Actual,MSL,Managed Services,DC-SUBS,Trentham Group,-36687
202505,Actual,MSL,Managed Services,DC-EXP,Trentham Group,-9518
202505,Actual,MSL,Managed Services,REV-MAN,Nyle Distribution,176052
202505,Actual,MSL,Managed Services,DC-STAFF,Nyle Distribution,-76108
202505,Actual,MSL,Managed Services,DC-SUBS,Nyle Distribution,-22012
202505,Actual,MSL,Managed Services,DC-EXP,Nyle Distribution,-5711
202505,Actual,MSL,Managed Services,REV-MAN,Ashfield Care,117368
202505,Actual,MSL,Managed Services,DC-STAFF,Ashfield Care,-50739
202505,Actual,MSL,Managed Services,DC-SUBS,Ashfield Care,-14675
202505,Actual,MSL,Managed Services,DC-EXP,Ashfield Care,-3807
202505,Actual,LLP,Advisory,REV-ADV,Oakline Foods,405899
202505,Actual,LLP,Advisory,DC-STAFF,Oakline Foods,-172463
202505,Actual,LLP,Advisory,DC-SUBS,Oakline Foods,-49880
202505,Actual,LLP,Advisory,DC-EXP,Oakline Foods,-12941
202505,Actual,LLP,Advisory,REV-ADV,Bramwell Media,352105
202505,Actual,LLP,Advisory,DC-STAFF,Bramwell Media,-149606
202505,Actual,LLP,Advisory,DC-SUBS,Bramwell Media,-43269
202505,Actual,LLP,Advisory,DC-EXP,Bramwell Media,-11226
202505,Actual,LLP,Advisory,REV-ADV,Marrow Klein,229846
202505,Actual,LLP,Advisory,DC-STAFF,Marrow Klein,-97660
202505,Actual,LLP,Advisory,DC-SUBS,Marrow Klein,-28245
202505,Actual,LLP,Advisory,DC-EXP,Marrow Klein,-7328
202505,Actual,LLP,Advisory,REV-ADV,Vantis Retail,166272
202505,Actual,LLP,Advisory,DC-STAFF,Vantis Retail,-70647
202505,Actual,LLP,Advisory,DC-SUBS,Vantis Retail,-20433
202505,Actual,LLP,Advisory,DC-EXP,Vantis Retail,-5301
202505,Actual,PRJ,Projects,REV-PRJ,Harding & Co,459692
202505,Actual,PRJ,Projects,DC-STAFF,Harding & Co,-230189
202505,Actual,PRJ,Projects,DC-SUBS,Harding & Co,-66576
202505,Actual,PRJ,Projects,DC-EXP,Harding & Co,-17272
202505,Actual,PRJ,Projects,REV-PRJ,Delphi Works,234736
202505,Actual,PRJ,Projects,DC-STAFF,Delphi Works,-117543
202505,Actual,PRJ,Projects,DC-SUBS,Delphi Works,-33996
202505,Actual,PRJ,Projects,DC-EXP,Delphi Works,-8820
202505,Actual,PRJ,Projects,REV-PRJ,Corven Group,176052
202505,Actual,PRJ,Projects,DC-STAFF,Corven Group,-88158
202505,Actual,PRJ,Projects,DC-SUBS,Corven Group,-25497
202505,Actual,PRJ,Projects,DC-EXP,Corven Group,-6615
202505,Actual,LLP,Support,REV-SUP,Kelby Foods,146710
202505,Actual,LLP,Support,DC-STAFF,Kelby Foods,-75349
202505,Actual,LLP,Support,DC-SUBS,Kelby Foods,-21792
202505,Actual,LLP,Support,DC-EXP,Kelby Foods,-5654
202505,Actual,LLP,Support,REV-SUP,Ashfield Care,107588
202505,Actual,LLP,Support,DC-STAFF,Ashfield Care,-55256
202505,Actual,LLP,Support,DC-SUBS,Ashfield Care,-15981
202505,Actual,LLP,Support,DC-EXP,Ashfield Care,-4146
202505,Actual,LLP,Support,REV-SUP,Nyle Distribution,97807
202505,Actual,LLP,Support,DC-STAFF,Nyle Distribution,-50232
202505,Actual,LLP,Support,DC-SUBS,Nyle Distribution,-14528
202505,Actual,LLP,Support,DC-EXP,Nyle Distribution,-3769
202505,Actual,LLP,Support,REV-SUP,Castleton Retail,89004
202505,Actual,LLP,Support,DC-STAFF,Castleton Retail,-45711
202505,Actual,LLP,Support,DC-SUBS,Castleton Retail,-13221
202505,Actual,LLP,Support,DC-EXP,Castleton Retail,-3430
202505,Actual,LLP,Central,OH-ADMIN,,-273859
202505,Actual,MSL,Central,OH-ADMIN,,-164316
202505,Actual,PRJ,Central,OH-ADMIN,,-109544
202505,Actual,LLP,Central,OH-PREM,,-88026
202505,Actual,MSL,Central,OH-PREM,,-52816
202505,Actual,PRJ,Central,OH-PREM,,-35210
202505,Actual,LLP,Central,OH-TECH,,-70910
202505,Actual,MSL,Central,OH-TECH,,-42546
202505,Actual,PRJ,Central,OH-TECH,,-28364
202505,Actual,LLP,Central,OH-MKT,,-29342
202505,Actual,MSL,Central,OH-MKT,,-17605
202505,Actual,PRJ,Central,OH-MKT,,-11737
202505,Actual,LLP,Central,OH-PROF,,-14671
202505,Actual,MSL,Central,OH-PROF,,-8803
202505,Actual,PRJ,Central,OH-PROF,,-5868
202505,Actual,LLP,Central,OH-DEP,,-12226
202505,Actual,MSL,Central,OH-DEP,,-7336
202505,Actual,PRJ,Central,OH-DEP,,-4890
202505,Actual,LLP,Central,OH-OTHER,,-11248
202505,Actual,MSL,Central,OH-OTHER,,-6749
202505,Actual,PRJ,Central,OH-OTHER,,-4499
202505,Budget,MSL,Managed Services,REV-MAN,Peverel Group,672031
202505,Budget,MSL,Managed Services,DC-STAFF,Peverel Group,-285707
202505,Budget,MSL,Managed Services,DC-SUBS,Peverel Group,-82633
202505,Budget,MSL,Managed Services,DC-EXP,Peverel Group,-21438
202505,Budget,MSL,Managed Services,REV-MAN,Castleton Retail,546025
202505,Budget,MSL,Managed Services,DC-STAFF,Castleton Retail,-232137
202505,Budget,MSL,Managed Services,DC-SUBS,Castleton Retail,-67139
202505,Budget,MSL,Managed Services,DC-EXP,Castleton Retail,-17418
202505,Budget,MSL,Managed Services,REV-MAN,Trentham Group,315014
202505,Budget,MSL,Managed Services,DC-STAFF,Trentham Group,-133925
202505,Budget,MSL,Managed Services,DC-SUBS,Trentham Group,-38734
202505,Budget,MSL,Managed Services,DC-EXP,Trentham Group,-10049
202505,Budget,MSL,Managed Services,REV-MAN,Nyle Distribution,189009
202505,Budget,MSL,Managed Services,DC-STAFF,Nyle Distribution,-80355
202505,Budget,MSL,Managed Services,DC-SUBS,Nyle Distribution,-23241
202505,Budget,MSL,Managed Services,DC-EXP,Nyle Distribution,-6029
202505,Budget,MSL,Managed Services,REV-MAN,Ashfield Care,126006
202505,Budget,MSL,Managed Services,DC-STAFF,Ashfield Care,-53570
202505,Budget,MSL,Managed Services,DC-SUBS,Ashfield Care,-15494
202505,Budget,MSL,Managed Services,DC-EXP,Ashfield Care,-4020
202505,Budget,LLP,Advisory,REV-ADV,Oakline Foods,436159
202505,Budget,LLP,Advisory,DC-STAFF,Oakline Foods,-182294
202505,Budget,LLP,Advisory,DC-SUBS,Oakline Foods,-52724
202505,Budget,LLP,Advisory,DC-EXP,Oakline Foods,-13678
202505,Budget,LLP,Advisory,REV-ADV,Bramwell Media,378355
202505,Budget,LLP,Advisory,DC-STAFF,Bramwell Media,-158135
202505,Budget,LLP,Advisory,DC-SUBS,Bramwell Media,-45736
202505,Budget,LLP,Advisory,DC-EXP,Bramwell Media,-11865
202505,Budget,LLP,Advisory,REV-ADV,Marrow Klein,246981
202505,Budget,LLP,Advisory,DC-STAFF,Marrow Klein,-103227
202505,Budget,LLP,Advisory,DC-SUBS,Marrow Klein,-29856
202505,Budget,LLP,Advisory,DC-EXP,Marrow Klein,-7746
202505,Budget,LLP,Advisory,REV-ADV,Vantis Retail,178667
202505,Budget,LLP,Advisory,DC-STAFF,Vantis Retail,-74675
202505,Budget,LLP,Advisory,DC-SUBS,Vantis Retail,-21598
202505,Budget,LLP,Advisory,DC-EXP,Vantis Retail,-5603
202505,Budget,PRJ,Projects,REV-PRJ,Harding & Co,441748
202505,Budget,PRJ,Projects,DC-STAFF,Harding & Co,-207082
202505,Budget,PRJ,Projects,DC-SUBS,Harding & Co,-59893
202505,Budget,PRJ,Projects,DC-EXP,Harding & Co,-15538
202505,Budget,PRJ,Projects,REV-PRJ,Delphi Works,225573
202505,Budget,PRJ,Projects,DC-STAFF,Delphi Works,-105744
202505,Budget,PRJ,Projects,DC-SUBS,Delphi Works,-30584
202505,Budget,PRJ,Projects,DC-EXP,Delphi Works,-7934
202505,Budget,PRJ,Projects,REV-PRJ,Corven Group,169180
202505,Budget,PRJ,Projects,DC-STAFF,Corven Group,-79308
202505,Budget,PRJ,Projects,DC-SUBS,Corven Group,-22938
202505,Budget,PRJ,Projects,DC-EXP,Corven Group,-5951
202505,Budget,LLP,Support,REV-SUP,Kelby Foods,150431
202505,Budget,LLP,Support,DC-STAFF,Kelby Foods,-76119
202505,Budget,LLP,Support,DC-SUBS,Kelby Foods,-22015
202505,Budget,LLP,Support,DC-EXP,Kelby Foods,-5712
202505,Budget,LLP,Support,REV-SUP,Ashfield Care,110316
202505,Budget,LLP,Support,DC-STAFF,Ashfield Care,-55820
202505,Budget,LLP,Support,DC-SUBS,Ashfield Care,-16145
202505,Budget,LLP,Support,DC-EXP,Ashfield Care,-4188
202505,Budget,LLP,Support,REV-SUP,Nyle Distribution,100287
202505,Budget,LLP,Support,DC-STAFF,Nyle Distribution,-50746
202505,Budget,LLP,Support,DC-SUBS,Nyle Distribution,-14677
202505,Budget,LLP,Support,DC-EXP,Nyle Distribution,-3808
202505,Budget,LLP,Support,REV-SUP,Castleton Retail,91261
202505,Budget,LLP,Support,DC-STAFF,Castleton Retail,-46179
202505,Budget,LLP,Support,DC-SUBS,Castleton Retail,-13356
202505,Budget,LLP,Support,DC-EXP,Castleton Retail,-3465
202505,Budget,LLP,Central,OH-ADMIN,,-252896
202505,Budget,MSL,Central,OH-ADMIN,,-151737
202505,Budget,PRJ,Central,OH-ADMIN,,-101158
202505,Budget,LLP,Central,OH-PREM,,-85109
202505,Budget,MSL,Central,OH-PREM,,-51066
202505,Budget,PRJ,Central,OH-PREM,,-34044
202505,Budget,LLP,Central,OH-TECH,,-72951
202505,Budget,MSL,Central,OH-TECH,,-43770
202505,Budget,PRJ,Central,OH-TECH,,-29180
202505,Budget,LLP,Central,OH-MKT,,-43770
202505,Budget,MSL,Central,OH-MKT,,-26262
202505,Budget,PRJ,Central,OH-MKT,,-17508
202505,Budget,LLP,Central,OH-PROF,,-21885
202505,Budget,MSL,Central,OH-PROF,,-13131
202505,Budget,PRJ,Central,OH-PROF,,-8754
202505,Budget,LLP,Central,OH-OTHER,,-48634
202505,Budget,MSL,Central,OH-OTHER,,-29180
202505,Budget,PRJ,Central,OH-OTHER,,-19454
202506,Actual,MSL,Managed Services,REV-MAN,Peverel Group,612316
202506,Actual,MSL,Managed Services,DC-STAFF,Peverel Group,-264706
202506,Actual,MSL,Managed Services,DC-SUBS,Peverel Group,-76559
202506,Actual,MSL,Managed Services,DC-EXP,Peverel Group,-19862
202506,Actual,MSL,Managed Services,REV-MAN,Castleton Retail,497507
202506,Actual,MSL,Managed Services,DC-STAFF,Castleton Retail,-215074
202506,Actual,MSL,Managed Services,DC-SUBS,Castleton Retail,-62204
202506,Actual,MSL,Managed Services,DC-EXP,Castleton Retail,-16138
202506,Actual,MSL,Managed Services,REV-MAN,Trentham Group,287023
202506,Actual,MSL,Managed Services,DC-STAFF,Trentham Group,-124081
202506,Actual,MSL,Managed Services,DC-SUBS,Trentham Group,-35887
202506,Actual,MSL,Managed Services,DC-EXP,Trentham Group,-9310
202506,Actual,MSL,Managed Services,REV-MAN,Nyle Distribution,172214
202506,Actual,MSL,Managed Services,DC-STAFF,Nyle Distribution,-74449
202506,Actual,MSL,Managed Services,DC-SUBS,Nyle Distribution,-21532
202506,Actual,MSL,Managed Services,DC-EXP,Nyle Distribution,-5586
202506,Actual,MSL,Managed Services,REV-MAN,Ashfield Care,114809
202506,Actual,MSL,Managed Services,DC-STAFF,Ashfield Care,-49632
202506,Actual,MSL,Managed Services,DC-SUBS,Ashfield Care,-14355
202506,Actual,MSL,Managed Services,DC-EXP,Ashfield Care,-3724
202506,Actual,LLP,Advisory,REV-ADV,Oakline Foods,397049
202506,Actual,LLP,Advisory,DC-STAFF,Oakline Foods,-168703
202506,Actual,LLP,Advisory,DC-SUBS,Oakline Foods,-48793
202506,Actual,LLP,Advisory,DC-EXP,Oakline Foods,-12658
202506,Actual,LLP,Advisory,REV-ADV,Bramwell Media,344428
202506,Actual,LLP,Advisory,DC-STAFF,Bramwell Media,-146344
202506,Actual,LLP,Advisory,DC-SUBS,Bramwell Media,-42326
202506,Actual,LLP,Advisory,DC-EXP,Bramwell Media,-10981
202506,Actual,LLP,Advisory,REV-ADV,Marrow Klein,224835
202506,Actual,LLP,Advisory,DC-STAFF,Marrow Klein,-95530
202506,Actual,LLP,Advisory,DC-SUBS,Marrow Klein,-27630
202506,Actual,LLP,Advisory,DC-EXP,Marrow Klein,-7168
202506,Actual,LLP,Advisory,REV-ADV,Vantis Retail,162646
202506,Actual,LLP,Advisory,DC-STAFF,Vantis Retail,-69107
202506,Actual,LLP,Advisory,DC-SUBS,Vantis Retail,-19987
202506,Actual,LLP,Advisory,DC-EXP,Vantis Retail,-5185
202506,Actual,PRJ,Projects,REV-PRJ,Harding & Co,449670
202506,Actual,PRJ,Projects,DC-STAFF,Harding & Co,-225170
202506,Actual,PRJ,Projects,DC-SUBS,Harding & Co,-65124
202506,Actual,PRJ,Projects,DC-EXP,Harding & Co,-16895
202506,Actual,PRJ,Projects,REV-PRJ,Delphi Works,229619
202506,Actual,PRJ,Projects,DC-STAFF,Delphi Works,-114981
202506,Actual,PRJ,Projects,DC-SUBS,Delphi Works,-33255
202506,Actual,PRJ,Projects,DC-EXP,Delphi Works,-8627
202506,Actual,PRJ,Projects,REV-PRJ,Corven Group,172214
202506,Actual,PRJ,Projects,DC-STAFF,Corven Group,-86235
202506,Actual,PRJ,Projects,DC-SUBS,Corven Group,-24941
202506,Actual,PRJ,Projects,DC-EXP,Corven Group,-6471
202506,Actual,LLP,Support,REV-SUP,Kelby Foods,143512
202506,Actual,LLP,Support,DC-STAFF,Kelby Foods,-73706
202506,Actual,LLP,Support,DC-SUBS,Kelby Foods,-21317
202506,Actual,LLP,Support,DC-EXP,Kelby Foods,-5530
202506,Actual,LLP,Support,REV-SUP,ASHFIELD CARE,105242
202506,Actual,LLP,Support,DC-STAFF,Ashfield Care,-54051
202506,Actual,LLP,Support,DC-SUBS,Ashfield Care,-15633
202506,Actual,LLP,Support,DC-EXP,Ashfield Care,-4056
202506,Actual,LLP,Support,REV-SUP,Nyle Distribution,95674
202506,Actual,LLP,Support,DC-STAFF,Nyle Distribution,-49137
202506,Actual,LLP,Support,DC-SUBS,Nyle Distribution,-14212
202506,Actual,LLP,Support,DC-EXP,Nyle Distribution,-3687
202506,Actual,LLP,Support,REV-SUP,Castleton Retail,87064
202506,Actual,LLP,Support,DC-STAFF,Castleton Retail,-44715
202506,Actual,LLP,Support,DC-SUBS,Castleton Retail,-12933
202506,Actual,LLP,Support,DC-EXP,Castleton Retail,-3355
202506,Actual,LLP,Central,OH-ADMIN,,-267888
202506,Actual,MSL,Central,OH-ADMIN,,-160733
202506,Actual,PRJ,Central,OH-ADMIN,,-107155
202506,Actual,LLP,Central,OH-PREM,,-86107
202506,Actual,MSL,Central,OH-PREM,,-51664
202506,Actual,PRJ,Central,OH-PREM,,-34443
202506,Actual,LLP,Central,OH-TECH,,-69364
202506,Actual,MSL,Central,OH-TECH,,-41618
202506,Actual,PRJ,Central,OH-TECH,,-27746
202506,Actual,LLP,Central,OH-MKT,,-28702
202506,Actual,MSL,Central,OH-MKT,,-17221
202506,Actual,PRJ,Central,OH-MKT,,-11481
202506,Actual,LLP,Central,OH-PROF,,-14351
202506,Actual,MSL,Central,OH-PROF,,-8611
202506,Actual,PRJ,Central,OH-PROF,,-5740
202506,Actual,LLP,Central,OH-DEP,,-11959
202506,Actual,MSL,Central,OH-DEP,,-7176
202506,Actual,PRJ,Central,OH-DEP,,-4784
202506,Actual,LLP,Central,OH-OTHER,,-11003
202506,Actual,MSL,Central,OH-OTHER,,-6602
202506,Actual,PRJ,Central,OH-OTHER,,-4401
202506,Budget,MSL,Managed Services,REV-MAN,Peverel Group,671486
202506,Budget,MSL,Managed Services,DC-STAFF,Peverel Group,-285476
202506,Budget,MSL,Managed Services,DC-SUBS,Peverel Group,-82566
202506,Budget,MSL,Managed Services,DC-EXP,Peverel Group,-21420
202506,Budget,MSL,Managed Services,REV-MAN,Castleton Retail,545582
202506,Budget,MSL,Managed Services,DC-STAFF,Castleton Retail,-231949
202506,Budget,MSL,Managed Services,DC-SUBS,Castleton Retail,-67085
202506,Budget,MSL,Managed Services,DC-EXP,Castleton Retail,-17404
202506,Budget,MSL,Managed Services,REV-MAN,Trentham Group,314759
202506,Budget,MSL,Managed Services,DC-STAFF,Trentham Group,-133817
202506,Budget,MSL,Managed Services,DC-SUBS,Trentham Group,-38703
202506,Budget,MSL,Managed Services,DC-EXP,Trentham Group,-10041
202506,Budget,MSL,Managed Services,REV-MAN,Nyle Distribution,188855
202506,Budget,MSL,Managed Services,DC-STAFF,Nyle Distribution,-80290
202506,Budget,MSL,Managed Services,DC-SUBS,Nyle Distribution,-23222
202506,Budget,MSL,Managed Services,DC-EXP,Nyle Distribution,-6024
202506,Budget,MSL,Managed Services,REV-MAN,Ashfield Care,125904
202506,Budget,MSL,Managed Services,DC-STAFF,Ashfield Care,-53527
202506,Budget,MSL,Managed Services,DC-SUBS,Ashfield Care,-15481
202506,Budget,MSL,Managed Services,DC-EXP,Ashfield Care,-4016
202506,Budget,LLP,Advisory,REV-ADV,Oakline Foods,435805
202506,Budget,LLP,Advisory,DC-STAFF,Oakline Foods,-182146
202506,Budget,LLP,Advisory,DC-SUBS,Oakline Foods,-52681
202506,Budget,LLP,Advisory,DC-EXP,Oakline Foods,-13667
202506,Budget,LLP,Advisory,REV-ADV,Bramwell Media,378048
202506,Budget,LLP,Advisory,DC-STAFF,Bramwell Media,-158006
202506,Budget,LLP,Advisory,DC-SUBS,Bramwell Media,-45699
202506,Budget,LLP,Advisory,DC-EXP,Bramwell Media,-11856
202506,Budget,LLP,Advisory,REV-ADV,Marrow Klein,246781
202506,Budget,LLP,Advisory,DC-STAFF,Marrow Klein,-103143
202506,Budget,LLP,Advisory,DC-SUBS,Marrow Klein,-29831
202506,Budget,LLP,Advisory,DC-EXP,Marrow Klein,-7739
202506,Budget,LLP,Advisory,REV-ADV,Vantis Retail,178523
202506,Budget,LLP,Advisory,DC-STAFF,Vantis Retail,-74614
202506,Budget,LLP,Advisory,DC-SUBS,Vantis Retail,-21580
202506,Budget,LLP,Advisory,DC-EXP,Vantis Retail,-5599
202506,Budget,PRJ,Projects,REV-PRJ,Harding & Co,441390
202506,Budget,PRJ,Projects,DC-STAFF,Harding & Co,-206914
202506,Budget,PRJ,Projects,DC-SUBS,Harding & Co,-59844
202506,Budget,PRJ,Projects,DC-EXP,Harding & Co,-15526
202506,Budget,PRJ,Projects,REV-PRJ,Delphi Works,225391
202506,Budget,PRJ,Projects,DC-STAFF,Delphi Works,-105658
202506,Budget,PRJ,Projects,DC-SUBS,Delphi Works,-30559
202506,Budget,PRJ,Projects,DC-EXP,Delphi Works,-7928
202506,Budget,PRJ,Projects,REV-PRJ,Corven Group,169043
202506,Budget,PRJ,Projects,DC-STAFF,Corven Group,-79244
202506,Budget,PRJ,Projects,DC-SUBS,Corven Group,-22919
202506,Budget,PRJ,Projects,DC-EXP,Corven Group,-5946
202506,Budget,LLP,Support,REV-SUP,Kelby Foods,150309
202506,Budget,LLP,Support,DC-STAFF,Kelby Foods,-76057
202506,Budget,LLP,Support,DC-SUBS,Kelby Foods,-21997
202506,Budget,LLP,Support,DC-EXP,Kelby Foods,-5707
202506,Budget,LLP,Support,REV-SUP,Ashfield Care,110226
202506,Budget,LLP,Support,DC-STAFF,Ashfield Care,-55775
202506,Budget,LLP,Support,DC-SUBS,Ashfield Care,-16131
202506,Budget,LLP,Support,DC-EXP,Ashfield Care,-4185
202506,Budget,LLP,Support,REV-SUP,Nyle Distribution,100206
202506,Budget,LLP,Support,DC-STAFF,Nyle Distribution,-50705
202506,Budget,LLP,Support,DC-SUBS,Nyle Distribution,-14665
202506,Budget,LLP,Support,DC-EXP,Nyle Distribution,-3805
202506,Budget,LLP,Support,REV-SUP,Castleton Retail,91187
202506,Budget,LLP,Support,DC-STAFF,Castleton Retail,-46141
202506,Budget,LLP,Support,DC-SUBS,Castleton Retail,-13345
202506,Budget,LLP,Support,DC-EXP,Castleton Retail,-3462
202506,Budget,LLP,Central,OH-ADMIN,,-252691
202506,Budget,MSL,Central,OH-ADMIN,,-151614
202506,Budget,PRJ,Central,OH-ADMIN,,-101076
202506,Budget,LLP,Central,OH-PREM,,-85040
202506,Budget,MSL,Central,OH-PREM,,-51024
202506,Budget,PRJ,Central,OH-PREM,,-34016
202506,Budget,LLP,Central,OH-TECH,,-72892
202506,Budget,MSL,Central,OH-TECH,,-43735
202506,Budget,PRJ,Central,OH-TECH,,-29157
202506,Budget,LLP,Central,OH-MKT,,-43735
202506,Budget,MSL,Central,OH-MKT,,-26241
202506,Budget,PRJ,Central,OH-MKT,,-17494
202506,Budget,LLP,Central,OH-PROF,,-21867
202506,Budget,MSL,Central,OH-PROF,,-13120
202506,Budget,PRJ,Central,OH-PROF,,-8747
202506,Budget,LLP,Central,OH-OTHER,,-48594
202506,Budget,MSL,Central,OH-OTHER,,-29157
202506,Budget,PRJ,Central,OH-OTHER,,-19438
202507,Actual,MSL,Managed Services,REV-MAN,Peverel Group,632595
202507,Actual,MSL,Managed Services,DC-STAFF,Peverel Group,-273473
202507,Actual,MSL,Managed Services,DC-SUBS,Peverel Group,-79094
202507,Actual,MSL,Managed Services,DC-EXP,Peverel Group,-20520
202507,Actual,MSL,Managed Services,REV-MAN,Castleton Retail,513983
202507,Actual,MSL,Managed Services,DC-STAFF,Castleton Retail,-222197
202507,Actual,MSL,Managed Services,DC-SUBS,Castleton Retail,-64264
202507,Actual,MSL,Managed Services,DC-EXP,Castleton Retail,-16672
202507,Actual,MSL,Managed Services,REV-MAN,Trentham Group,296529
202507,Actual,MSL,Managed Services,DC-STAFF,Trentham Group,-128190
202507,Actual,MSL,Managed Services,DC-SUBS,Trentham Group,-37076
202507,Actual,MSL,Managed Services,DC-EXP,Trentham Group,-9619
202507,Actual,MSL,Managed Services,REV-MAN,Nyle Distribution,177917
202507,Actual,MSL,Managed Services,DC-STAFF,Nyle Distribution,-76914
202507,Actual,MSL,Managed Services,DC-SUBS,Nyle Distribution,-22245
202507,Actual,MSL,Managed Services,DC-EXP,Nyle Distribution,-5771
202507,Actual,MSL,Managed Services,REV-MAN,Ashfield Care,118611
202507,Actual,MSL,Managed Services,DC-STAFF,Ashfield Care,-51276
202507,Actual,MSL,Managed Services,DC-SUBS,Ashfield Care,-14830
202507,Actual,MSL,Managed Services,DC-EXP,Ashfield Care,-3847
202507,Actual,LLP,Advisory,REV-ADV,Oakline Foods,410198
202507,Actual,LLP,Advisory,DC-STAFF,Oakline Foods,-174290
202507,Actual,LLP,Advisory,DC-SUBS,Oakline Foods,-50408
202507,Actual,LLP,Advisory,DC-EXP,Oakline Foods,-13078
202507,Actual,LLP,Advisory,REV-ADV,Bramwell Media,355834
202507,Actual,LLP,Advisory,DC-STAFF,Bramwell Media,-151191
202507,Actual,LLP,Advisory,DC-SUBS,Bramwell Media,-43728
202507,Actual,LLP,Advisory,DC-EXP,Bramwell Media,-11344
202507,Actual,LLP,Advisory,REV-ADV,Marrow Klein,232281
202507,Actual,LLP,Advisory,DC-STAFF,Marrow Klein,-98694
202507,Actual,LLP,Advisory,DC-SUBS,Marrow Klein,-28545
202507,Actual,LLP,Advisory,DC-EXP,Marrow Klein,-7405
202507,Actual,LLP,Advisory,REV-ADV,Vantis Retail,168033
202507,Actual,LLP,Advisory,DC-STAFF,Vantis Retail,-71396
202507,Actual,LLP,Advisory,DC-SUBS,Vantis Retail,-20649
202507,Actual,LLP,Advisory,DC-EXP,Vantis Retail,-5357
202507,Actual,PRJ,Projects,REV-PRJ,Harding & Co,464562
202507,Actual,PRJ,Projects,DC-STAFF,Harding & Co,-232627
202507,Actual,PRJ,Projects,DC-SUBS,Harding & Co,-67281
202507,Actual,PRJ,Projects,DC-EXP,Harding & Co,-17455
202507,Actual,PRJ,Projects,REV-PRJ,Delphi Works,237223
202507,Actual,PRJ,Projects,DC-STAFF,Delphi Works,-118788
202507,Actual,PRJ,Projects,DC-SUBS,Delphi Works,-34356
202507,Actual,PRJ,Projects,DC-EXP,Delphi Works,-8913
202507,Actual,PRJ,Projects,REV-PRJ,Corven Group,177917
202507,Actual,PRJ,Projects,DC-STAFF,Corven Group,-89091
202507,Actual,PRJ,Projects,DC-SUBS,Corven Group,-25767
202507,Actual,PRJ,Projects,DC-EXP,Corven Group,-6685
202507,Actual,LLP,Support,REV-SUP,Kelby Foods,148264
202507,Actual,LLP,Support,DC-STAFF,Kelby Foods,-76147
202507,Actual,LLP,Support,DC-SUBS,Kelby Foods,-22023
202507,Actual,LLP,Support,DC-EXP,Kelby Foods,-5714
202507,Actual,LLP,Support,REV-SUP,Ashfield Care,108727
202507,Actual,LLP,Support,DC-STAFF,Ashfield Care,-55841
202507,Actual,LLP,Support,DC-SUBS,Ashfield Care,-16150
202507,Actual,LLP,Support,DC-EXP,Ashfield Care,-4190
202507,Actual,LLP,Support,REV-SUP,Nyle Distribution,98843
202507,Actual,LLP,Support,DC-STAFF,Nyle Distribution,-50764
202507,Actual,LLP,Support,DC-SUBS,Nyle Distribution,-14682
202507,Actual,LLP,Support,DC-EXP,Nyle Distribution,-3809
202507,Actual,LLP,Support,REV-SUP,Castleton Retail,89947
202507,Actual,LLP,Support,DC-STAFF,Castleton Retail,-46196
202507,Actual,LLP,Support,DC-SUBS,Castleton Retail,-13361
202507,Actual,LLP,Support,DC-EXP,Castleton Retail,-3466
202507,Actual,LLP,Central,OH-ADMIN,,-276760
202507,Actual,MSL,Central,OH-ADMIN,,-166056
202507,Actual,PRJ,Central,OH-ADMIN,,-110704
202507,Actual,LLP,Central,OH-PREM,,-88959
202507,Actual,MSL,Central,OH-PREM,,-53375
202507,Actual,PRJ,Central,OH-PREM,,-35583
202507,Actual,LLP,Central,OH-TECH,,-71661
202507,Actual,MSL,Central,OH-TECH,,-42997
202507,Actual,PRJ,Central,OH-TECH,,-28664
202507,Actual,LLP,Central,OH-MKT,,-29653
202507,Actual,MSL,Central,OH-MKT,,-17792
202507,Actual,PRJ,Central,OH-MKT,,-11861
202507,Actual,LLP,Central,OH-PROF,,-14826
202507,Actual,MSL,Central,OH-PROF,,-8896
202507,Actual,PRJ,Central,OH-PROF,,-5931
202507,Actual,LLP,Central,OH-DEP,,-12355
202507,Actual,MSL,Central,OH-DEP,,-7413
202507,Actual,PRJ,Central,OH-DEP,,-4942
202507,Actual,LLP,Central,OH-OTHER,,-11367
202507,Actual,MSL,Central,OH-OTHER,,-6820
202507,Actual,PRJ,Central,OH-OTHER,,-4547
202507,Budget,MSL,Managed Services,REV-MAN,Peverel Group,669726
202507,Budget,MSL,Managed Services,DC-STAFF,Peverel Group,-284727
202507,Budget,MSL,Managed Services,DC-SUBS,Peverel Group,-82350
202507,Budget,MSL,Managed Services,DC-EXP,Peverel Group,-21364
202507,Budget,MSL,Managed Services,REV-MAN,Castleton Retail,544153
202507,Budget,MSL,Managed Services,DC-STAFF,Castleton Retail,-231341
202507,Budget,MSL,Managed Services,DC-SUBS,Castleton Retail,-66909
202507,Budget,MSL,Managed Services,DC-EXP,Castleton Retail,-17358
202507,Budget,MSL,Managed Services,REV-MAN,Trentham Group,313934
202507,Budget,MSL,Managed Services,DC-STAFF,Trentham Group,-133466
202507,Budget,MSL,Managed Services,DC-SUBS,Trentham Group,-38601
202507,Budget,MSL,Managed Services,DC-EXP,Trentham Group,-10014
202507,Budget,MSL,Managed Services,REV-MAN,Nyle Distribution,188360
202507,Budget,MSL,Managed Services,DC-STAFF,Nyle Distribution,-80080
202507,Budget,MSL,Managed Services,DC-SUBS,Nyle Distribution,-23161
202507,Budget,MSL,Managed Services,DC-EXP,Nyle Distribution,-6009
202507,Budget,MSL,Managed Services,REV-MAN,Ashfield Care,125574
202507,Budget,MSL,Managed Services,DC-STAFF,Ashfield Care,-53386
202507,Budget,MSL,Managed Services,DC-SUBS,Ashfield Care,-15441
202507,Budget,MSL,Managed Services,DC-EXP,Ashfield Care,-4006
202507,Budget,LLP,Advisory,REV-ADV,Oakline Foods,434663
202507,Budget,LLP,Advisory,DC-STAFF,Oakline Foods,-181669
202507,Budget,LLP,Advisory,DC-SUBS,Oakline Foods,-52543
202507,Budget,LLP,Advisory,DC-EXP,Oakline Foods,-13631
202507,Budget,LLP,Advisory,REV-ADV,Bramwell Media,377057
202507,Budget,LLP,Advisory,DC-STAFF,Bramwell Media,-157592
202507,Budget,LLP,Advisory,DC-SUBS,Bramwell Media,-45579
202507,Budget,LLP,Advisory,DC-EXP,Bramwell Media,-11825
202507,Budget,LLP,Advisory,REV-ADV,Marrow Klein,246134
202507,Budget,LLP,Advisory,DC-STAFF,Marrow Klein,-102873
202507,Budget,LLP,Advisory,DC-SUBS,Marrow Klein,-29753
202507,Budget,LLP,Advisory,DC-EXP,Marrow Klein,-7719
202507,Budget,LLP,Advisory,REV-ADV,Vantis Retail,178055
202507,Budget,LLP,Advisory,DC-STAFF,Vantis Retail,-74419
202507,Budget,LLP,Advisory,DC-SUBS,Vantis Retail,-21524
202507,Budget,LLP,Advisory,DC-EXP,Vantis Retail,-5584
202507,Budget,PRJ,Projects,REV-PRJ,Harding & Co,440233
202507,Budget,PRJ,Projects,DC-STAFF,Harding & Co,-206372
202507,Budget,PRJ,Projects,DC-SUBS,Harding & Co,-59687
202507,Budget,PRJ,Projects,DC-EXP,Harding & Co,-15485
202507,Budget,PRJ,Projects,REV-PRJ,Delphi Works,224800
202507,Budget,PRJ,Projects,DC-STAFF,Delphi Works,-105381
202507,Budget,PRJ,Projects,DC-SUBS,Delphi Works,-30479
202507,Budget,PRJ,Projects,DC-EXP,Delphi Works,-7907
202507,Budget,PRJ,Projects,REV-PRJ,Corven Group,168600
202507,Budget,PRJ,Projects,DC-STAFF,Corven Group,-79036
202507,Budget,PRJ,Projects,DC-SUBS,Corven Group,-22859
202507,Budget,PRJ,Projects,DC-EXP,Corven Group,-5930
202507,Budget,LLP,Support,REV-SUP,Kelby Foods,149915
202507,Budget,LLP,Support,DC-STAFF,Kelby Foods,-75858
202507,Budget,LLP,Support,DC-SUBS,Kelby Foods,-21940
202507,Budget,LLP,Support,DC-EXP,Kelby Foods,-5692
202507,Budget,LLP,Support,REV-SUP,Ashfield Care,109937
202507,Budget,LLP,Support,DC-STAFF,Ashfield Care,-55629
202507,Budget,LLP,Support,DC-SUBS,Ashfield Care,-16089
202507,Budget,LLP,Support,DC-EXP,Ashfield Care,-4174
202507,Budget,LLP,Support,REV-SUP,Nyle Distribution,99943
202507,Budget,LLP,Support,DC-STAFF,Nyle Distribution,-50572
202507,Budget,LLP,Support,DC-SUBS,Nyle Distribution,-14627
202507,Budget,LLP,Support,DC-EXP,Nyle Distribution,-3795
202507,Budget,LLP,Support,REV-SUP,Castleton Retail,90948
202507,Budget,LLP,Support,DC-STAFF,Castleton Retail,-46020
202507,Budget,LLP,Support,DC-SUBS,Castleton Retail,-13310
202507,Budget,LLP,Support,DC-EXP,Castleton Retail,-3453
202507,Budget,LLP,Central,OH-ADMIN,,-252029
202507,Budget,MSL,Central,OH-ADMIN,,-151217
202507,Budget,PRJ,Central,OH-ADMIN,,-100811
202507,Budget,LLP,Central,OH-PREM,,-84817
202507,Budget,MSL,Central,OH-PREM,,-50890
202507,Budget,PRJ,Central,OH-PREM,,-33927
202507,Budget,LLP,Central,OH-TECH,,-72701
202507,Budget,MSL,Central,OH-TECH,,-43620
202507,Budget,PRJ,Central,OH-TECH,,-29080
202507,Budget,LLP,Central,OH-MKT,,-43620
202507,Budget,MSL,Central,OH-MKT,,-26172
202507,Budget,PRJ,Central,OH-MKT,,-17448
202507,Budget,LLP,Central,OH-PROF,,-21810
202507,Budget,MSL,Central,OH-PROF,,-13086
202507,Budget,PRJ,Central,OH-PROF,,-8724
202507,Budget,LLP,Central,OH-OTHER,,-48467
202507,Budget,MSL,Central,OH-OTHER,,-29080
202507,Budget,PRJ,Central,OH-OTHER,,-19387
202508,Actual,MSL,Managed Services,REV-MAN,Peverel Group,614387
202508,Actual,MSL,Managed Services,DC-STAFF,Peverel Group,-265602
202508,Actual,MSL,Managed Services,DC-SUBS,Peverel Group,-76818
202508,Actual,MSL,Managed Services,DC-EXP,Peverel Group,-19929
202508,Actual,MSL,Managed Services,REV-MAN,Castleton Retail,499190
202508,Actual,MSL,Managed Services,DC-STAFF,Castleton Retail,-215801
202508,Actual,MSL,Managed Services,DC-SUBS,Castleton Retail,-62415
202508,Actual,MSL,Managed Services,DC-EXP,Castleton Retail,-16192
202508,Actual,MSL,Managed Services,REV-MAN,Trentham Group,287994
202508,Actual,MSL,Managed Services,DC-STAFF,Trentham Group,-124501
202508,Actual,MSL,Managed Services,DC-SUBS,Trentham Group,-36008
202508,Actual,MSL,Managed Services,DC-EXP,Trentham Group,-9342
202508,Actual,MSL,Managed Services,REV-MAN,Nyle Distribution,172796
202508,Actual,MSL,Managed Services,DC-STAFF,Nyle Distribution,-74701
202508,Actual,MSL,Managed Services,DC-SUBS,Nyle Distribution,-21605
202508,Actual,MSL,Managed Services,DC-EXP,Nyle Distribution,-5605
202508,Actual,MSL,Managed Services,REV-MAN,Ashfield Care,115198
202508,Actual,MSL,Managed Services,DC-STAFF,Ashfield Care,-49800
202508,Actual,MSL,Managed Services,DC-SUBS,Ashfield Care,-14403
202508,Actual,MSL,Managed Services,DC-EXP,Ashfield Care,-3737
202508,Actual,LLP,Advisory,REV-ADV,Oakline Foods,398392
202508,Actual,LLP,Advisory,DC-STAFF,Oakline Foods,-169273
202508,Actual,LLP,Advisory,DC-SUBS,Oakline Foods,-48958
202508,Actual,LLP,Advisory,DC-EXP,Oakline Foods,-12701
202508,Actual,LLP,Advisory,REV-ADV,Bramwell Media,345593
202508,Actual,LLP,Advisory,DC-STAFF,Bramwell Media,-146840
202508,Actual,LLP,Advisory,DC-SUBS,Bramwell Media,-42469
202508,Actual,LLP,Advisory,DC-EXP,Bramwell Media,-11018
202508,Actual,LLP,Advisory,REV-ADV,Marrow Klein,225595
202508,Actual,LLP,Advisory,DC-STAFF,Marrow Klein,-95854
202508,Actual,LLP,Advisory,DC-SUBS,Marrow Klein,-27723
202508,Actual,LLP,Advisory,DC-EXP,Marrow Klein,-7192
202508,Actual,LLP,Advisory,REV-ADV,Vantis Retail,163197
202508,Actual,LLP,Advisory,DC-STAFF,Vantis Retail,-69341
202508,Actual,LLP,Advisory,DC-SUBS,Vantis Retail,-20055
202508,Actual,LLP,Advisory,DC-EXP,Vantis Retail,-5203
202508,Actual,PRJ,Projects,REV-PRJ,Harding  & Co,451191
202508,Actual,PRJ,Projects,DC-STAFF,Harding & Co,-225932
202508,Actual,PRJ,Projects,DC-SUBS,Harding & Co,-65345
202508,Actual,PRJ,Projects,DC-EXP,Harding & Co,-16953
202508,Actual,PRJ,Projects,REV-PRJ,Delphi Works,230395
202508,Actual,PRJ,Projects,DC-STAFF,Delphi Works,-115370
202508,Actual,PRJ,Projects,DC-SUBS,Delphi Works,-33367
202508,Actual,PRJ,Projects,DC-EXP,Delphi Works,-8657
202508,Actual,PRJ,Projects,REV-PRJ,Corven Group,172796
202508,Actual,PRJ,Projects,DC-STAFF,Corven Group,-86527
202508,Actual,PRJ,Projects,DC-SUBS,Corven Group,-25026
202508,Actual,PRJ,Projects,DC-EXP,Corven Group,-6492
202508,Actual,LLP,Support,REV-SUP,Kelby Foods,143997
202508,Actual,LLP,Support,DC-STAFF,Kelby Foods,-73955
202508,Actual,LLP,Support,DC-SUBS,Kelby Foods,-21389
202508,Actual,LLP,Support,DC-EXP,Kelby Foods,-5549
202508,Actual,LLP,Support,REV-SUP,Ashfield Care,105598
202508,Actual,LLP,Support,DC-STAFF,Ashfield Care,-54234
202508,Actual,LLP,Support,DC-SUBS,Ashfield Care,-15686
202508,Actual,LLP,Support,DC-EXP,Ashfield Care,-4069
202508,Actual,LLP,Support,REV-SUP,Nyle Distribution,95998
202508,Actual,LLP,Support,DC-STAFF,Nyle Distribution,-49303
202508,Actual,LLP,Support,DC-SUBS,Nyle Distribution,-14260
202508,Actual,LLP,Support,DC-EXP,Nyle Distribution,-3699
202508,Actual,LLP,Support,REV-SUP,Castleton Retail,87358
202508,Actual,LLP,Support,DC-STAFF,Castleton Retail,-44866
202508,Actual,LLP,Support,DC-SUBS,Castleton Retail,-12976
202508,Actual,LLP,Support,DC-EXP,Castleton Retail,-3366
202508,Actual,LLP,Central,OH-ADMIN,,-268795
202508,Actual,MSL,Central,OH-ADMIN,,-161277
202508,Actual,PRJ,Central,OH-ADMIN,,-107518
202508,Actual,LLP,Central,OH-PREM,,-86398
202508,Actual,MSL,Central,OH-PREM,,-51839
202508,Actual,PRJ,Central,OH-PREM,,-34559
202508,Actual,LLP,Central,OH-TECH,,-69599
202508,Actual,MSL,Central,OH-TECH,,-41759
202508,Actual,PRJ,Central,OH-TECH,,-27839
202508,Actual,LLP,Central,OH-MKT,,-28799
202508,Actual,MSL,Central,OH-MKT,,-17280
202508,Actual,PRJ,Central,OH-MKT,,-11520
202508,Actual,LLP,Central,OH-PROF,,-14400
202508,Actual,MSL,Central,OH-PROF,,-8640
202508,Actual,PRJ,Central,OH-PROF,,-5760
202508,Actual,LLP,Central,OH-DEP,,-12000
202508,Actual,MSL,Central,OH-DEP,,-7200
202508,Actual,PRJ,Central,OH-DEP,,-4800
202508,Actual,LLP,Central,OH-OTHER,,-11040
202508,Actual,MSL,Central,OH-OTHER,,-6624
202508,Actual,PRJ,Central,OH-OTHER,,-4416
202508,Budget,MSL,Managed Services,REV-MAN,Peverel Group,667680
202508,Budget,MSL,Managed Services,DC-STAFF,Peverel Group,-283857
202508,Budget,MSL,Managed Services,DC-SUBS,Peverel Group,-82098
202508,Budget,MSL,Managed Services,DC-EXP,Peverel Group,-21299
202508,Budget,MSL,Managed Services,REV-MAN,Castleton Retail,542490
202508,Budget,MSL,Managed Services,DC-STAFF,Castleton Retail,-230634
202508,Budget,MSL,Managed Services,DC-SUBS,Castleton Retail,-66705
202508,Budget,MSL,Managed Services,DC-EXP,Castleton Retail,-17305
202508,Budget,MSL,Managed Services,REV-MAN,Trentham Group,312975
202508,Budget,MSL,Managed Services,DC-STAFF,Trentham Group,-133058
202508,Budget,MSL,Managed Services,DC-SUBS,Trentham Group,-38483
202508,Budget,MSL,Managed Services,DC-EXP,Trentham Group,-9984
202508,Budget,MSL,Managed Services,REV-MAN,Nyle Distribution,187785
202508,Budget,MSL,Managed Services,DC-STAFF,Nyle Distribution,-79835
202508,Budget,MSL,Managed Services,DC-SUBS,Nyle Distribution,-23090
202508,Budget,MSL,Managed Services,DC-EXP,Nyle Distribution,-5990
202508,Budget,MSL,Managed Services,REV-MAN,Ashfield Care,125190
202508,Budget,MSL,Managed Services,DC-STAFF,Ashfield Care,-53223
202508,Budget,MSL,Managed Services,DC-SUBS,Ashfield Care,-15393
202508,Budget,MSL,Managed Services,DC-EXP,Ashfield Care,-3994
202508,Budget,LLP,Advisory,REV-ADV,Oakline Foods,433335
202508,Budget,LLP,Advisory,DC-STAFF,Oakline Foods,-181114
202508,Budget,LLP,Advisory,DC-SUBS,Oakline Foods,-52382
202508,Budget,LLP,Advisory,DC-EXP,Oakline Foods,-13590
202508,Budget,LLP,Advisory,REV-ADV,Bramwell Media,375905
202508,Budget,LLP,Advisory,DC-STAFF,Bramwell Media,-157111
202508,Budget,LLP,Advisory,DC-SUBS,Bramwell Media,-45440
202508,Budget,LLP,Advisory,DC-EXP,Bramwell Media,-11789
202508,Budget,LLP,Advisory,REV-ADV,Marrow Klein,245382
202508,Budget,LLP,Advisory,DC-STAFF,Marrow Klein,-102558
202508,Budget,LLP,Advisory,DC-SUBS,Marrow Klein,-29662
202508,Budget,LLP,Advisory,DC-EXP,Marrow Klein,-7695
202508,Budget,LLP,Advisory,REV-ADV,Vantis Retail,177511
202508,Budget,LLP,Advisory,DC-STAFF,Vantis Retail,-74191
202508,Budget,LLP,Advisory,DC-SUBS,Vantis Retail,-21458
202508,Budget,LLP,Advisory,DC-EXP,Vantis Retail,-5567
202508,Budget,PRJ,Projects,REV-PRJ,Harding & Co,438888
202508,Budget,PRJ,Projects,DC-STAFF,Harding & Co,-205742
202508,Budget,PRJ,Projects,DC-SUBS,Harding & Co,-59505
202508,Budget,PRJ,Projects,DC-EXP,Harding & Co,-15438
202508,Budget,PRJ,Projects,REV-PRJ,Delphi Works,224113
202508,Budget,PRJ,Projects,DC-STAFF,Delphi Works,-105059
202508,Budget,PRJ,Projects,DC-SUBS,Delphi Works,-30386
202508,Budget,PRJ,Projects,DC-EXP,Delphi Works,-7883
202508,Budget,PRJ,Projects,REV-PRJ,Corven Group,168085
202508,Budget,PRJ,Projects,DC-STAFF,Corven Group,-78795
202508,Budget,PRJ,Projects,DC-SUBS,Corven Group,-22789
202508,Budget,PRJ,Projects,DC-EXP,Corven Group,-5912
202508,Budget,LLP,Support,REV-SUP,Kelby Foods,149457
202508,Budget,LLP,Support,DC-STAFF,Kelby Foods,-75626
202508,Budget,LLP,Support,DC-SUBS,Kelby Foods,-21873
202508,Budget,LLP,Support,DC-EXP,Kelby Foods,-5675
202508,Budget,LLP,Support,REV-SUP,Ashfield Care,109602
202508,Budget,LLP,Support,DC-STAFF,Ashfield Care,-55459
202508,Budget,LLP,Support,DC-SUBS,Ashfield Care,-16040
202508,Budget,LLP,Support,DC-EXP,Ashfield Care,-4161
202508,Budget,LLP,Support,REV-SUP,Nyle Distribution,99638
202508,Budget,LLP,Support,DC-STAFF,Nyle Distribution,-50417
202508,Budget,LLP,Support,DC-SUBS,Nyle Distribution,-14582
202508,Budget,LLP,Support,DC-EXP,Nyle Distribution,-3783
202508,Budget,LLP,Support,REV-SUP,Castleton Retail,90670
202508,Budget,LLP,Support,DC-STAFF,Castleton Retail,-45880
202508,Budget,LLP,Support,DC-SUBS,Castleton Retail,-13269
202508,Budget,LLP,Support,DC-EXP,Castleton Retail,-3443
202508,Budget,LLP,Central,OH-ADMIN,,-251258
202508,Budget,MSL,Central,OH-ADMIN,,-150755
202508,Budget,PRJ,Central,OH-ADMIN,,-100503
202508,Budget,LLP,Central,OH-PREM,,-84558
202508,Budget,MSL,Central,OH-PREM,,-50735
202508,Budget,PRJ,Central,OH-PREM,,-33823
202508,Budget,LLP,Central,OH-TECH,,-72478
202508,Budget,MSL,Central,OH-TECH,,-43487
202508,Budget,PRJ,Central,OH-TECH,,-28991
202508,Budget,LLP,Central,OH-MKT,,-43487
202508,Budget,MSL,Central,OH-MKT,,-26092
202508,Budget,PRJ,Central,OH-MKT,,-17395
202508,Budget,LLP,Central,OH-PROF,,-21744
202508,Budget,MSL,Central,OH-PROF,,-13046
202508,Budget,PRJ,Central,OH-PROF,,-8697
202508,Budget,LLP,Central,OH-OTHER,,-48319
202508,Budget,MSL,Central,OH-OTHER,,-28991
202508,Budget,PRJ,Central,OH-OTHER,,-19328
202509,Actual,MSL,Managed Services,REV-MAN,Peverel Group,615145
202509,Actual,MSL,Managed Services,DC-STAFF,Peverel Group,-265929
202509,Actual,MSL,Managed Services,DC-SUBS,Peverel Group,-76913
202509,Actual,MSL,Managed Services,DC-EXP,Peverel Group,-19954
202509,Actual,MSL,Managed Services,REV-MAN,Castleton Retail,499805
202509,Actual,MSL,Managed Services,DC-STAFF,Castleton Retail,-216068
202509,Actual,MSL,Managed Services,DC-SUBS,Castleton Retail,-62492
202509,Actual,MSL,Managed Services,DC-EXP,Castleton Retail,-16212
202509,Actual,MSL,Managed Services,REV-MAN,Trentham Group,288349
202509,Actual,MSL,Managed Services,DC-STAFF,Trentham Group,-124654
202509,Actual,MSL,Managed Services,DC-SUBS,Trentham Group,-36053
202509,Actual,MSL,Managed Services,DC-EXP,Trentham Group,-9353
202509,Actual,MSL,Managed Services,REV-MAN,Nyle Distribution,173010
202509,Actual,MSL,Managed Services,DC-STAFF,Nyle Distribution,-74793
202509,Actual,MSL,Managed Services,DC-SUBS,Nyle Distribution,-21632
202509,Actual,MSL,Managed Services,DC-EXP,Nyle Distribution,-5612
202509,Actual,MSL,Managed Services,REV-MAN,Ashfield Care,115340
202509,Actual,MSL,Managed Services,DC-STAFF,Ashfield Care,-49862
202509,Actual,MSL,Managed Services,DC-SUBS,Ashfield Care,-14421
202509,Actual,MSL,Managed Services,DC-EXP,Ashfield Care,-3741
202509,Actual,LLP,Advisory,REV-ADV,Oakline Foods,398883
202509,Actual,LLP,Advisory,DC-STAFF,Oakline Foods,-169482
202509,Actual,LLP,Advisory,DC-SUBS,Oakline Foods,-49018
202509,Actual,LLP,Advisory,DC-EXP,Oakline Foods,-12717
202509,Actual,LLP,Advisory,REV-ADV,Bramwell Media,346019
202509,Actual,LLP,Advisory,DC-STAFF,Bramwell Media,-147021
202509,Actual,LLP,Advisory,DC-SUBS,Bramwell Media,-42522
202509,Actual,LLP,Advisory,DC-EXP,Bramwell Media,-11032
202509,Actual,LLP,Advisory,REV-ADV,Marrow Klein,225874
202509,Actual,LLP,Advisory,DC-STAFF,Marrow Klein,-95972
202509,Actual,LLP,Advisory,DC-SUBS,Marrow Klein,-27757
202509,Actual,LLP,Advisory,DC-EXP,Marrow Klein,-7201
202509,Actual,LLP,Advisory,REV-ADV,Vantis Retail,163398
202509,Actual,LLP,Advisory,DC-STAFF,Vantis Retail,-69426
202509,Actual,LLP,Advisory,DC-SUBS,Vantis Retail,-20080
202509,Actual,LLP,Advisory,DC-EXP,Vantis Retail,-5209
202509,Actual,PRJ,Projects,REV-PRJ,Harding & Co,451747
202509,Actual,PRJ,Projects,DC-STAFF,Harding & Co,-226211
202509,Actual,PRJ,Projects,DC-SUBS,Harding & Co,-65425
202509,Actual,PRJ,Projects,DC-EXP,Harding & Co,-16974
202509,Actual,PRJ,Projects,REV-PRJ,Delphi Works,230679
202509,Actual,PRJ,Projects,DC-STAFF,Delphi Works,-115512
202509,Actual,PRJ,Projects,DC-SUBS,Delphi Works,-33409
202509,Actual,PRJ,Projects,DC-EXP,Delphi Works,-8667
202509,Actual,PRJ,Projects,REV-PRJ,Corven Group,173010
202509,Actual,PRJ,Projects,DC-STAFF,Corven Group,-86634
202509,Actual,PRJ,Projects,DC-SUBS,Corven Group,-25056
202509,Actual,PRJ,Projects,DC-EXP,Corven Group,-6500
202509,Actual,LLP,Support,REV-SUP,Kelby Foods,144175
202509,Actual,LLP,Support,DC-STAFF,Kelby Foods,-74046
202509,Actual,LLP,Support,DC-SUBS,Kelby Foods,-21416
202509,Actual,LLP,Support,DC-EXP,Kelby Foods,-5556
202509,Actual,LLP,Support,REV-SUP,Ashfield Care,105728
202509,Actual,LLP,Support,DC-STAFF,Ashfield Care,-54301
202509,Actual,LLP,Support,DC-SUBS,Ashfield Care,-15705
202509,Actual,LLP,Support,DC-EXP,Ashfield Care,-4074
202509,Actual,LLP,Support,REV-SUP,Nyle Distribution,96116
202509,Actual,LLP,Support,DC-STAFF,Nyle Distribution,-49364
202509,Actual,LLP,Support,DC-SUBS,Nyle Distribution,-14277
202509,Actual,LLP,Support,DC-EXP,Nyle Distribution,-3704
202509,Actual,LLP,Support,REV-SUP,Castleton Retail,87466
202509,Actual,LLP,Support,DC-STAFF,Castleton Retail,-44921
202509,Actual,LLP,Support,DC-SUBS,Castleton Retail,-12992
202509,Actual,LLP,Support,DC-EXP,Castleton Retail,-3371
202509,Actual,LLP,Central,OH-ADMIN,,-269126
202509,Actual,MSL,Central,OH-ADMIN,,-161476
202509,Actual,PRJ,Central,OH-ADMIN,,-107650
202509,Actual,LLP,Central,OH-PREM,,-86505
202509,Actual,MSL,Central,OH-PREM,,-51903
202509,Actual,PRJ,Central,OH-PREM,,-34602
202509,Actual,LLP,Central,OH-TECH,,-69684
202509,Actual,MSL,Central,OH-TECH,,-41811
202509,Actual,PRJ,Central,OH-TECH,,-27874
202509,Actual,LLP,Central,OH-MKT,,-28835
202509,Actual,MSL,Central,OH-MKT,,-17301
202509,Actual,PRJ,Central,OH-MKT,,-11534
202509,Actual,LLP,Central,OH-PROF,,-14417
202509,Actual,MSL,Central,OH-PROF,,-8650
202509,Actual,PRJ,Central,OH-PROF,,-5767
202509,Actual,LLP,Central,OH-DEP,,-12015
202509,Actual,MSL,Central,OH-DEP,,-7209
202509,Actual,PRJ,Central,OH-DEP,,-4806
202509,Actual,LLP,Central,OH-OTHER,,-11053
202509,Actual,MSL,Central,OH-OTHER,,-6632
202509,Actual,PRJ,Central,OH-OTHER,,-4421
202509,Budget,MSL,Managed Services,REV-MAN,Peverel Group,666346
202509,Budget,MSL,Managed Services,DC-STAFF,Peverel Group,-283290
202509,Budget,MSL,Managed Services,DC-SUBS,Peverel Group,-81934
202509,Budget,MSL,Managed Services,DC-EXP,Peverel Group,-21256
202509,Budget,MSL,Managed Services,REV-MAN,Castleton Retail,541406
202509,Budget,MSL,Managed Services,DC-STAFF,Castleton Retail,-230173
202509,Budget,MSL,Managed Services,DC-SUBS,Castleton Retail,-66571
202509,Budget,MSL,Managed Services,DC-EXP,Castleton Retail,-17271
202509,Budget,MSL,Managed Services,REV-MAN,Trentham Group,312350
202509,Budget,MSL,Managed Services,DC-STAFF,Trentham Group,-132792
202509,Budget,MSL,Managed Services,DC-SUBS,Trentham Group,-38407
202509,Budget,MSL,Managed Services,DC-EXP,Trentham Group,-9964
202509,Budget,MSL,Managed Services,REV-MAN,Nyle Distribution,187410
202509,Budget,MSL,Managed Services,DC-STAFF,Nyle Distribution,-79675
202509,Budget,MSL,Managed Services,DC-SUBS,Nyle Distribution,-23044
202509,Budget,MSL,Managed Services,DC-EXP,Nyle Distribution,-5978
202509,Budget,MSL,Managed Services,REV-MAN,Ashfield Care,124940
202509,Budget,MSL,Managed Services,DC-STAFF,Ashfield Care,-53117
202509,Budget,MSL,Managed Services,DC-SUBS,Ashfield Care,-15363
202509,Budget,MSL,Managed Services,DC-EXP,Ashfield Care,-3986
202509,Budget,LLP,Advisory,REV-ADV,Oakline Foods,432469
202509,Budget,LLP,Advisory,DC-STAFF,Oakline Foods,-180752
202509,Budget,LLP,Advisory,DC-SUBS,Oakline Foods,-52278
202509,Budget,LLP,Advisory,DC-EXP,Oakline Foods,-13563
202509,Budget,LLP,Advisory,REV-ADV,Bramwell Media,375154
202509,Budget,LLP,Advisory,DC-STAFF,Bramwell Media,-156797
202509,Budget,LLP,Advisory,DC-SUBS,Bramwell Media,-45349
202509,Budget,LLP,Advisory,DC-EXP,Bramwell Media,-11765
202509,Budget,LLP,Advisory,REV-ADV,Marrow Klein,244892
202509,Budget,LLP,Advisory,DC-STAFF,Marrow Klein,-102354
202509,Budget,LLP,Advisory,DC-SUBS,Marrow Klein,-29603
202509,Budget,LLP,Advisory,DC-EXP,Marrow Klein,-7680
202509,Budget,LLP,Advisory,REV-ADV,Vantis Retail,177156
202509,Budget,LLP,Advisory,DC-STAFF,Vantis Retail,-74043
202509,Budget,LLP,Advisory,DC-SUBS,Vantis Retail,-21415
202509,Budget,LLP,Advisory,DC-EXP,Vantis Retail,-5556
202509,Budget,PRJ,Projects,REV-PRJ,Harding & Co,438011
202509,Budget,PRJ,Projects,DC-STAFF,Harding & Co,-205330
202509,Budget,PRJ,Projects,DC-SUBS,Harding & Co,-59386
202509,Budget,PRJ,Projects,DC-EXP,Harding & Co,-15407
202509,Budget,PRJ,Projects,REV-PRJ,Delphi Works,223665
202509,Budget,PRJ,Projects,DC-STAFF,Delphi Works,-104850
202509,Budget,PRJ,Projects,DC-SUBS,Delphi Works,-30325
202509,Budget,PRJ,Projects,DC-EXP,Delphi Works,-7867
202509,Budget,PRJ,Projects,REV-PRJ,Corven Group,167749
202509,Budget,PRJ,Projects,DC-STAFF,Corven Group,-78637
202509,Budget,PRJ,Projects,DC-SUBS,Corven Group,-22744
202509,Budget,PRJ,Projects,DC-EXP,Corven Group,-5900
202509,Budget,LLP,Support,REV-SUP,Kelby Foods,149158
202509,Budget,LLP,Support,DC-STAFF,Kelby Foods,-75475
202509,Budget,LLP,Support,DC-SUBS,Kelby Foods,-21829
202509,Budget,LLP,Support,DC-EXP,Kelby Foods,-5663
202509,Budget,LLP,Support,REV-SUP,Ashfield Care,109382
202509,Budget,LLP,Support,DC-STAFF,Ashfield Care,-55348
202509,Budget,LLP,Support,DC-SUBS,Ashfield Care,-16008
202509,Budget,LLP,Support,DC-EXP,Ashfield Care,-4153
202509,Budget,LLP,Support,REV-SUP,Nyle Distribution,99439
202509,Budget,LLP,Support,DC-STAFF,Nyle Distribution,-50317
202509,Budget,LLP,Support,DC-SUBS,Nyle Distribution,-14553
202509,Budget,LLP,Support,DC-EXP,Nyle Distribution,-3775
202509,Budget,LLP,Support,REV-SUP,Castleton Retail,90489
202509,Budget,LLP,Support,DC-STAFF,Castleton Retail,-45788
202509,Budget,LLP,Support,DC-SUBS,Castleton Retail,-13243
202509,Budget,LLP,Support,DC-EXP,Castleton Retail,-3436
202509,Budget,LLP,Central,OH-ADMIN,,-250756
202509,Budget,MSL,Central,OH-ADMIN,,-150454
202509,Budget,PRJ,Central,OH-ADMIN,,-100303
202509,Budget,LLP,Central,OH-PREM,,-84389
202509,Budget,MSL,Central,OH-PREM,,-50634
202509,Budget,PRJ,Central,OH-PREM,,-33756
202509,Budget,LLP,Central,OH-TECH,,-72334
202509,Budget,MSL,Central,OH-TECH,,-43400
202509,Budget,PRJ,Central,OH-TECH,,-28933
202509,Budget,LLP,Central,OH-MKT,,-43400
202509,Budget,MSL,Central,OH-MKT,,-26040
202509,Budget,PRJ,Central,OH-MKT,,-17360
202509,Budget,LLP,Central,OH-PROF,,-21700
202509,Budget,MSL,Central,OH-PROF,,-13020
202509,Budget,PRJ,Central,OH-PROF,,-8680
202509,Budget,LLP,Central,OH-OTHER,,-48222
202509,Budget,MSL,Central,OH-OTHER,,-28933
202509,Budget,PRJ,Central,OH-OTHER,,-19289
202510,Actual,MSL,Managed Services,REV-MAN,Peverel Group,619648
202510,Actual,MSL,Managed Services,DC-STAFF,Peverel Group,-267876
202510,Actual,MSL,Managed Services,DC-SUBS,Peverel Group,-77476
202510,Actual,MSL,Managed Services,DC-EXP,Peverel Group,-20100
202510,Actual,MSL,Managed Services,REV-MAN,Castleton Retail ,503464
202510,Actual,MSL,Managed Services,DC-STAFF,Castleton Retail,-217649
202510,Actual,MSL,Managed Services,DC-SUBS,Castleton Retail,-62949
202510,Actual,MSL,Managed Services,DC-EXP,Castleton Retail,-16331
202510,Actual,MSL,Managed Services,REV-MAN,Trentham Group,290460
202510,Actual,MSL,Managed Services,DC-STAFF,Trentham Group,-125567
202510,Actual,MSL,Managed Services,DC-SUBS,Trentham Group,-36317
202510,Actual,MSL,Managed Services,DC-EXP,Trentham Group,-9422
202510,Actual,MSL,Managed Services,REV-MAN,Nyle Distribution,174276
202510,Actual,MSL,Managed Services,DC-STAFF,Nyle Distribution,-75340
202510,Actual,MSL,Managed Services,DC-SUBS,Nyle Distribution,-21790
202510,Actual,MSL,Managed Services,DC-EXP,Nyle Distribution,-5653
202510,Actual,MSL,Managed Services,REV-MAN,Ashfield Care,116184
202510,Actual,MSL,Managed Services,DC-STAFF,Ashfield Care,-50227
202510,Actual,MSL,Managed Services,DC-SUBS,Ashfield Care,-14527
202510,Actual,MSL,Managed Services,DC-EXP,Ashfield Care,-3769
202510,Actual,LLP,Advisory,REV-ADV,Oakline Foods,401803
202510,Actual,LLP,Advisory,DC-STAFF,Oakline Foods,-170723
202510,Actual,LLP,Advisory,DC-SUBS,Oakline Foods,-49377
202510,Actual,LLP,Advisory,DC-EXP,Oakline Foods,-12810
202510,Actual,LLP,Advisory,REV-ADV,Bramwell Media,348552
202510,Actual,LLP,Advisory,DC-STAFF,Bramwell Media,-148097
202510,Actual,LLP,Advisory,DC-SUBS,Bramwell Media,-42833
202510,Actual,LLP,Advisory,DC-EXP,Bramwell Media,-11112
202510,Actual,LLP,Advisory,REV-ADV,Marrow Klein,227527
202510,Actual,LLP,Advisory,DC-STAFF,Marrow Klein,-96674
202510,Actual,LLP,Advisory,DC-SUBS,Marrow Klein,-27960
202510,Actual,LLP,Advisory,DC-EXP,Marrow Klein,-7254
202510,Actual,LLP,Advisory,REV-ADV,Vantis Retail,164594
202510,Actual,LLP,Advisory,DC-STAFF,Vantis Retail,-69935
202510,Actual,LLP,Advisory,DC-SUBS,Vantis Retail,-20227
202510,Actual,LLP,Advisory,DC-EXP,Vantis Retail,-5247
202510,Actual,PRJ,Projects,REV-PRJ,Harding & Co,455054
202510,Actual,PRJ,Projects,DC-STAFF,Harding & Co,-227866
202510,Actual,PRJ,Projects,DC-SUBS,Harding & Co,-65904
202510,Actual,PRJ,Projects,DC-EXP,Harding & Co,-17098
202510,Actual,PRJ,Projects,REV-PRJ,Delphi Works,232368
202510,Actual,PRJ,Projects,DC-STAFF,Delphi Works,-116357
202510,Actual,PRJ,Projects,DC-SUBS,Delphi Works,-33653
202510,Actual,PRJ,Projects,DC-EXP,Delphi Works,-8731
202510,Actual,PRJ,Projects,REV-PRJ,Corven Group,174276
202510,Actual,PRJ,Projects,DC-STAFF,Corven Group,-87268
202510,Actual,PRJ,Projects,DC-SUBS,Corven Group,-25240
202510,Actual,PRJ,Projects,DC-EXP,Corven Group,-6548
202510,Actual,LLP,Support,REV-SUP,Kelby Foods,145230
202510,Actual,LLP,Support,DC-STAFF,Kelby Foods,-74588
202510,Actual,LLP,Support,DC-SUBS,Kelby Foods,-21573
202510,Actual,LLP,Support,DC-EXP,Kelby Foods,-5597
202510,Actual,LLP,Support,REV-SUP,Ashfield Care,106502
202510,Actual,LLP,Support,DC-STAFF,Ashfield Care,-54698
202510,Actual,LLP,Support,DC-SUBS,Ashfield Care,-15820
202510,Actual,LLP,Support,DC-EXP,Ashfield Care,-4104
202510,Actual,LLP,Support,REV-SUP,Nyle Distribution,96820
202510,Actual,LLP,Support,DC-STAFF,Nyle Distribution,-49726
202510,Actual,LLP,Support,DC-SUBS,Nyle Distribution,-14382
202510,Actual,LLP,Support,DC-EXP,Nyle Distribution,-3731
202510,Actual,LLP,Support,REV-SUP,Castleton Retail,88106
202510,Actual,LLP,Support,DC-STAFF,Castleton Retail,-45250
202510,Actual,LLP,Support,DC-SUBS,Castleton Retail,-13087
202510,Actual,LLP,Support,DC-EXP,Castleton Retail,-3395
202510,Actual,LLP,Central,OH-ADMIN,,-271096
202510,Actual,MSL,Central,OH-ADMIN,,-162658
202510,Actual,PRJ,Central,OH-ADMIN,,-108438
202510,Actual,LLP,Central,OH-PREM,,-87138
202510,Actual,MSL,Central,OH-PREM,,-52283
202510,Actual,PRJ,Central,OH-PREM,,-34855
202510,Actual,LLP,Central,OH-TECH,,-70194
202510,Actual,MSL,Central,OH-TECH,,-42117
202510,Actual,PRJ,Central,OH-TECH,,-28078
202510,Actual,LLP,Central,OH-MKT,,-29046
202510,Actual,MSL,Central,OH-MKT,,-17428
202510,Actual,PRJ,Central,OH-MKT,,-11618
202510,Actual,LLP,Central,OH-PROF,,-14523
202510,Actual,MSL,Central,OH-PROF,,-8714
202510,Actual,PRJ,Central,OH-PROF,,-5809
202510,Actual,LLP,Central,OH-DEP,,-12102
202510,Actual,MSL,Central,OH-DEP,,-7261
202510,Actual,PRJ,Central,OH-DEP,,-4841
202510,Actual,LLP,Central,OH-OTHER,,-11134
202510,Actual,MSL,Central,OH-OTHER,,-6681
202510,Actual,PRJ,Central,OH-OTHER,,-4454
202510,Budget,MSL,Managed Services,REV-MAN,Peverel Group,666548
202510,Budget,MSL,Managed Services,DC-STAFF,Peverel Group,-283376
202510,Budget,MSL,Managed Services,DC-SUBS,Peverel Group,-81959
202510,Budget,MSL,Managed Services,DC-EXP,Peverel Group,-21263
202510,Budget,MSL,Managed Services,REV-MAN,Castleton Retail,541570
202510,Budget,MSL,Managed Services,DC-STAFF,Castleton Retail,-230243
202510,Budget,MSL,Managed Services,DC-SUBS,Castleton Retail,-66591
202510,Budget,MSL,Managed Services,DC-EXP,Castleton Retail,-17276
202510,Budget,MSL,Managed Services,REV-MAN,Trentham Group,312444
202510,Budget,MSL,Managed Services,DC-STAFF,Trentham Group,-132833
202510,Budget,MSL,Managed Services,DC-SUBS,Trentham Group,-38418
202510,Budget,MSL,Managed Services,DC-EXP,Trentham Group,-9967
202510,Budget,MSL,Managed Services,REV-MAN,Nyle Distribution,187467
202510,Budget,MSL,Managed Services,DC-STAFF,Nyle Distribution,-79700
202510,Budget,MSL,Managed Services,DC-SUBS,Nyle Distribution,-23051
202510,Budget,MSL,Managed Services,DC-EXP,Nyle Distribution,-5980
202510,Budget,MSL,Managed Services,REV-MAN,Ashfield Care,124978
202510,Budget,MSL,Managed Services,DC-STAFF,Ashfield Care,-53133
202510,Budget,MSL,Managed Services,DC-SUBS,Ashfield Care,-15367
202510,Budget,MSL,Managed Services,DC-EXP,Ashfield Care,-3987
202510,Budget,LLP,Advisory,REV-ADV,Oakline Foods,432600
202510,Budget,LLP,Advisory,DC-STAFF,Oakline Foods,-180807
202510,Budget,LLP,Advisory,DC-SUBS,Oakline Foods,-52293
202510,Budget,LLP,Advisory,DC-EXP,Oakline Foods,-13567
202510,Budget,LLP,Advisory,REV-ADV,Bramwell Media,375268
202510,Budget,LLP,Advisory,DC-STAFF,Bramwell Media,-156844
202510,Budget,LLP,Advisory,DC-SUBS,Bramwell Media,-45363
202510,Budget,LLP,Advisory,DC-EXP,Bramwell Media,-11769
202510,Budget,LLP,Advisory,REV-ADV,Marrow Klein,244966
202510,Budget,LLP,Advisory,DC-STAFF,Marrow Klein,-102385
202510,Budget,LLP,Advisory,DC-SUBS,Marrow Klein,-29612
202510,Budget,LLP,Advisory,DC-EXP,Marrow Klein,-7682
202510,Budget,LLP,Advisory,REV-ADV,Vantis Retail,177210
202510,Budget,LLP,Advisory,DC-STAFF,Vantis Retail,-74065
202510,Budget,LLP,Advisory,DC-SUBS,Vantis Retail,-21421
202510,Budget,LLP,Advisory,DC-EXP,Vantis Retail,-5557
202510,Budget,PRJ,Projects,REV-PRJ,Harding & Co,438144
202510,Budget,PRJ,Projects,DC-STAFF,Harding & Co,-205393
202510,Budget,PRJ,Projects,DC-SUBS,Harding & Co,-59404
202510,Budget,PRJ,Projects,DC-EXP,Harding & Co,-15411
202510,Budget,PRJ,Projects,REV-PRJ,Delphi Works,223733
202510,Budget,PRJ,Projects,DC-STAFF,Delphi Works,-104881
202510,Budget,PRJ,Projects,DC-SUBS,Delphi Works,-30334
202510,Budget,PRJ,Projects,DC-EXP,Delphi Works,-7870
202510,Budget,PRJ,Projects,REV-PRJ,Corven Group,167800
202510,Budget,PRJ,Projects,DC-STAFF,Corven Group,-78661
202510,Budget,PRJ,Projects,DC-SUBS,Corven Group,-22751
202510,Budget,PRJ,Projects,DC-EXP,Corven Group,-5902
202510,Budget,LLP,Support,REV-SUP,Kelby Foods,149203
202510,Budget,LLP,Support,DC-STAFF,Kelby Foods,-75498
202510,Budget,LLP,Support,DC-SUBS,Kelby Foods,-21836
202510,Budget,LLP,Support,DC-EXP,Kelby Foods,-5665
202510,Budget,LLP,Support,REV-SUP,Ashfield Care,109416
202510,Budget,LLP,Support,DC-STAFF,Ashfield Care,-55365
202510,Budget,LLP,Support,DC-SUBS,Ashfield Care,-16013
202510,Budget,LLP,Support,DC-EXP,Ashfield Care,-4154
202510,Budget,LLP,Support,REV-SUP,Nyle Distribution,99469
202510,Budget,LLP,Support,DC-STAFF,Nyle Distribution,-50332
202510,Budget,LLP,Support,DC-SUBS,Nyle Distribution,-14557
202510,Budget,LLP,Support,DC-EXP,Nyle Distribution,-3777
202510,Budget,LLP,Support,REV-SUP,Castleton Retail,90517
202510,Budget,LLP,Support,DC-STAFF,Castleton Retail,-45802
202510,Budget,LLP,Support,DC-SUBS,Castleton Retail,-13247
202510,Budget,LLP,Support,DC-EXP,Castleton Retail,-3437
202510,Budget,LLP,Central,OH-ADMIN,,-250832
202510,Budget,MSL,Central,OH-ADMIN,,-150499
202510,Budget,PRJ,Central,OH-ADMIN,,-100333
202510,Budget,LLP,Central,OH-PREM,,-84415
202510,Budget,MSL,Central,OH-PREM,,-50649
202510,Budget,PRJ,Central,OH-PREM,,-33766
202510,Budget,LLP,Central,OH-TECH,,-72356
202510,Budget,MSL,Central,OH-TECH,,-43413
202510,Budget,PRJ,Central,OH-TECH,,-28942
202510,Budget,LLP,Central,OH-MKT,,-43413
202510,Budget,MSL,Central,OH-MKT,,-26048
202510,Budget,PRJ,Central,OH-MKT,,-17365
202510,Budget,LLP,Central,OH-PROF,,-21707
202510,Budget,MSL,Central,OH-PROF,,-13024
202510,Budget,PRJ,Central,OH-PROF,,-8683
202510,Budget,LLP,Central,OH-OTHER,,-48237
202510,Budget,MSL,Central,OH-OTHER,,-28942
202510,Budget,PRJ,Central,OH-OTHER,,-19295
202511,Actual,MSL,Managed Services,REV-MAN,Peverel Group,616482
202511,Actual,MSL,Managed Services,DC-STAFF,Peverel Group,-266507
202511,Actual,MSL,Managed Services,DC-SUBS,Peverel Group,-77080
202511,Actual,MSL,Managed Services,DC-EXP,Peverel Group,-19997
202511,Actual,MSL,Managed Services,REV-MAN,CASTLETON RETAIL,500892
202511,Actual,MSL,Managed Services,DC-STAFF,Castleton Retail,-216537
202511,Actual,MSL,Managed Services,DC-SUBS,Castleton Retail,-62627
202511,Actual,MSL,Managed Services,DC-EXP,Castleton Retail,-16248
202511,Actual,MSL,Managed Services,REV-MAN,Trentham Group,288976
202511,Actual,MSL,Managed Services,DC-STAFF,Trentham Group,-124925
202511,Actual,MSL,Managed Services,DC-SUBS,Trentham Group,-36131
202511,Actual,MSL,Managed Services,DC-EXP,Trentham Group,-9374
202511,Actual,MSL,Managed Services,REV-MAN,Nyle Distribution,173386
202511,Actual,MSL,Managed Services,DC-STAFF,Nyle Distribution,-74955
202511,Actual,MSL,Managed Services,DC-SUBS,Nyle Distribution,-21679
202511,Actual,MSL,Managed Services,DC-EXP,Nyle Distribution,-5624
202511,Actual,MSL,Managed Services,REV-MAN,Ashfield Care,115590
202511,Actual,MSL,Managed Services,DC-STAFF,Ashfield Care,-49970
202511,Actual,MSL,Managed Services,DC-SUBS,Ashfield Care,-14452
202511,Actual,MSL,Managed Services,DC-EXP,Ashfield Care,-3749
202511,Actual,LLP,Advisory,REV-ADV,Oakline Foods,399750
202511,Actual,LLP,Advisory,DC-STAFF,Oakline Foods,-169850
202511,Actual,LLP,Advisory,DC-SUBS,Oakline Foods,-49125
202511,Actual,LLP,Advisory,DC-EXP,Oakline Foods,-12745
202511,Actual,LLP,Advisory,REV-ADV,Bramwell Media,346771
202511,Actual,LLP,Advisory,DC-STAFF,Bramwell Media,-147340
202511,Actual,LLP,Advisory,DC-SUBS,Bramwell Media,-42614
202511,Actual,LLP,Advisory,DC-EXP,Bramwell Media,-11056
202511,Actual,LLP,Advisory,REV-ADV,Marrow Klein,226365
202511,Actual,LLP,Advisory,DC-STAFF,Marrow Klein,-96180
202511,Actual,LLP,Advisory,DC-SUBS,Marrow Klein,-27818
202511,Actual,LLP,Advisory,DC-EXP,Marrow Klein,-7217
202511,Actual,LLP,Advisory,REV-ADV,Vantis Retail,163753
202511,Actual,LLP,Advisory,DC-STAFF,Vantis Retail,-69577
202511,Actual,LLP,Advisory,DC-SUBS,Vantis Retail,-20123
202511,Actual,LLP,Advisory,DC-EXP,Vantis Retail,-5221
202511,Actual,PRJ,Projects,REV-PRJ,Harding & Co,452729
202511,Actual,PRJ,Projects,DC-STAFF,Harding & Co,-226702
202511,Actual,PRJ,Projects,DC-SUBS,Harding & Co,-65567
202511,Actual,PRJ,Projects,DC-EXP,Harding & Co,-17010
202511,Actual,PRJ,Projects,REV-PRJ,Delphi Works,231181
202511,Actual,PRJ,Projects,DC-STAFF,Delphi Works,-115763
202511,Actual,PRJ,Projects,DC-SUBS,Delphi Works,-33481
202511,Actual,PRJ,Projects,DC-EXP,Delphi Works,-8686
202511,Actual,PRJ,Projects,REV-PRJ,Corven Group,173386
202511,Actual,PRJ,Projects,DC-STAFF,Corven Group,-86822
202511,Actual,PRJ,Projects,DC-SUBS,Corven Group,-25111
202511,Actual,PRJ,Projects,DC-EXP,Corven Group,-6515
202511,Actual,LLP,Support,REV-SUP,Kelby Foods,144488
202511,Actual,LLP,Support,DC-STAFF,Kelby Foods,-74207
202511,Actual,LLP,Support,DC-SUBS,Kelby Foods,-21462
202511,Actual,LLP,Support,DC-EXP,Kelby Foods,-5568
202511,Actual,LLP,Support,REV-SUP,Ashfield Care,105958
202511,Actual,LLP,Support,DC-STAFF,Ashfield Care,-54419
202511,Actual,LLP,Support,DC-SUBS,Ashfield Care,-15739
202511,Actual,LLP,Support,DC-EXP,Ashfield Care,-4083
202511,Actual,LLP,Support,REV-SUP,Nyle Distribution,96325
202511,Actual,LLP,Support,DC-STAFF,Nyle Distribution,-49472
202511,Actual,LLP,Support,DC-SUBS,Nyle Distribution,-14308
202511,Actual,LLP,Support,DC-EXP,Nyle Distribution,-3712
202511,Actual,LLP,Support,REV-SUP,Castleton  Retail,87656
202511,Actual,LLP,Support,DC-STAFF,Castleton Retail,-45019
202511,Actual,LLP,Support,DC-SUBS,Castleton Retail,-13021
202511,Actual,LLP,Support,DC-EXP,Castleton Retail,-3378
202511,Actual,LLP,Central,OH-ADMIN,,-269711
202511,Actual,MSL,Central,OH-ADMIN,,-161827
202511,Actual,PRJ,Central,OH-ADMIN,,-107884
202511,Actual,LLP,Central,OH-PREM,,-86693
202511,Actual,MSL,Central,OH-PREM,,-52016
202511,Actual,PRJ,Central,OH-PREM,,-34677
202511,Actual,LLP,Central,OH-TECH,,-69836
202511,Actual,MSL,Central,OH-TECH,,-41902
202511,Actual,PRJ,Central,OH-TECH,,-27934
202511,Actual,LLP,Central,OH-MKT,,-28898
202511,Actual,MSL,Central,OH-MKT,,-17339
202511,Actual,PRJ,Central,OH-MKT,,-11559
202511,Actual,LLP,Central,OH-PROF,,-14449
202511,Actual,MSL,Central,OH-PROF,,-8669
202511,Actual,PRJ,Central,OH-PROF,,-5780
202511,Actual,LLP,Central,OH-DEP,,-12041
202511,Actual,MSL,Central,OH-DEP,,-7224
202511,Actual,PRJ,Central,OH-DEP,,-4816
202511,Actual,LLP,Central,OH-OTHER,,-11077
202511,Actual,MSL,Central,OH-OTHER,,-6646
202511,Actual,PRJ,Central,OH-OTHER,,-4431
202511,Budget,MSL,Managed Services,REV-MAN,Peverel Group,668734
202511,Budget,MSL,Managed Services,DC-STAFF,Peverel Group,-284306
202511,Budget,MSL,Managed Services,DC-SUBS,Peverel Group,-82228
202511,Budget,MSL,Managed Services,DC-EXP,Peverel Group,-21333
202511,Budget,MSL,Managed Services,REV-MAN,Castleton Retail,543346
202511,Budget,MSL,Managed Services,DC-STAFF,Castleton Retail,-230998
202511,Budget,MSL,Managed Services,DC-SUBS,Castleton Retail,-66810
202511,Budget,MSL,Managed Services,DC-EXP,Castleton Retail,-17333
202511,Budget,MSL,Managed Services,REV-MAN,Trentham Group,313469
202511,Budget,MSL,Managed Services,DC-STAFF,Trentham Group,-133268
202511,Budget,MSL,Managed Services,DC-SUBS,Trentham Group,-38544
202511,Budget,MSL,Managed Services,DC-EXP,Trentham Group,-10000
202511,Budget,MSL,Managed Services,REV-MAN,Nyle Distribution,188081
202511,Budget,MSL,Managed Services,DC-STAFF,Nyle Distribution,-79961
202511,Budget,MSL,Managed Services,DC-SUBS,Nyle Distribution,-23126
202511,Budget,MSL,Managed Services,DC-EXP,Nyle Distribution,-6000
202511,Budget,MSL,Managed Services,REV-MAN,Ashfield Care,125388
202511,Budget,MSL,Managed Services,DC-STAFF,Ashfield Care,-53307
202511,Budget,MSL,Managed Services,DC-SUBS,Ashfield Care,-15418
202511,Budget,MSL,Managed Services,DC-EXP,Ashfield Care,-4000
202511,Budget,LLP,Advisory,REV-ADV,Oakline Foods,434019
202511,Budget,LLP,Advisory,DC-STAFF,Oakline Foods,-181400
202511,Budget,LLP,Advisory,DC-SUBS,Oakline Foods,-52465
202511,Budget,LLP,Advisory,DC-EXP,Oakline Foods,-13611
202511,Budget,LLP,Advisory,REV-ADV,Bramwell Media,376499
202511,Budget,LLP,Advisory,DC-STAFF,Bramwell Media,-157359
202511,Budget,LLP,Advisory,DC-SUBS,Bramwell Media,-45512
202511,Budget,LLP,Advisory,DC-EXP,Bramwell Media,-11807
202511,Budget,LLP,Advisory,REV-ADV,Marrow Klein,245770
202511,Budget,LLP,Advisory,DC-STAFF,Marrow Klein,-102720
202511,Budget,LLP,Advisory,DC-SUBS,Marrow Klein,-29709
202511,Budget,LLP,Advisory,DC-EXP,Marrow Klein,-7708
202511,Budget,LLP,Advisory,REV-ADV,Vantis Retail,177791
202511,Budget,LLP,Advisory,DC-STAFF,Vantis Retail,-74308
202511,Budget,LLP,Advisory,DC-SUBS,Vantis Retail,-21492
202511,Budget,LLP,Advisory,DC-EXP,Vantis Retail,-5576
202511,Budget,PRJ,Projects,REV-PRJ,Harding & Co,439581
202511,Budget,PRJ,Projects,DC-STAFF,Harding & Co,-206066
202511,Budget,PRJ,Projects,DC-SUBS,Harding & Co,-59599
202511,Budget,PRJ,Projects,DC-EXP,Harding & Co,-15462
202511,Budget,PRJ,Projects,REV-PRJ,Delphi Works,224467
202511,Budget,PRJ,Projects,DC-STAFF,Delphi Works,-105225
202511,Budget,PRJ,Projects,DC-SUBS,Delphi Works,-30434
202511,Budget,PRJ,Projects,DC-EXP,Delphi Works,-7895
202511,Budget,PRJ,Projects,REV-PRJ,Corven Group,168350
202511,Budget,PRJ,Projects,DC-STAFF,Corven Group,-78919
202511,Budget,PRJ,Projects,DC-SUBS,Corven Group,-22825
202511,Budget,PRJ,Projects,DC-EXP,Corven Group,-5922
202511,Budget,LLP,Support,REV-SUP,Kelby Foods,149693
202511,Budget,LLP,Support,DC-STAFF,Kelby Foods,-75745
202511,Budget,LLP,Support,DC-SUBS,Kelby Foods,-21907
202511,Budget,LLP,Support,DC-EXP,Kelby Foods,-5683
202511,Budget,LLP,Support,REV-SUP,Ashfield Care,109775
202511,Budget,LLP,Support,DC-STAFF,Ashfield Care,-55547
202511,Budget,LLP,Support,DC-SUBS,Ashfield Care,-16065
202511,Budget,LLP,Support,DC-EXP,Ashfield Care,-4168
202511,Budget,LLP,Support,REV-SUP,Nyle Distribution,99795
202511,Budget,LLP,Support,DC-STAFF,Nyle Distribution,-50497
202511,Budget,LLP,Support,DC-SUBS,Nyle Distribution,-14605
202511,Budget,LLP,Support,DC-EXP,Nyle Distribution,-3789
202511,Budget,LLP,Support,REV-SUP,Castleton Retail,90813
202511,Budget,LLP,Support,DC-STAFF,Castleton Retail,-45952
202511,Budget,LLP,Support,DC-SUBS,Castleton Retail,-13290
202511,Budget,LLP,Support,DC-EXP,Castleton Retail,-3448
202511,Budget,LLP,Central,OH-ADMIN,,-251655
202511,Budget,MSL,Central,OH-ADMIN,,-150993
202511,Budget,PRJ,Central,OH-ADMIN,,-100662
202511,Budget,LLP,Central,OH-PREM,,-84692
202511,Budget,MSL,Central,OH-PREM,,-50815
202511,Budget,PRJ,Central,OH-PREM,,-33877
202511,Budget,LLP,Central,OH-TECH,,-72593
202511,Budget,MSL,Central,OH-TECH,,-43556
202511,Budget,PRJ,Central,OH-TECH,,-29037
202511,Budget,LLP,Central,OH-MKT,,-43556
202511,Budget,MSL,Central,OH-MKT,,-26133
202511,Budget,PRJ,Central,OH-MKT,,-17422
202511,Budget,LLP,Central,OH-PROF,,-21778
202511,Budget,MSL,Central,OH-PROF,,-13067
202511,Budget,PRJ,Central,OH-PROF,,-8711
202511,Budget,LLP,Central,OH-OTHER,,-48395
202511,Budget,MSL,Central,OH-OTHER,,-29037
202511,Budget,PRJ,Central,OH-OTHER,,-19358
202512,Actual,MSL,Managed Services,REV-MAN,Peverel Group,616789
202512,Actual,MSL,Managed Services,DC-STAFF,Peverel Group,-266640
202512,Actual,MSL,Managed Services,DC-SUBS,Peverel Group,-77118
202512,Actual,MSL,Managed Services,DC-EXP,Peverel Group,-20007
202512,Actual,MSL,Managed Services,REV-MAN,Castleton Retail,501141
202512,Actual,MSL,Managed Services,DC-STAFF,Castleton Retail,-216645
202512,Actual,MSL,Managed Services,DC-SUBS,Castleton Retail,-62659
202512,Actual,MSL,Managed Services,DC-EXP,Castleton Retail,-16256
202512,Actual,MSL,Managed Services,REV-MAN,Trentham Group,289120
202512,Actual,MSL,Managed Services,DC-STAFF,Trentham Group,-124988
202512,Actual,MSL,Managed Services,DC-SUBS,Trentham Group,-36149
202512,Actual,MSL,Managed Services,DC-EXP,Trentham Group,-9378
202512,Actual,MSL,Managed Services,REV-MAN,Nyle Distribution,173472
202512,Actual,MSL,Managed Services,DC-STAFF,Nyle Distribution,-74993
202512,Actual,MSL,Managed Services,DC-SUBS,Nyle Distribution,-21690
202512,Actual,MSL,Managed Services,DC-EXP,Nyle Distribution,-5627
202512,Actual,MSL,Managed Services,REV-MAN,Ashfield Care,115648
202512,Actual,MSL,Managed Services,DC-STAFF,Ashfield Care,-49995
202512,Actual,MSL,Managed Services,DC-SUBS,Ashfield Care,-14460
202512,Actual,MSL,Managed Services,DC-EXP,Ashfield Care,-3751
202512,Actual,LLP,Advisory,REV-ADV,Oakline Foods,399949
202512,Actual,LLP,Advisory,DC-STAFF,Oakline Foods,-169935
202512,Actual,LLP,Advisory,DC-SUBS,Oakline Foods,-49149
202512,Actual,LLP,Advisory,DC-EXP,Oakline Foods,-12751
202512,Actual,LLP,Advisory,REV-ADV,Bramwell Media,346944
202512,Actual,LLP,Advisory,DC-STAFF,Bramwell Media,-147414
202512,Actual,LLP,Advisory,DC-SUBS,Bramwell Media,-42635
202512,Actual,LLP,Advisory,DC-EXP,Bramwell Media,-11061
202512,Actual,LLP,Advisory,REV-ADV,Marrow Klein,226477
202512,Actual,LLP,Advisory,DC-STAFF,Marrow Klein,-96228
202512,Actual,LLP,Advisory,DC-SUBS,Marrow Klein,-27831
202512,Actual,LLP,Advisory,DC-EXP,Marrow Klein,-7220
202512,Actual,LLP,Advisory,REV-ADV,Vantis Retail,163835
202512,Actual,LLP,Advisory,DC-STAFF,Vantis Retail,-69612
202512,Actual,LLP,Advisory,DC-SUBS,Vantis Retail,-20133
202512,Actual,LLP,Advisory,DC-EXP,Vantis Retail,-5223
202512,Actual,PRJ,Projects,REV-PRJ,Harding & Co,452955
202512,Actual,PRJ,Projects,DC-STAFF,Harding & Co,-226815
202512,Actual,PRJ,Projects,DC-SUBS,Harding & Co,-65600
202512,Actual,PRJ,Projects,DC-EXP,Harding & Co,-17019
202512,Actual,PRJ,Projects,REV-PRJ,Delphi Works,231296
202512,Actual,PRJ,Projects,DC-STAFF,Delphi Works,-115821
202512,Actual,PRJ,Projects,DC-SUBS,Delphi Works,-33498
202512,Actual,PRJ,Projects,DC-EXP,Delphi Works,-8690
202512,Actual,PRJ,Projects,REV-PRJ,Corven Group,173472
202512,Actual,PRJ,Projects,DC-STAFF,Corven Group,-86865
202512,Actual,PRJ,Projects,DC-SUBS,Corven Group,-25123
202512,Actual,PRJ,Projects,DC-EXP,Corven Group,-6518
202512,Actual,LLP,Support,REV-SUP,Kelby Foods,144560
202512,Actual,LLP,Support,DC-STAFF,Kelby Foods,-74244
202512,Actual,LLP,Support,DC-SUBS,Kelby Foods,-21473
202512,Actual,LLP,Support,DC-EXP,Kelby Foods,-5571
202512,Actual,LLP,Support,REV-SUP,Ashfield Care,106011
202512,Actual,LLP,Support,DC-STAFF,Ashfield Care,-54446
202512,Actual,LLP,Support,DC-SUBS,Ashfield Care,-15747
202512,Actual,LLP,Support,DC-EXP,Ashfield Care,-4085
202512,Actual,LLP,Support,REV-SUP,Nyle Distribution,96373
202512,Actual,LLP,Support,DC-STAFF,Nyle Distribution,-49496
202512,Actual,LLP,Support,DC-SUBS,Nyle Distribution,-14315
202512,Actual,LLP,Support,DC-EXP,Nyle Distribution,-3714
202512,Actual,LLP,Support,REV-SUP,Castleton Retail,87700
202512,Actual,LLP,Support,DC-STAFF,Castleton Retail,-45041
202512,Actual,LLP,Support,DC-SUBS,Castleton Retail,-13027
202512,Actual,LLP,Support,DC-EXP,Castleton Retail,-3380
202512,Actual,LLP,Central,OH-ADMIN,,-269845
202512,Actual,MSL,Central,OH-ADMIN,,-161907
202512,Actual,PRJ,Central,OH-ADMIN,,-107938
202512,Actual,LLP,Central,OH-PREM,,-86736
202512,Actual,MSL,Central,OH-PREM,,-52042
202512,Actual,PRJ,Central,OH-PREM,,-34694
202512,Actual,LLP,Central,OH-TECH,,-69871
202512,Actual,MSL,Central,OH-TECH,,-41922
202512,Actual,PRJ,Central,OH-TECH,,-27948
202512,Actual,LLP,Central,OH-MKT,,-28912
202512,Actual,MSL,Central,OH-MKT,,-17347
202512,Actual,PRJ,Central,OH-MKT,,-11565
202512,Actual,LLP,Central,OH-PROF,,-14456
202512,Actual,MSL,Central,OH-PROF,,-8674
202512,Actual,PRJ,Central,OH-PROF,,-5782
202512,Actual,LLP,Central,OH-DEP,,-12047
202512,Actual,MSL,Central,OH-DEP,,-7228
202512,Actual,PRJ,Central,OH-DEP,,-4819
202512,Actual,LLP,Central,OH-OTHER,,-11083
202512,Actual,MSL,Central,OH-OTHER,,-6650
202512,Actual,PRJ,Central,OH-OTHER,,-4433
202512,Budget,MSL,Managed Services,REV-MAN,Peverel Group,672867
202512,Budget,MSL,Managed Services,DC-STAFF,Peverel Group,-286063
202512,Budget,MSL,Managed Services,DC-SUBS,Peverel Group,-82736
202512,Budget,MSL,Managed Services,DC-EXP,Peverel Group,-21464
202512,Budget,MSL,Managed Services,REV-MAN,Castleton Retail,546704
202512,Budget,MSL,Managed Services,DC-STAFF,Castleton Retail,-232426
202512,Budget,MSL,Managed Services,DC-SUBS,Castleton Retail,-67223
202512,Budget,MSL,Managed Services,DC-EXP,Castleton Retail,-17440
202512,Budget,MSL,Managed Services,REV-MAN,Trentham Group,315406
202512,Budget,MSL,Managed Services,DC-STAFF,Trentham Group,-134092
202512,Budget,MSL,Managed Services,DC-SUBS,Trentham Group,-38782
202512,Budget,MSL,Managed Services,DC-EXP,Trentham Group,-10061
202512,Budget,MSL,Managed Services,REV-MAN,Nyle Distribution,189244
202512,Budget,MSL,Managed Services,DC-STAFF,Nyle Distribution,-80455
202512,Budget,MSL,Managed Services,DC-SUBS,Nyle Distribution,-23269
202512,Budget,MSL,Managed Services,DC-EXP,Nyle Distribution,-6037
202512,Budget,MSL,Managed Services,REV-MAN,Ashfield Care,126163
202512,Budget,MSL,Managed Services,DC-STAFF,Ashfield Care,-53637
202512,Budget,MSL,Managed Services,DC-SUBS,Ashfield Care,-15513
202512,Budget,MSL,Managed Services,DC-EXP,Ashfield Care,-4025
202512,Budget,LLP,Advisory,REV-ADV,Oakline Foods,436701
202512,Budget,LLP,Advisory,DC-STAFF,Oakline Foods,-182521
202512,Budget,LLP,Advisory,DC-SUBS,Oakline Foods,-52789
202512,Budget,LLP,Advisory,DC-EXP,Oakline Foods,-13695
202512,Budget,LLP,Advisory,REV-ADV,Bramwell Media,378825
202512,Budget,LLP,Advisory,DC-STAFF,Bramwell Media,-158331
202512,Budget,LLP,Advisory,DC-SUBS,Bramwell Media,-45793
202512,Budget,LLP,Advisory,DC-EXP,Bramwell Media,-11880
202512,Budget,LLP,Advisory,REV-ADV,Marrow Klein,247289
202512,Budget,LLP,Advisory,DC-STAFF,Marrow Klein,-103355
202512,Budget,LLP,Advisory,DC-SUBS,Marrow Klein,-29893
202512,Budget,LLP,Advisory,DC-EXP,Marrow Klein,-7755
202512,Budget,LLP,Advisory,REV-ADV,Vantis Retail,178890
202512,Budget,LLP,Advisory,DC-STAFF,Vantis Retail,-74768
202512,Budget,LLP,Advisory,DC-SUBS,Vantis Retail,-21624
202512,Budget,LLP,Advisory,DC-EXP,Vantis Retail,-5610
202512,Budget,PRJ,Projects,REV-PRJ,Harding & Co,442298
202512,Budget,PRJ,Projects,DC-STAFF,Harding & Co,-207340
202512,Budget,PRJ,Projects,DC-SUBS,Harding & Co,-59967
202512,Budget,PRJ,Projects,DC-EXP,Harding & Co,-15558
202512,Budget,PRJ,Projects,REV-PRJ,Delphi Works,225854
202512,Budget,PRJ,Projects,DC-STAFF,Delphi Works,-105876
202512,Budget,PRJ,Projects,DC-SUBS,Delphi Works,-30622
202512,Budget,PRJ,Projects,DC-EXP,Delphi Works,-7944
202512,Budget,PRJ,Projects,REV-PRJ,Corven Group,169391
202512,Budget,PRJ,Projects,DC-STAFF,Corven Group,-79407
202512,Budget,PRJ,Projects,DC-SUBS,Corven Group,-22966
202512,Budget,PRJ,Projects,DC-EXP,Corven Group,-5958
202512,Budget,LLP,Support,REV-SUP,Kelby Foods,150618
202512,Budget,LLP,Support,DC-STAFF,Kelby Foods,-76214
202512,Budget,LLP,Support,DC-SUBS,Kelby Foods,-22043
202512,Budget,LLP,Support,DC-EXP,Kelby Foods,-5719
202512,Budget,LLP,Support,REV-SUP,Ashfield Care,110453
202512,Budget,LLP,Support,DC-STAFF,Ashfield Care,-55890
202512,Budget,LLP,Support,DC-SUBS,Ashfield Care,-16165
202512,Budget,LLP,Support,DC-EXP,Ashfield Care,-4194
202512,Budget,LLP,Support,REV-SUP,Nyle Distribution,100412
202512,Budget,LLP,Support,DC-STAFF,Nyle Distribution,-50809
202512,Budget,LLP,Support,DC-SUBS,Nyle Distribution,-14695
202512,Budget,LLP,Support,DC-EXP,Nyle Distribution,-3812
202512,Budget,LLP,Support,REV-SUP,Castleton Retail,91375
202512,Budget,LLP,Support,DC-STAFF,Castleton Retail,-46236
202512,Budget,LLP,Support,DC-SUBS,Castleton Retail,-13373
202512,Budget,LLP,Support,DC-EXP,Castleton Retail,-3469
202512,Budget,LLP,Central,OH-ADMIN,,-253210
202512,Budget,MSL,Central,OH-ADMIN,,-151926
202512,Budget,PRJ,Central,OH-ADMIN,,-101284
202512,Budget,LLP,Central,OH-PREM,,-85215
202512,Budget,MSL,Central,OH-PREM,,-51129
202512,Budget,PRJ,Central,OH-PREM,,-34086
202512,Budget,LLP,Central,OH-TECH,,-73041
202512,Budget,MSL,Central,OH-TECH,,-43825
202512,Budget,PRJ,Central,OH-TECH,,-29217
202512,Budget,LLP,Central,OH-MKT,,-43825
202512,Budget,MSL,Central,OH-MKT,,-26295
202512,Budget,PRJ,Central,OH-MKT,,-17530
202512,Budget,LLP,Central,OH-PROF,,-21912
202512,Budget,MSL,Central,OH-PROF,,-13147
202512,Budget,PRJ,Central,OH-PROF,,-8765
202512,Budget,LLP,Central,OH-OTHER,,-48694
202512,Budget,MSL,Central,OH-OTHER,,-29217
202512,Budget,PRJ,Central,OH-OTHER,,-19478
202601,Actual,MSL,Managed Services,REV-MAN,Peverel Group,634238
202601,Actual,MSL,Managed Services,DC-STAFF,Peverel Group,-274183
202601,Actual,MSL,Managed Services,DC-SUBS,Peverel Group,-79300
202601,Actual,MSL,Managed Services,DC-EXP,Peverel Group,-20573
202601,Actual,MSL,Managed Services,REV-MAN,Castleton Retail,515318
202601,Actual,MSL,Managed Services,DC-STAFF,Castleton Retail,-222774
202601,Actual,MSL,Managed Services,DC-SUBS,Castleton Retail,-64431
202601,Actual,MSL,Managed Services,DC-EXP,Castleton Retail,-16716
202601,Actual,MSL,Managed Services,REV-MAN,Trentham Group,297299
202601,Actual,MSL,Managed Services,DC-STAFF,Trentham Group,-128523
202601,Actual,MSL,Managed Services,DC-SUBS,Trentham Group,-37172
202601,Actual,MSL,Managed Services,DC-EXP,Trentham Group,-9644
202601,Actual,MSL,Managed Services,REV-MAN,Nyle Distribution,178379
202601,Actual,MSL,Managed Services,DC-STAFF,Nyle Distribution,-77114
202601,Actual,MSL,Managed Services,DC-SUBS,Nyle Distribution,-22303
202601,Actual,MSL,Managed Services,DC-EXP,Nyle Distribution,-5786
202601,Actual,MSL,Managed Services,REV-MAN,Ashfield Care,118920
202601,Actual,MSL,Managed Services,DC-STAFF,Ashfield Care,-51409
202601,Actual,MSL,Managed Services,DC-SUBS,Ashfield Care,-14869
202601,Actual,MSL,Managed Services,DC-EXP,Ashfield Care,-3857
202601,Actual,LLP,Advisory,REV-ADV,Oakline Foods,411263
202601,Actual,LLP,Advisory,DC-STAFF,Oakline Foods,-174742
202601,Actual,LLP,Advisory,DC-SUBS,Oakline Foods,-50539
202601,Actual,LLP,Advisory,DC-EXP,Oakline Foods,-13112
202601,Actual,LLP,Advisory,REV-ADV,Bramwell Media,356759
202601,Actual,LLP,Advisory,DC-STAFF,Bramwell Media,-151584
202601,Actual,LLP,Advisory,DC-SUBS,Bramwell Media,-43841
202601,Actual,LLP,Advisory,DC-EXP,Bramwell Media,-11374
202601,Actual,LLP,Advisory,REV-ADV,Marrow Klein,232884
202601,Actual,LLP,Advisory,DC-STAFF,Marrow Klein,-98950
202601,Actual,LLP,Advisory,DC-SUBS,Marrow Klein,-28619
202601,Actual,LLP,Advisory,DC-EXP,Marrow Klein,-7425
202601,Actual,LLP,Advisory,REV-ADV,Vantis Retail,168469
202601,Actual,LLP,Advisory,DC-STAFF,Vantis Retail,-71581
202601,Actual,LLP,Advisory,DC-SUBS,Vantis Retail,-20703
202601,Actual,LLP,Advisory,DC-EXP,Vantis Retail,-5371
202601,Actual,PRJ,Projects,REV-PRJ,Harding & Co,465768
202601,Actual,PRJ,Projects,DC-STAFF,Harding & Co,-233232
202601,Actual,PRJ,Projects,DC-SUBS,Harding & Co,-67456
202601,Actual,PRJ,Projects,DC-EXP,Harding & Co,-17500
202601,Actual,PRJ,Projects,REV-PRJ,Delphi Works,237839
202601,Actual,PRJ,Projects,DC-STAFF,Delphi Works,-119097
202601,Actual,PRJ,Projects,DC-SUBS,Delphi Works,-34446
202601,Actual,PRJ,Projects,DC-EXP,Delphi Works,-8936
202601,Actual,PRJ,Projects,REV-PRJ,Corven Group,178379
202601,Actual,PRJ,Projects,DC-STAFF,Corven Group,-89323
202601,Actual,PRJ,Projects,DC-SUBS,Corven Group,-25834
202601,Actual,PRJ,Projects,DC-EXP,Corven Group,-6702
202601,Actual,LLP,Support,REV-SUP,Kelby Foods,148649
202601,Actual,LLP,Support,DC-STAFF,Kelby Foods,-76345
202601,Actual,LLP,Support,DC-SUBS,Kelby Foods,-22081
202601,Actual,LLP,Support,DC-EXP,Kelby Foods,-5728
202601,Actual,LLP,Support,REV-SUP,Ashfield Care,109010
202601,Actual,LLP,Support,DC-STAFF,Ashfield Care,-55986
202601,Actual,LLP,Support,DC-SUBS,Ashfield Care,-16192
202601,Actual,LLP,Support,DC-EXP,Ashfield Care,-4201
202601,Actual,LLP,Support,REV-SUP,Nyle Distribution,99100
202601,Actual,LLP,Support,DC-STAFF,Nyle Distribution,-50896
202601,Actual,LLP,Support,DC-SUBS,Nyle Distribution,-14720
202601,Actual,LLP,Support,DC-EXP,Nyle Distribution,-3819
202601,Actual,LLP,Support,REV-SUP,Castleton Retail,90181
202601,Actual,LLP,Support,DC-STAFF,Castleton Retail,-46316
202601,Actual,LLP,Support,DC-SUBS,Castleton Retail,-13396
202601,Actual,LLP,Support,DC-EXP,Castleton Retail,-3475
202601,Actual,LLP,Central,OH-ADMIN,,-277479
202601,Actual,MSL,Central,OH-ADMIN,,-166487
202601,Actual,PRJ,Central,OH-ADMIN,,-110992
202601,Actual,LLP,Central,OH-PREM,,-89190
202601,Actual,MSL,Central,OH-PREM,,-53514
202601,Actual,PRJ,Central,OH-PREM,,-35676
202601,Actual,LLP,Central,OH-TECH,,-71847
202601,Actual,MSL,Central,OH-TECH,,-43108
202601,Actual,PRJ,Central,OH-TECH,,-28739
202601,Actual,LLP,Central,OH-MKT,,-29730
202601,Actual,MSL,Central,OH-MKT,,-17838
202601,Actual,PRJ,Central,OH-MKT,,-11892
202601,Actual,LLP,Central,OH-PROF,,-14865
202601,Actual,MSL,Central,OH-PROF,,-8919
202601,Actual,PRJ,Central,OH-PROF,,-5946
202601,Actual,LLP,Central,OH-DEP,,-12387
202601,Actual,MSL,Central,OH-DEP,,-7432
202601,Actual,PRJ,Central,OH-DEP,,-4955
202601,Actual,LLP,Central,OH-OTHER,,-11396
202601,Actual,MSL,Central,OH-OTHER,,-6838
202601,Actual,PRJ,Central,OH-OTHER,,-4559
202601,Budget,MSL,Managed Services,REV-MAN,Peverel Group,678432
202601,Budget,MSL,Managed Services,DC-STAFF,Peverel Group,-288429
202601,Budget,MSL,Managed Services,DC-SUBS,Peverel Group,-83420
202601,Budget,MSL,Managed Services,DC-EXP,Peverel Group,-21642
202601,Budget,MSL,Managed Services,REV-MAN,Castleton Retail,551226
202601,Budget,MSL,Managed Services,DC-STAFF,Castleton Retail,-234348
202601,Budget,MSL,Managed Services,DC-SUBS,Castleton Retail,-67779
202601,Budget,MSL,Managed Services,DC-EXP,Castleton Retail,-17584
202601,Budget,MSL,Managed Services,REV-MAN,Trentham Group,318015
202601,Budget,MSL,Managed Services,DC-STAFF,Trentham Group,-135201
202601,Budget,MSL,Managed Services,DC-SUBS,Trentham Group,-39103
202601,Budget,MSL,Managed Services,DC-EXP,Trentham Group,-10145
202601,Budget,MSL,Managed Services,REV-MAN,Nyle Distribution,190809
202601,Budget,MSL,Managed Services,DC-STAFF,Nyle Distribution,-81121
202601,Budget,MSL,Managed Services,DC-SUBS,Nyle Distribution,-23462
202601,Budget,MSL,Managed Services,DC-EXP,Nyle Distribution,-6087
202601,Budget,MSL,Managed Services,REV-MAN,Ashfield Care,127206
202601,Budget,MSL,Managed Services,DC-STAFF,Ashfield Care,-54080
202601,Budget,MSL,Managed Services,DC-SUBS,Ashfield Care,-15641
202601,Budget,MSL,Managed Services,DC-EXP,Ashfield Care,-4058
202601,Budget,LLP,Advisory,REV-ADV,Oakline Foods,440313
202601,Budget,LLP,Advisory,DC-STAFF,Oakline Foods,-184031
202601,Budget,LLP,Advisory,DC-SUBS,Oakline Foods,-53226
202601,Budget,LLP,Advisory,DC-EXP,Oakline Foods,-13809
202601,Budget,LLP,Advisory,REV-ADV,Bramwell Media,381958
202601,Budget,LLP,Advisory,DC-STAFF,Bramwell Media,-159641
202601,Budget,LLP,Advisory,DC-SUBS,Bramwell Media,-46172
202601,Budget,LLP,Advisory,DC-EXP,Bramwell Media,-11979
202601,Budget,LLP,Advisory,REV-ADV,Marrow Klein,249334
202601,Budget,LLP,Advisory,DC-STAFF,Marrow Klein,-104210
202601,Budget,LLP,Advisory,DC-SUBS,Marrow Klein,-30140
202601,Budget,LLP,Advisory,DC-EXP,Marrow Klein,-7819
202601,Budget,LLP,Advisory,REV-ADV,Vantis Retail,180369
202601,Budget,LLP,Advisory,DC-STAFF,Vantis Retail,-75386
202601,Budget,LLP,Advisory,DC-SUBS,Vantis Retail,-21803
202601,Budget,LLP,Advisory,DC-EXP,Vantis Retail,-5657
202601,Budget,PRJ,Projects,REV-PRJ,Harding & Co,445956
202601,Budget,PRJ,Projects,DC-STAFF,Harding & Co,-209055
202601,Budget,PRJ,Projects,DC-SUBS,Harding & Co,-60463
202601,Budget,PRJ,Projects,DC-EXP,Harding & Co,-15686
202601,Budget,PRJ,Projects,REV-PRJ,Delphi Works,227722
202601,Budget,PRJ,Projects,DC-STAFF,Delphi Works,-106751
202601,Budget,PRJ,Projects,DC-SUBS,Delphi Works,-30875
202601,Budget,PRJ,Projects,DC-EXP,Delphi Works,-8010
202601,Budget,PRJ,Projects,REV-PRJ,Corven Group,170792
202601,Budget,PRJ,Projects,DC-STAFF,Corven Group,-80064
202601,Budget,PRJ,Projects,DC-SUBS,Corven Group,-23156
202601,Budget,PRJ,Projects,DC-EXP,Corven Group,-6007
202601,Budget,LLP,Support,REV-SUP,Kelby Foods,151863
202601,Budget,LLP,Support,DC-STAFF,Kelby Foods,-76844
202601,Budget,LLP,Support,DC-SUBS,Kelby Foods,-22225
202601,Budget,LLP,Support,DC-EXP,Kelby Foods,-5766
202601,Budget,LLP,Support,REV-SUP,Ashfield Care,111366
202601,Budget,LLP,Support,DC-STAFF,Ashfield Care,-56352
202601,Budget,LLP,Support,DC-SUBS,Ashfield Care,-16298
202601,Budget,LLP,Support,DC-EXP,Ashfield Care,-4228
202601,Budget,LLP,Support,REV-SUP,Nyle Distribution,101242
202601,Budget,LLP,Support,DC-STAFF,Nyle Distribution,-51229
202601,Budget,LLP,Support,DC-SUBS,Nyle Distribution,-14817
202601,Budget,LLP,Support,DC-EXP,Nyle Distribution,-3844
202601,Budget,LLP,Support,REV-SUP,Castleton Retail,92130
202601,Budget,LLP,Support,DC-STAFF,Castleton Retail,-46619
202601,Budget,LLP,Support,DC-SUBS,Castleton Retail,-13483
202601,Budget,LLP,Support,DC-EXP,Castleton Retail,-3498
202601,Budget,LLP,Central,OH-ADMIN,,-255305
202601,Budget,MSL,Central,OH-ADMIN,,-153183
202601,Budget,PRJ,Central,OH-ADMIN,,-102122
202601,Budget,LLP,Central,OH-PREM,,-85920
202601,Budget,MSL,Central,OH-PREM,,-51552
202601,Budget,PRJ,Central,OH-PREM,,-34368
202601,Budget,LLP,Central,OH-TECH,,-73646
202601,Budget,MSL,Central,OH-TECH,,-44187
202601,Budget,PRJ,Central,OH-TECH,,-29458
202601,Budget,LLP,Central,OH-MKT,,-44187
202601,Budget,MSL,Central,OH-MKT,,-26512
202601,Budget,PRJ,Central,OH-MKT,,-17675
202601,Budget,LLP,Central,OH-PROF,,-22094
202601,Budget,MSL,Central,OH-PROF,,-13256
202601,Budget,PRJ,Central,OH-PROF,,-8837
202601,Budget,LLP,Central,OH-OTHER,,-49097
202601,Budget,MSL,Central,OH-OTHER,,-29458
202601,Budget,PRJ,Central,OH-OTHER,,-19639
202602,Actual,MSL,Managed Services,REV-MAN,Peverel Group,646270
202602,Actual,MSL,Managed Services,DC-STAFF,Peverel Group,-279385
202602,Actual,MSL,Managed Services,DC-SUBS,Peverel Group,-80804
202602,Actual,MSL,Managed Services,DC-EXP,Peverel Group,-20963
202602,Actual,MSL,Managed Services,REV-MAN,Castleton Retail,525095
202602,Actual,MSL,Managed Services,DC-STAFF,Castleton Retail,-227000
202602,Actual,MSL,Managed Services,DC-SUBS,Castleton Retail,-65654
202602,Actual,MSL,Managed Services,DC-EXP,Castleton Retail,-17033
202602,Actual,MSL,Managed Services,REV-MAN,Trentham Group,302939
202602,Actual,MSL,Managed Services,DC-STAFF,Trentham Group,-130962
202602,Actual,MSL,Managed Services,DC-SUBS,Trentham Group,-37877
202602,Actual,MSL,Managed Services,DC-EXP,Trentham Group,-9827
202602,Actual,MSL,Managed Services,REV-MAN,Nyle Distribution,181764
202602,Actual,MSL,Managed Services,DC-STAFF,Nyle Distribution,-78577
202602,Actual,MSL,Managed Services,DC-SUBS,Nyle Distribution,-22726
202602,Actual,MSL,Managed Services,DC-EXP,Nyle Distribution,-5896
202602,Actual,MSL,Managed Services,REV-MAN,Ashfield Care,121176
202602,Actual,MSL,Managed Services,DC-STAFF,Ashfield Care,-52385
202602,Actual,MSL,Managed Services,DC-SUBS,Ashfield Care,-15151
202602,Actual,MSL,Managed Services,DC-EXP,Ashfield Care,-3931
202602,Actual,LLP,Advisory,REV-ADV,Oakline Foods,419066
202602,Actual,LLP,Advisory,DC-STAFF,Oakline Foods,-178058
202602,Actual,LLP,Advisory,DC-SUBS,Oakline Foods,-51498
202602,Actual,LLP,Advisory,DC-EXP,Oakline Foods,-13360
202602,Actual,LLP,Advisory,REV-ADV,Bramwell Media,363527
202602,Actual,LLP,Advisory,DC-STAFF,Bramwell Media,-154460
202602,Actual,LLP,Advisory,DC-SUBS,Bramwell Media,-44673
202602,Actual,LLP,Advisory,DC-EXP,Bramwell Media,-11590
202602,Actual,LLP,Advisory,REV-ADV,Marrow Klein,237302
202602,Actual,LLP,Advisory,DC-STAFF,Marrow Klein,-100828
202602,Actual,LLP,Advisory,DC-SUBS,Marrow Klein,-29162
202602,Actual,LLP,Advisory,DC-EXP,Marrow Klein,-7566
202602,Actual,LLP,Advisory,REV-ADV,Vantis Retail,171666
202602,Actual,LLP,Advisory,DC-STAFF,Vantis Retail,-72939
202602,Actual,LLP,Advisory,DC-SUBS,Vantis Retail,-21096
202602,Actual,LLP,Advisory,DC-EXP,Vantis Retail,-5473
202602,Actual,PRJ,Projects,REV-PRJ,Harding & Co,474605
202602,Actual,PRJ,Projects,DC-STAFF,Harding & Co,-237656
202602,Actual,PRJ,Projects,DC-SUBS,Harding & Co,-68736
202602,Actual,PRJ,Projects,DC-EXP,Harding & Co,-17832
202602,Actual,PRJ,Projects,REV-PRJ,Delphi Works,242351
202602,Actual,PRJ,Projects,DC-STAFF,Delphi Works,-121356
202602,Actual,PRJ,Projects,DC-SUBS,Delphi Works,-35099
202602,Actual,PRJ,Projects,DC-EXP,Delphi Works,-9106
202602,Actual,PRJ,Projects,REV-PRJ,Corven Group,181764
202602,Actual,PRJ,Projects,DC-STAFF,Corven Group,-91017
202602,Actual,PRJ,Projects,DC-SUBS,Corven Group,-26324
202602,Actual,PRJ,Projects,DC-EXP,Corven Group,-6829
202602,Actual,LLP,Support,REV-SUP,Kelby Foods,151470
202602,Actual,LLP,Support,DC-STAFF,Kelby Foods,-77793
202602,Actual,LLP,Support,DC-SUBS,Kelby Foods,-22499
202602,Actual,LLP,Support,DC-EXP,Kelby Foods,-5837
202602,Actual,LLP,Support,REV-SUP,Ashfield Care,111078
202602,Actual,LLP,Support,DC-STAFF,Ashfield Care,-57048
202602,Actual,LLP,Support,DC-SUBS,Ashfield Care,-16500
202602,Actual,LLP,Support,DC-EXP,Ashfield Care,-4281
202602,Actual,LLP,Support,REV-SUP,Nyle Distribution,100980
202602,Actual,LLP,Support,DC-STAFF,Nyle Distribution,-51862
202602,Actual,LLP,Support,DC-SUBS,Nyle Distribution,-15000
202602,Actual,LLP,Support,DC-EXP,Nyle Distribution,-3891
202602,Actual,LLP,Support,REV-SUP,Castleton Retail,91892
202602,Actual,LLP,Support,DC-STAFF,Castleton Retail,-47194
202602,Actual,LLP,Support,DC-SUBS,Castleton Retail,-13650
202602,Actual,LLP,Support,DC-EXP,Castleton Retail,-3541
202602,Actual,LLP,Central,OH-ADMIN,,-282743
202602,Actual,MSL,Central,OH-ADMIN,,-169646
202602,Actual,PRJ,Central,OH-ADMIN,,-113097
202602,Actual,LLP,Central,OH-PREM,,-90882
202602,Actual,MSL,Central,OH-PREM,,-54529
202602,Actual,PRJ,Central,OH-PREM,,-36353
202602,Actual,LLP,Central,OH-TECH,,-73210
202602,Actual,MSL,Central,OH-TECH,,-43926
202602,Actual,PRJ,Central,OH-TECH,,-29284
202602,Actual,LLP,Central,OH-MKT,,-30294
202602,Actual,MSL,Central,OH-MKT,,-18176
202602,Actual,PRJ,Central,OH-MKT,,-12118
202602,Actual,LLP,Central,OH-PROF,,-15147
202602,Actual,MSL,Central,OH-PROF,,-9088
202602,Actual,PRJ,Central,OH-PROF,,-6059
202602,Actual,LLP,Central,OH-DEP,,-12622
202602,Actual,MSL,Central,OH-DEP,,-7573
202602,Actual,PRJ,Central,OH-DEP,,-5049
202602,Actual,LLP,Central,OH-OTHER,,-11613
202602,Actual,MSL,Central,OH-OTHER,,-6968
202602,Actual,PRJ,Central,OH-OTHER,,-4645
202602,Budget,MSL,Managed Services,REV-MAN,Peverel Group,684564
202602,Budget,MSL,Managed Services,DC-STAFF,Peverel Group,-291036
202602,Budget,MSL,Managed Services,DC-SUBS,Peverel Group,-84174
202602,Budget,MSL,Managed Services,DC-EXP,Peverel Group,-21838
202602,Budget,MSL,Managed Services,REV-MAN,Castleton Retail,556208
202602,Budget,MSL,Managed Services,DC-STAFF,Castleton Retail,-236466
202602,Budget,MSL,Managed Services,DC-SUBS,Castleton Retail,-68391
202602,Budget,MSL,Managed Services,DC-EXP,Castleton Retail,-17743
202602,Budget,MSL,Managed Services,REV-MAN,Trentham Group,320890
202602,Budget,MSL,Managed Services,DC-STAFF,Trentham Group,-136423
202602,Budget,MSL,Managed Services,DC-SUBS,Trentham Group,-39457
202602,Budget,MSL,Managed Services,DC-EXP,Trentham Group,-10236
202602,Budget,MSL,Managed Services,REV-MAN,Nyle Distribution,192534
202602,Budget,MSL,Managed Services,DC-STAFF,Nyle Distribution,-81854
202602,Budget,MSL,Managed Services,DC-SUBS,Nyle Distribution,-23674
202602,Budget,MSL,Managed Services,DC-EXP,Nyle Distribution,-6142
202602,Budget,MSL,Managed Services,REV-MAN,Ashfield Care,128356
202602,Budget,MSL,Managed Services,DC-STAFF,Ashfield Care,-54569
202602,Budget,MSL,Managed Services,DC-SUBS,Ashfield Care,-15783
202602,Budget,MSL,Managed Services,DC-EXP,Ashfield Care,-4095
202602,Budget,LLP,Advisory,REV-ADV,Oakline Foods,444293
202602,Budget,LLP,Advisory,DC-STAFF,Oakline Foods,-185694
202602,Budget,LLP,Advisory,DC-SUBS,Oakline Foods,-53707
202602,Budget,LLP,Advisory,DC-EXP,Oakline Foods,-13933
202602,Budget,LLP,Advisory,REV-ADV,Bramwell Media,385411
202602,Budget,LLP,Advisory,DC-STAFF,Bramwell Media,-161084
202602,Budget,LLP,Advisory,DC-SUBS,Bramwell Media,-46589
202602,Budget,LLP,Advisory,DC-EXP,Bramwell Media,-12087
202602,Budget,LLP,Advisory,REV-ADV,Marrow Klein,251588
202602,Budget,LLP,Advisory,DC-STAFF,Marrow Klein,-105152
202602,Budget,LLP,Advisory,DC-SUBS,Marrow Klein,-30412
202602,Budget,LLP,Advisory,DC-EXP,Marrow Klein,-7890
202602,Budget,LLP,Advisory,REV-ADV,Vantis Retail,182000
202602,Budget,LLP,Advisory,DC-STAFF,Vantis Retail,-76067
202602,Budget,LLP,Advisory,DC-SUBS,Vantis Retail,-22000
202602,Budget,LLP,Advisory,DC-EXP,Vantis Retail,-5708
202602,Budget,PRJ,Projects,REV-PRJ,Harding & Co,449987
202602,Budget,PRJ,Projects,DC-STAFF,Harding & Co,-210944
202602,Budget,PRJ,Projects,DC-SUBS,Harding & Co,-61010
202602,Budget,PRJ,Projects,DC-EXP,Harding & Co,-15828
202602,Budget,PRJ,Projects,REV-PRJ,Delphi Works,229780
202602,Budget,PRJ,Projects,DC-STAFF,Delphi Works,-107716
202602,Budget,PRJ,Projects,DC-SUBS,Delphi Works,-31154
202602,Budget,PRJ,Projects,DC-EXP,Delphi Works,-8082
202602,Budget,PRJ,Projects,REV-PRJ,Corven Group,172335
202602,Budget,PRJ,Projects,DC-STAFF,Corven Group,-80787
202602,Budget,PRJ,Projects,DC-SUBS,Corven Group,-23365
202602,Budget,PRJ,Projects,DC-EXP,Corven Group,-6062
202602,Budget,LLP,Support,REV-SUP,Kelby Foods,153236
202602,Budget,LLP,Support,DC-STAFF,Kelby Foods,-77538
202602,Budget,LLP,Support,DC-SUBS,Kelby Foods,-22426
202602,Budget,LLP,Support,DC-EXP,Kelby Foods,-5818
202602,Budget,LLP,Support,REV-SUP,Ashfield Care,112373
202602,Budget,LLP,Support,DC-STAFF,Ashfield Care,-56862
202602,Budget,LLP,Support,DC-SUBS,Ashfield Care,-16446
202602,Budget,LLP,Support,DC-EXP,Ashfield Care,-4267
202602,Budget,LLP,Support,REV-SUP,Nyle Distribution,102157
202602,Budget,LLP,Support,DC-STAFF,Nyle Distribution,-51692
202602,Budget,LLP,Support,DC-SUBS,Nyle Distribution,-14951
202602,Budget,LLP,Support,DC-EXP,Nyle Distribution,-3879
202602,Budget,LLP,Support,REV-SUP,Castleton Retail,92963
202602,Budget,LLP,Support,DC-STAFF,Castleton Retail,-47040
202602,Budget,LLP,Support,DC-SUBS,Castleton Retail,-13605
202602,Budget,LLP,Support,DC-EXP,Castleton Retail,-3530
202602,Budget,LLP,Central,OH-ADMIN,,-257612
202602,Budget,MSL,Central,OH-ADMIN,,-154567
202602,Budget,PRJ,Central,OH-ADMIN,,-103045
202602,Budget,LLP,Central,OH-PREM,,-86696
202602,Budget,MSL,Central,OH-PREM,,-52018
202602,Budget,PRJ,Central,OH-PREM,,-34679
202602,Budget,LLP,Central,OH-TECH,,-74311
202602,Budget,MSL,Central,OH-TECH,,-44587
202602,Budget,PRJ,Central,OH-TECH,,-29725
202602,Budget,LLP,Central,OH-MKT,,-44587
202602,Budget,MSL,Central,OH-MKT,,-26752
202602,Budget,PRJ,Central,OH-MKT,,-17835
202602,Budget,LLP,Central,OH-PROF,,-22293
202602,Budget,MSL,Central,OH-PROF,,-13376
202602,Budget,PRJ,Central,OH-PROF,,-8917
202602,Budget,LLP,Central,OH-OTHER,,-49541
202602,Budget,MSL,Central,OH-OTHER,,-29725
202602,Budget,PRJ,Central,OH-OTHER,,-19816
202603,Actual,MSL,Managed Services,REV-MAN,Peverel Group,630317
202603,Actual,MSL,Managed Services,DC-STAFF,Peverel Group,-272488
202603,Actual,MSL,Managed Services,DC-SUBS,Peverel Group,-78810
202603,Actual,MSL,Managed Services,DC-EXP,Peverel Group,-20446
202603,Actual,MSL,Managed Services,REV-MAN,Castleton Retail,512132
202603,Actual,MSL,Managed Services,DC-STAFF,Castleton Retail,-221397
202603,Actual,MSL,Managed Services,DC-SUBS,Castleton Retail,-64033
202603,Actual,MSL,Managed Services,DC-EXP,Castleton Retail,-16612
202603,Actual,MSL,Managed Services,REV-MAN,Trentham Group,295461
202603,Actual,MSL,Managed Services,DC-STAFF,Trentham Group,-127729
202603,Actual,MSL,Managed Services,DC-SUBS,Trentham Group,-36942
202603,Actual,MSL,Managed Services,DC-EXP,Trentham Group,-9584
202603,Actual,MSL,Managed Services,REV-MAN,Nyle Distribution,177277
202603,Actual,MSL,Managed Services,DC-STAFF,Nyle Distribution,-76637
202603,Actual,MSL,Managed Services,DC-SUBS,Nyle Distribution,-22165
202603,Actual,MSL,Managed Services,DC-EXP,Nyle Distribution,-5750
202603,Actual,MSL,Managed Services,REV-MAN,Ashfield Care,118184
202603,Actual,MSL,Managed Services,DC-STAFF,Ashfield Care,-51092
202603,Actual,MSL,Managed Services,DC-SUBS,Ashfield Care,-14777
202603,Actual,MSL,Managed Services,DC-EXP,Ashfield Care,-3834
202603,Actual,LLP,Advisory,REV-ADV,Oakline Foods,408721
202603,Actual,LLP,Advisory,DC-STAFF,Oakline Foods,-173662
202603,Actual,LLP,Advisory,DC-SUBS,Oakline Foods,-50227
202603,Actual,LLP,Advisory,DC-EXP,Oakline Foods,-13031
202603,Actual,LLP,Advisory,REV-ADV,Bramwell Media,354553
202603,Actual,LLP,Advisory,DC-STAFF,Bramwell Media,-150647
202603,Actual,LLP,Advisory,DC-SUBS,Bramwell Media,-43570
202603,Actual,LLP,Advisory,DC-EXP,Bramwell Media,-11304
202603,Actual,LLP,Advisory,REV-ADV,Marrow Klein,231444
202603,Actual,LLP,Advisory,DC-STAFF,Marrow Klein,-98339
202603,Actual,LLP,Advisory,DC-SUBS,Marrow Klein,-28442
202603,Actual,LLP,Advisory,DC-EXP,Marrow Klein,-7379
202603,Actual,LLP,Advisory,REV-ADV,Vantis Retail,167428
202603,Actual,LLP,Advisory,DC-STAFF,Vantis Retail,-71139
202603,Actual,LLP,Advisory,DC-SUBS,Vantis Retail,-20575
202603,Actual,LLP,Advisory,DC-EXP,Vantis Retail,-5338
202603,Actual,PRJ,Projects,REV-PRJ,Harding & Co,462889
202603,Actual,PRJ,Projects,DC-STAFF,Harding & Co,-231790
202603,Actual,PRJ,Projects,DC-SUBS,Harding & Co,-67039
202603,Actual,PRJ,Projects,DC-EXP,Harding & Co,-17392
202603,Actual,PRJ,Projects,REV-PRJ,Delphi Works,236369
202603,Actual,PRJ,Projects,DC-STAFF,Delphi Works,-118361
202603,Actual,PRJ,Projects,DC-SUBS,Delphi Works,-34233
202603,Actual,PRJ,Projects,DC-EXP,Delphi Works,-8881
202603,Actual,PRJ,Projects,REV-PRJ,Corven Group,177277
202603,Actual,PRJ,Projects,DC-STAFF,Corven Group,-88771
202603,Actual,PRJ,Projects,DC-SUBS,Corven Group,-25674
202603,Actual,PRJ,Projects,DC-EXP,Corven Group,-6661
202603,Actual,LLP,Support,REV-SUP,Kelby Foods,147730
202603,Actual,LLP,Support,DC-STAFF,Kelby Foods,-75873
202603,Actual,LLP,Support,DC-SUBS,Kelby Foods,-21944
202603,Actual,LLP,Support,DC-EXP,Kelby Foods,-5693
202603,Actual,LLP,Support,REV-SUP,Ashfield Care,108336
202603,Actual,LLP,Support,DC-STAFF,Ashfield Care,-55640
202603,Actual,LLP,Support,DC-SUBS,Ashfield Care,-16092
202603,Actual,LLP,Support,DC-EXP,Ashfield Care,-4175
202603,Actual,LLP,Support,REV-SUP,Nyle Distribution,98487
202603,Actual,LLP,Support,DC-STAFF,Nyle Distribution,-50582
202603,Actual,LLP,Support,DC-SUBS,Nyle Distribution,-14629
202603,Actual,LLP,Support,DC-EXP,Nyle Distribution,-3795
202603,Actual,LLP,Support,REV-SUP,Castleton Retail,89623
202603,Actual,LLP,Support,DC-STAFF,Castleton Retail,-46029
202603,Actual,LLP,Support,DC-SUBS,Castleton Retail,-13313
202603,Actual,LLP,Support,DC-EXP,Castleton Retail,-3454
202603,Actual,LLP,Central,OH-ADMIN,,-275764
202603,Actual,MSL,Central,OH-ADMIN,,-165458
202603,Actual,PRJ,Central,OH-ADMIN,,-110305
202603,Actual,LLP,Central,OH-PREM,,-88638
202603,Actual,MSL,Central,OH-PREM,,-53183
202603,Actual,PRJ,Central,OH-PREM,,-35455
202603,Actual,LLP,Central,OH-TECH,,-71403
202603,Actual,MSL,Central,OH-TECH,,-42842
202603,Actual,PRJ,Central,OH-TECH,,-28561
202603,Actual,LLP,Central,OH-MKT,,-29546
202603,Actual,MSL,Central,OH-MKT,,-17728
202603,Actual,PRJ,Central,OH-MKT,,-11818
202603,Actual,LLP,Central,OH-PROF,,-14773
202603,Actual,MSL,Central,OH-PROF,,-8864
202603,Actual,PRJ,Central,OH-PROF,,-5909
202603,Actual,LLP,Central,OH-DEP,,-12311
202603,Actual,MSL,Central,OH-DEP,,-7387
202603,Actual,PRJ,Central,OH-DEP,,-4924
202603,Actual,LLP,Central,OH-OTHER,,-11326
202603,Actual,MSL,Central,OH-OTHER,,-6796
202603,Actual,PRJ,Central,OH-OTHER,,-4530
202603,Budget,MSL,Managed Services,REV-MAN,Peverel Group,690260
202603,Budget,MSL,Managed Services,DC-STAFF,Peverel Group,-293457
202603,Budget,MSL,Managed Services,DC-SUBS,Peverel Group,-84874
202603,Budget,MSL,Managed Services,DC-EXP,Peverel Group,-22019
202603,Budget,MSL,Managed Services,REV-MAN,Castleton Retail,560836
202603,Budget,MSL,Managed Services,DC-STAFF,Castleton Retail,-238434
202603,Budget,MSL,Managed Services,DC-SUBS,Castleton Retail,-68960
202603,Budget,MSL,Managed Services,DC-EXP,Castleton Retail,-17891
202603,Budget,MSL,Managed Services,REV-MAN,Trentham Group,323559
202603,Budget,MSL,Managed Services,DC-STAFF,Trentham Group,-137558
202603,Budget,MSL,Managed Services,DC-SUBS,Trentham Group,-39785
202603,Budget,MSL,Managed Services,DC-EXP,Trentham Group,-10322
202603,Budget,MSL,Managed Services,REV-MAN,Nyle Distribution,194136
202603,Budget,MSL,Managed Services,DC-STAFF,Nyle Distribution,-82535
202603,Budget,MSL,Managed Services,DC-SUBS,Nyle Distribution,-23871
202603,Budget,MSL,Managed Services,DC-EXP,Nyle Distribution,-6193
202603,Budget,MSL,Managed Services,REV-MAN,Ashfield Care,129424
202603,Budget,MSL,Managed Services,DC-STAFF,Ashfield Care,-55023
202603,Budget,MSL,Managed Services,DC-SUBS,Ashfield Care,-15914
202603,Budget,MSL,Managed Services,DC-EXP,Ashfield Care,-4129
202603,Budget,LLP,Advisory,REV-ADV,Oakline Foods,447990
202603,Budget,LLP,Advisory,DC-STAFF,Oakline Foods,-187239
202603,Budget,LLP,Advisory,DC-SUBS,Oakline Foods,-54154
202603,Budget,LLP,Advisory,DC-EXP,Oakline Foods,-14049
202603,Budget,LLP,Advisory,REV-ADV,Bramwell Media,388618
202603,Budget,LLP,Advisory,DC-STAFF,Bramwell Media,-162424
202603,Budget,LLP,Advisory,DC-SUBS,Bramwell Media,-46977
202603,Budget,LLP,Advisory,DC-EXP,Bramwell Media,-12187
202603,Budget,LLP,Advisory,REV-ADV,Marrow Klein,253681
202603,Budget,LLP,Advisory,DC-STAFF,Marrow Klein,-106027
202603,Budget,LLP,Advisory,DC-SUBS,Marrow Klein,-30665
202603,Budget,LLP,Advisory,DC-EXP,Marrow Klein,-7956
202603,Budget,LLP,Advisory,REV-ADV,Vantis Retail,183514
202603,Budget,LLP,Advisory,DC-STAFF,Vantis Retail,-76700
202603,Budget,LLP,Advisory,DC-SUBS,Vantis Retail,-22183
202603,Budget,LLP,Advisory,DC-EXP,Vantis Retail,-5755
202603,Budget,PRJ,Projects,REV-PRJ,Harding & Co,453731
202603,Budget,PRJ,Projects,DC-STAFF,Harding & Co,-212699
202603,Budget,PRJ,Projects,DC-SUBS,Harding & Co,-61517
202603,Budget,PRJ,Projects,DC-EXP,Harding & Co,-15960
202603,Budget,PRJ,Projects,REV-PRJ,Delphi Works,231692
202603,Budget,PRJ,Projects,DC-STAFF,Delphi Works,-108612
202603,Budget,PRJ,Projects,DC-SUBS,Delphi Works,-31413
202603,Budget,PRJ,Projects,DC-EXP,Delphi Works,-8150
202603,Budget,PRJ,Projects,REV-PRJ,Corven Group,173769
202603,Budget,PRJ,Projects,DC-STAFF,Corven Group,-81459
202603,Budget,PRJ,Projects,DC-SUBS,Corven Group,-23560
202603,Budget,PRJ,Projects,DC-EXP,Corven Group,-6112
202603,Budget,LLP,Support,REV-SUP,Kelby Foods,154511
202603,Budget,LLP,Support,DC-STAFF,Kelby Foods,-78184
202603,Budget,LLP,Support,DC-SUBS,Kelby Foods,-22612
202603,Budget,LLP,Support,DC-EXP,Kelby Foods,-5866
202603,Budget,LLP,Support,REV-SUP,Ashfield Care,113308
202603,Budget,LLP,Support,DC-STAFF,Ashfield Care,-57335
202603,Budget,LLP,Support,DC-SUBS,Ashfield Care,-16582
202603,Budget,LLP,Support,DC-EXP,Ashfield Care,-4302
202603,Budget,LLP,Support,REV-SUP,Nyle Distribution,103007
202603,Budget,LLP,Support,DC-STAFF,Nyle Distribution,-52122
202603,Budget,LLP,Support,DC-SUBS,Nyle Distribution,-15075
202603,Budget,LLP,Support,DC-EXP,Nyle Distribution,-3911
202603,Budget,LLP,Support,REV-SUP,Castleton Retail,93737
202603,Budget,LLP,Support,DC-STAFF,Castleton Retail,-47431
202603,Budget,LLP,Support,DC-SUBS,Castleton Retail,-13718
202603,Budget,LLP,Support,DC-EXP,Castleton Retail,-3559
202603,Budget,LLP,Central,OH-ADMIN,,-259756
202603,Budget,MSL,Central,OH-ADMIN,,-155853
202603,Budget,PRJ,Central,OH-ADMIN,,-103902
202603,Budget,LLP,Central,OH-PREM,,-87418
202603,Budget,MSL,Central,OH-PREM,,-52451
202603,Budget,PRJ,Central,OH-PREM,,-34967
202603,Budget,LLP,Central,OH-TECH,,-74930
202603,Budget,MSL,Central,OH-TECH,,-44958
202603,Budget,PRJ,Central,OH-TECH,,-29972
202603,Budget,LLP,Central,OH-MKT,,-44958
202603,Budget,MSL,Central,OH-MKT,,-26975
202603,Budget,PRJ,Central,OH-MKT,,-17983
202603,Budget,LLP,Central,OH-PROF,,-22479
202603,Budget,MSL,Central,OH-PROF,,-13487
202603,Budget,PRJ,Central,OH-PROF,,-8992
202603,Budget,LLP,Central,OH-OTHER,,-49953
202603,Budget,MSL,Central,OH-OTHER,,-29972
202603,Budget,PRJ,Central,OH-OTHER,,-19981
202604,Actual,MSL,Managed Services,REV-MAN,Peverel Group,654320
202604,Actual,MSL,Managed Services,DC-STAFF,Peverel Group,-282865
202604,Actual,MSL,Managed Services,DC-SUBS,Peverel Group,-81811
202604,Actual,MSL,Managed Services,DC-EXP,Peverel Group,-21225
202604,Actual,MSL,Managed Services,REV-MAN,Castleton Retail,531635
202604,Actual,MSL,Managed Services,DC-STAFF,Castleton Retail,-229828
202604,Actual,MSL,Managed Services,DC-SUBS,Castleton Retail,-66471
202604,Actual,MSL,Managed Services,DC-EXP,Castleton Retail,-17245
202604,Actual,MSL,Managed Services,REV-MAN,Trentham Group,306712
202604,Actual,MSL,Managed Services,DC-STAFF,Trentham Group,-132593
202604,Actual,MSL,Managed Services,DC-SUBS,Trentham Group,-38349
202604,Actual,MSL,Managed Services,DC-EXP,Trentham Group,-9949
202604,Actual,MSL,Managed Services,REV-MAN,Nyle Distribution,184027
202604,Actual,MSL,Managed Services,DC-STAFF,Nyle Distribution,-79556
202604,Actual,MSL,Managed Services,DC-SUBS,Nyle Distribution,-23009
202604,Actual,MSL,Managed Services,DC-EXP,Nyle Distribution,-5969
202604,Actual,MSL,Managed Services,REV-MAN,Ashfield Care,122685
202604,Actual,MSL,Managed Services,DC-STAFF,Ashfield Care,-53037
202604,Actual,MSL,Managed Services,DC-SUBS,Ashfield Care,-15340
202604,Actual,MSL,Managed Services,DC-EXP,Ashfield Care,-3980
202604,Actual,LLP,Advisory,REV-ADV,Oakline Foods,424286
202604,Actual,LLP,Advisory,DC-STAFF,Oakline Foods,-180275
202604,Actual,LLP,Advisory,DC-SUBS,Oakline Foods,-52140
202604,Actual,LLP,Advisory,DC-EXP,Oakline Foods,-13527
202604,Actual,LLP,Advisory,REV-ADV,Bramwell Media,368055
202604,Actual,LLP,Advisory,DC-STAFF,Bramwell Media,-156383
202604,Actual,LLP,Advisory,DC-SUBS,Bramwell Media,-45230
202604,Actual,LLP,Advisory,DC-EXP,Bramwell Media,-11734
202604,Actual,LLP,Advisory,REV-ADV,Marrow Klein,240258
202604,Actual,LLP,Advisory,DC-STAFF,Marrow Klein,-102084
202604,Actual,LLP,Advisory,DC-SUBS,Marrow Klein,-29525
202604,Actual,LLP,Advisory,DC-EXP,Marrow Klein,-7660
202604,Actual,LLP,Advisory,REV-ADV,Vantis Retail,173804
202604,Actual,LLP,Advisory,DC-STAFF,Vantis Retail,-73848
202604,Actual,LLP,Advisory,DC-SUBS,Vantis Retail,-21358
202604,Actual,LLP,Advisory,DC-EXP,Vantis Retail,-5541
202604,Actual,PRJ,Projects,REV-PRJ,Harding & Co,480516
202604,Actual,PRJ,Projects,DC-STAFF,Harding & Co,-240617
202604,Actual,PRJ,Projects,DC-SUBS,Harding & Co,-69592
202604,Actual,PRJ,Projects,DC-EXP,Harding & Co,-18054
202604,Actual,PRJ,Projects,REV-PRJ,Delphi Works,245370
202604,Actual,PRJ,Projects,DC-STAFF,Delphi Works,-122868
202604,Actual,PRJ,Projects,DC-SUBS,Delphi Works,-35536
202604,Actual,PRJ,Projects,DC-EXP,Delphi Works,-9219
202604,Actual,PRJ,Projects,REV-PRJ,Corven Group,184027
202604,Actual,PRJ,Projects,DC-STAFF,Corven Group,-92151
202604,Actual,PRJ,Projects,DC-SUBS,Corven Group,-26652
202604,Actual,PRJ,Projects,DC-EXP,Corven Group,-6914
202604,Actual,LLP,Support,REV-SUP,Kelby Foods,153356
202604,Actual,LLP,Support,DC-STAFF,Kelby Foods,-78762
202604,Actual,LLP,Support,DC-SUBS,Kelby Foods,-22780
202604,Actual,LLP,Support,DC-EXP,Kelby Foods,-5910
202604,Actual,LLP,Support,REV-SUP,Ashfield Care,112461
202604,Actual,LLP,Support,DC-STAFF,Ashfield Care,-57759
202604,Actual,LLP,Support,DC-SUBS,Ashfield Care,-16705
202604,Actual,LLP,Support,DC-EXP,Ashfield Care,-4334
202604,Actual,LLP,Support,REV-SUP,Nyle Distribution,102237
202604,Actual,LLP,Support,DC-STAFF,Nyle Distribution,-52508
202604,Actual,LLP,Support,DC-SUBS,Nyle Distribution,-15186
202604,Actual,LLP,Support,DC-EXP,Nyle Distribution,-3940
202604,Actual,LLP,Support,REV-SUP,Castleton Retail,93036
202604,Actual,LLP,Support,DC-STAFF,Castleton Retail,-47782
202604,Actual,LLP,Support,DC-SUBS,Castleton Retail,-13820
202604,Actual,LLP,Support,DC-EXP,Castleton Retail,-3585
202604,Actual,LLP,Central,OH-ADMIN,,-286265
202604,Actual,MSL,Central,OH-ADMIN,,-171759
202604,Actual,PRJ,Central,OH-ADMIN,,-114506
202604,Actual,LLP,Central,OH-PREM,,-92014
202604,Actual,MSL,Central,OH-PREM,,-55208
202604,Actual,PRJ,Central,OH-PREM,,-36805
202604,Actual,LLP,Central,OH-TECH,,-74122
202604,Actual,MSL,Central,OH-TECH,,-44473
202604,Actual,PRJ,Central,OH-TECH,,-29649
202604,Actual,LLP,Central,OH-MKT,,-30671
202604,Actual,MSL,Central,OH-MKT,,-18403
202604,Actual,PRJ,Central,OH-MKT,,-12268
202604,Actual,LLP,Central,OH-PROF,,-15336
202604,Actual,MSL,Central,OH-PROF,,-9201
202604,Actual,PRJ,Central,OH-PROF,,-6134
202604,Actual,LLP,Central,OH-DEP,,-12780
202604,Actual,MSL,Central,OH-DEP,,-7668
202604,Actual,PRJ,Central,OH-DEP,,-5112
202604,Actual,LLP,Central,OH-OTHER,,-11757
202604,Actual,MSL,Central,OH-OTHER,,-7054
202604,Actual,PRJ,Central,OH-OTHER,,-4703
202604,Budget,MSL,Managed Services,REV-MAN,Peverel Group,694622
202604,Budget,MSL,Managed Services,DC-STAFF,Peverel Group,-295312
202604,Budget,MSL,Managed Services,DC-SUBS,Peverel Group,-85411
202604,Budget,MSL,Managed Services,DC-EXP,Peverel Group,-22158
202604,Budget,MSL,Managed Services,REV-MAN,Castleton Retail,564380
202604,Budget,MSL,Managed Services,DC-STAFF,Castleton Retail,-239941
202604,Budget,MSL,Managed Services,DC-SUBS,Castleton Retail,-69396
202604,Budget,MSL,Managed Services,DC-EXP,Castleton Retail,-18004
202604,Budget,MSL,Managed Services,REV-MAN,Trentham Group,325604
202604,Budget,MSL,Managed Services,DC-STAFF,Trentham Group,-138427
202604,Budget,MSL,Managed Services,DC-SUBS,Trentham Group,-40036
202604,Budget,MSL,Managed Services,DC-EXP,Trentham Group,-10387
202604,Budget,MSL,Managed Services,REV-MAN,Nyle Distribution,195362
202604,Budget,MSL,Managed Services,DC-STAFF,Nyle Distribution,-83056
202604,Budget,MSL,Managed Services,DC-SUBS,Nyle Distribution,-24022
202604,Budget,MSL,Managed Services,DC-EXP,Nyle Distribution,-6232
202604,Budget,MSL,Managed Services,REV-MAN,Ashfield Care,130242
202604,Budget,MSL,Managed Services,DC-STAFF,Ashfield Care,-55371
202604,Budget,MSL,Managed Services,DC-SUBS,Ashfield Care,-16015
202604,Budget,MSL,Managed Services,DC-EXP,Ashfield Care,-4155
202604,Budget,LLP,Advisory,REV-ADV,Oakline Foods,450821
202604,Budget,LLP,Advisory,DC-STAFF,Oakline Foods,-188422
202604,Budget,LLP,Advisory,DC-SUBS,Oakline Foods,-54496
202604,Budget,LLP,Advisory,DC-EXP,Oakline Foods,-14138
202604,Budget,LLP,Advisory,REV-ADV,Bramwell Media,391073
202604,Budget,LLP,Advisory,DC-STAFF,Bramwell Media,-163451
202604,Budget,LLP,Advisory,DC-SUBS,Bramwell Media,-47274
202604,Budget,LLP,Advisory,DC-EXP,Bramwell Media,-12264
202604,Budget,LLP,Advisory,REV-ADV,Marrow Klein,255284
202604,Budget,LLP,Advisory,DC-STAFF,Marrow Klein,-106697
202604,Budget,LLP,Advisory,DC-SUBS,Marrow Klein,-30859
202604,Budget,LLP,Advisory,DC-EXP,Marrow Klein,-8006
202604,Budget,LLP,Advisory,REV-ADV,Vantis Retail,184674
202604,Budget,LLP,Advisory,DC-STAFF,Vantis Retail,-77185
202604,Budget,LLP,Advisory,DC-SUBS,Vantis Retail,-22324
202604,Budget,LLP,Advisory,DC-EXP,Vantis Retail,-5792
202604,Budget,PRJ,Projects,REV-PRJ,Harding & Co,456598
202604,Budget,PRJ,Projects,DC-STAFF,Harding & Co,-214043
202604,Budget,PRJ,Projects,DC-SUBS,Harding & Co,-61906
202604,Budget,PRJ,Projects,DC-EXP,Harding & Co,-16061
202604,Budget,PRJ,Projects,REV-PRJ,Delphi Works,233156
202604,Budget,PRJ,Projects,DC-STAFF,Delphi Works,-109299
202604,Budget,PRJ,Projects,DC-SUBS,Delphi Works,-31612
202604,Budget,PRJ,Projects,DC-EXP,Delphi Works,-8201
202604,Budget,PRJ,Projects,REV-PRJ,Corven Group,174867
202604,Budget,PRJ,Projects,DC-STAFF,Corven Group,-81974
202604,Budget,PRJ,Projects,DC-SUBS,Corven Group,-23709
202604,Budget,PRJ,Projects,DC-EXP,Corven Group,-6151
202604,Budget,LLP,Support,REV-SUP,Kelby Foods,155487
202604,Budget,LLP,Support,DC-STAFF,Kelby Foods,-78678
202604,Budget,LLP,Support,DC-SUBS,Kelby Foods,-22755
202604,Budget,LLP,Support,DC-EXP,Kelby Foods,-5904
202604,Budget,LLP,Support,REV-SUP,Ashfield Care,114024
202604,Budget,LLP,Support,DC-STAFF,Ashfield Care,-57697
202604,Budget,LLP,Support,DC-SUBS,Ashfield Care,-16687
202604,Budget,LLP,Support,DC-EXP,Ashfield Care,-4329
202604,Budget,LLP,Support,REV-SUP,Nyle Distribution,103658
202604,Budget,LLP,Support,DC-STAFF,Nyle Distribution,-52452
202604,Budget,LLP,Support,DC-SUBS,Nyle Distribution,-15170
202604,Budget,LLP,Support,DC-EXP,Nyle Distribution,-3936
202604,Budget,LLP,Support,REV-SUP,Castleton Retail,94329
202604,Budget,LLP,Support,DC-STAFF,Castleton Retail,-47731
202604,Budget,LLP,Support,DC-SUBS,Castleton Retail,-13805
202604,Budget,LLP,Support,DC-EXP,Castleton Retail,-3581
202604,Budget,LLP,Central,OH-ADMIN,,-261397
202604,Budget,MSL,Central,OH-ADMIN,,-156838
202604,Budget,PRJ,Central,OH-ADMIN,,-104559
202604,Budget,LLP,Central,OH-PREM,,-87970
202604,Budget,MSL,Central,OH-PREM,,-52782
202604,Budget,PRJ,Central,OH-PREM,,-35188
202604,Budget,LLP,Central,OH-TECH,,-75403
202604,Budget,MSL,Central,OH-TECH,,-45242
202604,Budget,PRJ,Central,OH-TECH,,-30161
202604,Budget,LLP,Central,OH-MKT,,-45242
202604,Budget,MSL,Central,OH-MKT,,-27145
202604,Budget,PRJ,Central,OH-MKT,,-18097
202604,Budget,LLP,Central,OH-PROF,,-22621
202604,Budget,MSL,Central,OH-PROF,,-13573
202604,Budget,PRJ,Central,OH-PROF,,-9048
202604,Budget,LLP,Central,OH-OTHER,,-50269
202604,Budget,MSL,Central,OH-OTHER,,-30161
202604,Budget,PRJ,Central,OH-OTHER,,-20107
202605,Actual,MSL,Managed Services,REV-MAN,Peverel Group,657722
202605,Actual,MSL,Managed Services,DC-STAFF,Peverel Group,-284335
202605,Actual,MSL,Managed Services,DC-SUBS,Peverel Group,-82236
202605,Actual,MSL,Managed Services,DC-EXP,Peverel Group,-21335
202605,Actual,MSL,Managed Services,REV-MAN,Castleton Retail,534399
202605,Actual,MSL,Managed Services,DC-STAFF,Castleton Retail,-231022
202605,Actual,MSL,Managed Services,DC-SUBS,Castleton Retail,-66817
202605,Actual,MSL,Managed Services,DC-EXP,Castleton Retail,-17335
202605,Actual,MSL,Managed Services,REV-MAN,Trentham Group,308307
202605,Actual,MSL,Managed Services,DC-STAFF,Trentham Group,-133282
202605,Actual,MSL,Managed Services,DC-SUBS,Trentham Group,-38548
202605,Actual,MSL,Managed Services,DC-EXP,Trentham Group,-10001
202605,Actual,MSL,Managed Services,REV-MAN,Nyle Distribution,184984
202605,Actual,MSL,Managed Services,DC-STAFF,Nyle Distribution,-79969
202605,Actual,MSL,Managed Services,DC-SUBS,Nyle Distribution,-23129
202605,Actual,MSL,Managed Services,DC-EXP,Nyle Distribution,-6000
202605,Actual,MSL,Managed Services,REV-MAN,Ashfield Care,123323
202605,Actual,MSL,Managed Services,DC-STAFF,Ashfield Care,-53313
202605,Actual,MSL,Managed Services,DC-SUBS,Ashfield Care,-15419
202605,Actual,MSL,Managed Services,DC-EXP,Ashfield Care,-4000
202605,Actual,LLP,Advisory,REV-ADV,Oakline Foods,426491
202605,Actual,LLP,Advisory,DC-STAFF,Oakline Foods,-181213
202605,Actual,LLP,Advisory,DC-SUBS,Oakline Foods,-52411
202605,Actual,LLP,Advisory,DC-EXP,Oakline Foods,-13597
202605,Actual,LLP,Advisory,REV-ADV,Bramwell Media,369968
202605,Actual,LLP,Advisory,DC-STAFF,Bramwell Media,-157196
202605,Actual,LLP,Advisory,DC-SUBS,Bramwell Media,-45465
202605,Actual,LLP,Advisory,DC-EXP,Bramwell Media,-11795
202605,Actual,LLP,Advisory,REV-ADV,Marrow Klein,241507
202605,Actual,LLP,Advisory,DC-STAFF,Marrow Klein,-102614
202605,Actual,LLP,Advisory,DC-SUBS,Marrow Klein,-29678
202605,Actual,LLP,Advisory,DC-EXP,Marrow Klein,-7700
202605,Actual,LLP,Advisory,REV-ADV,Vantis Retail,174707
202605,Actual,LLP,Advisory,DC-STAFF,Vantis Retail,-74232
202605,Actual,LLP,Advisory,DC-SUBS,Vantis Retail,-21469
202605,Actual,LLP,Advisory,DC-EXP,Vantis Retail,-5570
202605,Actual,PRJ,Projects,REV-PRJ,Harding & Co,483014
202605,Actual,PRJ,Projects,DC-STAFF,Harding & Co,-241868
202605,Actual,PRJ,Projects,DC-SUBS,Harding & Co,-69953
202605,Actual,PRJ,Projects,DC-EXP,Harding & Co,-18148
202605,Actual,PRJ,Projects,REV-PRJ,Delphi Works,246646
202605,Actual,PRJ,Projects,DC-STAFF,Delphi Works,-123507
202605,Actual,PRJ,Projects,DC-SUBS,Delphi Works,-35721
202605,Actual,PRJ,Projects,DC-EXP,Delphi Works,-9267
202605,Actual,PRJ,Projects,REV-PRJ,Corven Group,184984
202605,Actual,PRJ,Projects,DC-STAFF,Corven Group,-92630
202605,Actual,PRJ,Projects,DC-SUBS,Corven Group,-26791
202605,Actual,PRJ,Projects,DC-EXP,Corven Group,-6950
202605,Actual,LLP,Support,REV-SUP,Kelby Foods,154153
202605,Actual,LLP,Support,DC-STAFF,Kelby Foods,-79171
202605,Actual,LLP,Support,DC-SUBS,Kelby Foods,-22898
202605,Actual,LLP,Support,DC-EXP,Kelby Foods,-5941
202605,Actual,LLP,Support,REV-SUP,Ashfield Care,113046
202605,Actual,LLP,Support,DC-STAFF,Ashfield Care,-58059
202605,Actual,LLP,Support,DC-SUBS,Ashfield Care,-16792
202605,Actual,LLP,Support,DC-EXP,Ashfield Care,-4356
202605,Actual,LLP,Support,REV-SUP,Nyle Distribution,102769
202605,Actual,LLP,Support,DC-STAFF,Nyle Distribution,-52781
202605,Actual,LLP,Support,DC-SUBS,Nyle Distribution,-15265
202605,Actual,LLP,Support,DC-EXP,Nyle Distribution,-3960
202605,Actual,LLP,Support,REV-SUP,Castleton Retail,93520
202605,Actual,LLP,Support,DC-STAFF,Castleton Retail,-48031
202605,Actual,LLP,Support,DC-SUBS,Castleton Retail,-13892
202605,Actual,LLP,Support,DC-EXP,Castleton Retail,-3604
202605,Actual,LLP,Central,OH-ADMIN,,-287753
202605,Actual,MSL,Central,OH-ADMIN,,-172652
202605,Actual,PRJ,Central,OH-ADMIN,,-115101
202605,Actual,LLP,Central,OH-PREM,,-92492
202605,Actual,MSL,Central,OH-PREM,,-55495
202605,Actual,PRJ,Central,OH-PREM,,-36997
202605,Actual,LLP,Central,OH-TECH,,-74508
202605,Actual,MSL,Central,OH-TECH,,-44705
202605,Actual,PRJ,Central,OH-TECH,,-29803
202605,Actual,LLP,Central,OH-MKT,,-30831
202605,Actual,MSL,Central,OH-MKT,,-18498
202605,Actual,PRJ,Central,OH-MKT,,-12332
202605,Actual,LLP,Central,OH-PROF,,-15415
202605,Actual,MSL,Central,OH-PROF,,-9249
202605,Actual,PRJ,Central,OH-PROF,,-6166
202605,Actual,LLP,Central,OH-DEP,,-12846
202605,Actual,MSL,Central,OH-DEP,,-7708
202605,Actual,PRJ,Central,OH-DEP,,-5138
202605,Actual,LLP,Central,OH-OTHER,,-11818
202605,Actual,MSL,Central,OH-OTHER,,-7091
202605,Actual,PRJ,Central,OH-OTHER,,-4727
202605,Budget,MSL,Managed Services,REV-MAN,Peverel Group,697080
202605,Budget,MSL,Managed Services,DC-STAFF,Peverel Group,-296356
202605,Budget,MSL,Managed Services,DC-SUBS,Peverel Group,-85713
202605,Budget,MSL,Managed Services,DC-EXP,Peverel Group,-22237
202605,Budget,MSL,Managed Services,REV-MAN,Castleton Retail,566377
202605,Budget,MSL,Managed Services,DC-STAFF,Castleton Retail,-240790
202605,Budget,MSL,Managed Services,DC-SUBS,Castleton Retail,-69642
202605,Budget,MSL,Managed Services,DC-EXP,Castleton Retail,-18067
202605,Budget,MSL,Managed Services,REV-MAN,Trentham Group,326756
202605,Budget,MSL,Managed Services,DC-STAFF,Trentham Group,-138917
202605,Budget,MSL,Managed Services,DC-SUBS,Trentham Group,-40178
202605,Budget,MSL,Managed Services,DC-EXP,Trentham Group,-10424
202605,Budget,MSL,Managed Services,REV-MAN,Nyle Distribution,196054
202605,Budget,MSL,Managed Services,DC-STAFF,Nyle Distribution,-83350
202605,Budget,MSL,Managed Services,DC-SUBS,Nyle Distribution,-24107
202605,Budget,MSL,Managed Services,DC-EXP,Nyle Distribution,-6254
202605,Budget,MSL,Managed Services,REV-MAN,Ashfield Care,130702
202605,Budget,MSL,Managed Services,DC-STAFF,Ashfield Care,-55567
202605,Budget,MSL,Managed Services,DC-SUBS,Ashfield Care,-16071
202605,Budget,MSL,Managed Services,DC-EXP,Ashfield Care,-4169
202605,Budget,LLP,Advisory,REV-ADV,Oakline Foods,452416
202605,Budget,LLP,Advisory,DC-STAFF,Oakline Foods,-189089
202605,Budget,LLP,Advisory,DC-SUBS,Oakline Foods,-54689
202605,Budget,LLP,Advisory,DC-EXP,Oakline Foods,-14188
202605,Budget,LLP,Advisory,REV-ADV,Bramwell Media,392457
202605,Budget,LLP,Advisory,DC-STAFF,Bramwell Media,-164029
202605,Budget,LLP,Advisory,DC-SUBS,Bramwell Media,-47441
202605,Budget,LLP,Advisory,DC-EXP,Bramwell Media,-12308
202605,Budget,LLP,Advisory,REV-ADV,Marrow Klein,256187
202605,Budget,LLP,Advisory,DC-STAFF,Marrow Klein,-107074
202605,Budget,LLP,Advisory,DC-SUBS,Marrow Klein,-30968
202605,Budget,LLP,Advisory,DC-EXP,Marrow Klein,-8034
202605,Budget,LLP,Advisory,REV-ADV,Vantis Retail,185327
202605,Budget,LLP,Advisory,DC-STAFF,Vantis Retail,-77458
202605,Budget,LLP,Advisory,DC-SUBS,Vantis Retail,-22403
202605,Budget,LLP,Advisory,DC-EXP,Vantis Retail,-5812
202605,Budget,PRJ,Projects,REV-PRJ,Harding & Co,458213
202605,Budget,PRJ,Projects,DC-STAFF,Harding & Co,-214801
202605,Budget,PRJ,Projects,DC-SUBS,Harding & Co,-62125
202605,Budget,PRJ,Projects,DC-EXP,Harding & Co,-16117
202605,Budget,PRJ,Projects,REV-PRJ,Delphi Works,233981
202605,Budget,PRJ,Projects,DC-STAFF,Delphi Works,-109686
202605,Budget,PRJ,Projects,DC-SUBS,Delphi Works,-31724
202605,Budget,PRJ,Projects,DC-EXP,Delphi Works,-8230
202605,Budget,PRJ,Projects,REV-PRJ,Corven Group,175486
202605,Budget,PRJ,Projects,DC-STAFF,Corven Group,-82264
202605,Budget,PRJ,Projects,DC-SUBS,Corven Group,-23793
202605,Budget,PRJ,Projects,DC-EXP,Corven Group,-6173
202605,Budget,LLP,Support,REV-SUP,Kelby Foods,156038
202605,Budget,LLP,Support,DC-STAFF,Kelby Foods,-78956
202605,Budget,LLP,Support,DC-SUBS,Kelby Foods,-22836
202605,Budget,LLP,Support,DC-EXP,Kelby Foods,-5924
202605,Budget,LLP,Support,REV-SUP,Ashfield Care,114428
202605,Budget,LLP,Support,DC-STAFF,Ashfield Care,-57901
202605,Budget,LLP,Support,DC-SUBS,Ashfield Care,-16746
202605,Budget,LLP,Support,DC-EXP,Ashfield Care,-4345
202605,Budget,LLP,Support,REV-SUP,Nyle Distribution,104025
202605,Budget,LLP,Support,DC-STAFF,Nyle Distribution,-52637
202605,Budget,LLP,Support,DC-SUBS,Nyle Distribution,-15224
202605,Budget,LLP,Support,DC-EXP,Nyle Distribution,-3950
202605,Budget,LLP,Support,REV-SUP,Castleton Retail,94663
202605,Budget,LLP,Support,DC-STAFF,Castleton Retail,-47900
202605,Budget,LLP,Support,DC-SUBS,Castleton Retail,-13854
202605,Budget,LLP,Support,DC-EXP,Castleton Retail,-3594
202605,Budget,LLP,Central,OH-ADMIN,,-262322
202605,Budget,MSL,Central,OH-ADMIN,,-157393
202605,Budget,PRJ,Central,OH-ADMIN,,-104929
202605,Budget,LLP,Central,OH-PREM,,-88281
202605,Budget,MSL,Central,OH-PREM,,-52969
202605,Budget,PRJ,Central,OH-PREM,,-35313
202605,Budget,LLP,Central,OH-TECH,,-75670
202605,Budget,MSL,Central,OH-TECH,,-45402
202605,Budget,PRJ,Central,OH-TECH,,-30268
202605,Budget,LLP,Central,OH-MKT,,-45402
202605,Budget,MSL,Central,OH-MKT,,-27241
202605,Budget,PRJ,Central,OH-MKT,,-18161
202605,Budget,LLP,Central,OH-PROF,,-22701
202605,Budget,MSL,Central,OH-PROF,,-13621
202605,Budget,PRJ,Central,OH-PROF,,-9080
202605,Budget,LLP,Central,OH-OTHER,,-50447
202605,Budget,MSL,Central,OH-OTHER,,-30268
202605,Budget,PRJ,Central,OH-OTHER,,-20179
202606,Actual,MSL,Managed Services,REV-MAN,Peverel Group,640000
202606,Actual,MSL,Managed Services,DC-STAFF,Peverel Group,276674
202606,Actual,MSL,Managed Services,DC-SUBS,Peverel Group,-80020
202606,Actual,MSL,Managed Services,DC-EXP,Peverel Group,-20760
202606,Actual,MSL,Managed Services,REV-MAN,Castleton Retail,520000
202606,Actual,MSL,Managed Services,DC-STAFF,Castleton Retail,-224798
202606,Actual,MSL,Managed Services,DC-SUBS,Castleton Retail,-65017
202606,Actual,MSL,Managed Services,DC-EXP,Castleton Retail,-16867
202606,Actual,MSL,Managed Services,REV-MAN,Trentham Group,300000
202606,Actual,MSL,Managed Services,DC-STAFF,Trentham Group,-129691
202606,Actual,MSL,Managed Services,DC-SUBS,Trentham Group,-37510
202606,Actual,MSL,Managed Services,DC-EXP,Trentham Group,-9731
202606,Actual,MSL,Managed Services,REV-MAN,Nyle Distribution,180000
202606,Actual,MSL,Managed Services,DC-STAFF,Nyle Distribution,-77815
202606,Actual,MSL,Managed Services,DC-SUBS,Nyle Distribution,-22506
202606,Actual,MSL,Managed Services,DC-EXP,Nyle Distribution,-5839
202606,Actual,MSL,Managed Services,REV-MAN,Ashfield Care,120000
202606,Actual,MSL,Managed Services,DC-STAFF,Ashfield Care,-51876
202606,Actual,MSL,Managed Services,DC-SUBS,Ashfield Care,-15004
202606,Actual,MSL,Managed Services,DC-EXP,Ashfield Care,-3892
202606,Actual,LLP,Advisory,REV-ADV,Oakline Foods,415000
202606,Actual,LLP,Advisory,DC-STAFF,Oakline Foods,-176330
202606,Actual,LLP,Advisory,DC-SUBS,Oakline Foods,-50999
202606,Actual,LLP,Advisory,DC-EXP,Oakline Foods,-13231
202606,Actual,LLP,Advisory,REV-ADV,Bramwell Media,360000
202606,Actual,LLP,Advisory,DC-STAFF,Bramwell Media,-152961
202606,Actual,LLP,Advisory,DC-SUBS,Bramwell Media,-44240
202606,Actual,LLP,Advisory,DC-EXP,Bramwell Media,-11477
202606,Actual,LLP,Advisory,REV-ADV,Marrow Klein,235000
202606,Actual,LLP,Advisory,DC-STAFF,Marrow Klein,-99850
202606,Actual,LLP,Advisory,DC-SUBS,Marrow Klein,-28879
202606,Actual,LLP,Advisory,DC-EXP,Marrow Klein,-7492
202606,Actual,LLP,Advisory,REV-ADV,Vantis Retail,170000
202606,Actual,LLP,Advisory,DC-STAFF,Vantis Retail,-72232
202606,Actual,LLP,Advisory,DC-SUBS,Vantis Retail,-20891
202606,Actual,LLP,Advisory,DC-EXP,Vantis Retail,-5420
202606,Actual,PRJ,Projects,REV-PRJ,Harding & Co,470000
202606,Actual,PRJ,Projects,DC-STAFF,Harding & Co,-235351
202606,Actual,PRJ,Projects,DC-SUBS,Harding & Co,-68069
202606,Actual,PRJ,Projects,DC-EXP,Harding & Co,-17659
202606,Actual,PRJ,Projects,REV-PRJ,Delphi Works,240000
202606,Actual,PRJ,Projects,DC-STAFF,Delphi Works,-120179
202606,Actual,PRJ,Projects,DC-SUBS,Delphi Works,-34758
202606,Actual,PRJ,Projects,DC-EXP,Delphi Works,-9018
202606,Actual,PRJ,Projects,REV-PRJ,Corven Group,180000
202606,Actual,PRJ,Projects,DC-STAFF,Corven Group,-90134
202606,Actual,PRJ,Projects,DC-SUBS,Corven Group,-26069
202606,Actual,PRJ,Projects,DC-EXP,Corven Group,-6763
202606,Actual,LLP,Support,REV-SUP,Kelby Foods,150000
202606,Actual,LLP,Support,DC-STAFF,Kelby Foods,-77038
202606,Actual,LLP,Support,DC-SUBS,Kelby Foods,-22281
202606,Actual,LLP,Support,DC-EXP,Kelby Foods,-5780
202606,Actual,LLP,Support,REV-SUP,Ashfield Care,110000
202606,Actual,LLP,Support,DC-STAFF,Ashfield Care,-56495
202606,Actual,LLP,Support,DC-SUBS,Ashfield Care,-16340
202606,Actual,LLP,Support,DC-EXP,Ashfield Care,-4239
202606,Actual,LLP,Support,REV-SUP,Nyle Distribution,100000
202606,Actual,LLP,Support,DC-STAFF,Nyle Distribution,-51359
202606,Actual,LLP,Support,DC-SUBS,Nyle Distribution,-14854
202606,Actual,LLP,Support,DC-EXP,Nyle Distribution,-3854
202606,Actual,LLP,Support,REV-SUP,Castleton Retail,91000
202606,Actual,LLP,Support,DC-STAFF,Castleton Retail,-46736
202606,Actual,LLP,Support,DC-SUBS,Castleton Retail,-13517
202606,Actual,LLP,Support,DC-EXP,Castleton Retail,-3507
202606,Actual,LLP,Central,OH-ADMIN,,-280000
202606,Actual,MSL,Central,OH-ADMIN,,-168000
202606,Actual,PRJ,Central,OH-ADMIN,,-112000
202606,Actual,LLP,Central,OH-PREM,,-90000
202606,Actual,MSL,Central,OH-PREM,,-54000
202606,Actual,PRJ,Central,OH-PREM,,-36000
202606,Actual,LLP,Central,OH-TECH,,-72500
202606,Actual,MSL,Central,OH-TECH,,-43500
202606,Actual,PRJ,Central,OH-TECH,,-29000
202606,Actual,LLP,Central,OH-MKT,,-30000
202606,Actual,MSL,Central,OH-MKT,,-18000
202606,Actual,PRJ,Central,OH-MKT,,-12000
202606,Actual,LLP,Central,OH-PROF,,-15000
202606,Actual,MSL,Central,OH-PROF,,-9000
202606,Actual,PRJ,Central,OH-PROF,,-6000
202606,Actual,LLP,Central,OH-DEP,,-12500
202606,Actual,MSL,Central,OH-DEP,,-7500
202606,Actual,PRJ,Central,OH-DEP,,-5000
202606,Actual,LLP,Central,OH-OTHER,,-11500
202606,Actual,MSL,Central,OH-OTHER,,-6900
202606,Actual,PRJ,Central,OH-OTHER,,-4600
202606,Budget,MSL,Managed Services,REV-MAN,Peverel Group,690909
202606,Budget,MSL,Managed Services,DC-STAFF,Peverel Group,-293733
202606,Budget,MSL,Managed Services,DC-SUBS,Peverel Group,-84954
202606,Budget,MSL,Managed Services,DC-EXP,Peverel Group,-22040
202606,Budget,MSL,Managed Services,REV-MAN,Castleton Retail,561364
202606,Budget,MSL,Managed Services,DC-STAFF,Castleton Retail,-238658
202606,Budget,MSL,Managed Services,DC-SUBS,Castleton Retail,-69025
202606,Budget,MSL,Managed Services,DC-EXP,Castleton Retail,-17907
202606,Budget,MSL,Managed Services,REV-MAN,Trentham Group,323864
202606,Budget,MSL,Managed Services,DC-STAFF,Trentham Group,-137687
202606,Budget,MSL,Managed Services,DC-SUBS,Trentham Group,-39822
202606,Budget,MSL,Managed Services,DC-EXP,Trentham Group,-10331
202606,Budget,MSL,Managed Services,REV-MAN,Nyle Distribution,194318
202606,Budget,MSL,Managed Services,DC-STAFF,Nyle Distribution,-82612
202606,Budget,MSL,Managed Services,DC-SUBS,Nyle Distribution,-23893
202606,Budget,MSL,Managed Services,DC-EXP,Nyle Distribution,-6199
202606,Budget,MSL,Managed Services,REV-MAN,Ashfield Care,129545
202606,Budget,MSL,Managed Services,DC-STAFF,Ashfield Care,-55075
202606,Budget,MSL,Managed Services,DC-SUBS,Ashfield Care,-15929
202606,Budget,MSL,Managed Services,DC-EXP,Ashfield Care,-4132
202606,Budget,LLP,Advisory,REV-ADV,Oakline Foods,448411
202606,Budget,LLP,Advisory,DC-STAFF,Oakline Foods,-187415
202606,Budget,LLP,Advisory,DC-SUBS,Oakline Foods,-54205
202606,Budget,LLP,Advisory,DC-EXP,Oakline Foods,-14063
202606,Budget,LLP,Advisory,REV-ADV,Bramwell Media,388983
202606,Budget,LLP,Advisory,DC-STAFF,Bramwell Media,-162577
202606,Budget,LLP,Advisory,DC-SUBS,Bramwell Media,-47021
202606,Budget,LLP,Advisory,DC-EXP,Bramwell Media,-12199
202606,Budget,LLP,Advisory,REV-ADV,Marrow Klein,253919
202606,Budget,LLP,Advisory,DC-STAFF,Marrow Klein,-106127
202606,Budget,LLP,Advisory,DC-SUBS,Marrow Klein,-30694
202606,Budget,LLP,Advisory,DC-EXP,Marrow Klein,-7963
202606,Budget,LLP,Advisory,REV-ADV,Vantis Retail,183686
202606,Budget,LLP,Advisory,DC-STAFF,Vantis Retail,-76772
202606,Budget,LLP,Advisory,DC-SUBS,Vantis Retail,-22204
202606,Budget,LLP,Advisory,DC-EXP,Vantis Retail,-5761
202606,Budget,PRJ,Projects,REV-PRJ,Harding & Co,454157
202606,Budget,PRJ,Projects,DC-STAFF,Harding & Co,-212899
202606,Budget,PRJ,Projects,DC-SUBS,Harding & Co,-61575
202606,Budget,PRJ,Projects,DC-EXP,Harding & Co,-15975
202606,Budget,PRJ,Projects,REV-PRJ,Delphi Works,231910
202606,Budget,PRJ,Projects,DC-STAFF,Delphi Works,-108715
202606,Budget,PRJ,Projects,DC-SUBS,Delphi Works,-31443
202606,Budget,PRJ,Projects,DC-EXP,Delphi Works,-8157
202606,Budget,PRJ,Projects,REV-PRJ,Corven Group,173933
202606,Budget,PRJ,Projects,DC-STAFF,Corven Group,-81536
202606,Budget,PRJ,Projects,DC-SUBS,Corven Group,-23582
202606,Budget,PRJ,Projects,DC-EXP,Corven Group,-6118
202606,Budget,LLP,Support,REV-SUP,Kelby Foods,154656
202606,Budget,LLP,Support,DC-STAFF,Kelby Foods,-78257
202606,Budget,LLP,Support,DC-SUBS,Kelby Foods,-22634
202606,Budget,LLP,Support,DC-EXP,Kelby Foods,-5872
202606,Budget,LLP,Support,REV-SUP,Ashfield Care,113415
202606,Budget,LLP,Support,DC-STAFF,Ashfield Care,-57389
202606,Budget,LLP,Support,DC-SUBS,Ashfield Care,-16598
202606,Budget,LLP,Support,DC-EXP,Ashfield Care,-4306
202606,Budget,LLP,Support,REV-SUP,Nyle Distribution,103104
202606,Budget,LLP,Support,DC-STAFF,Nyle Distribution,-52171
202606,Budget,LLP,Support,DC-SUBS,Nyle Distribution,-15089
202606,Budget,LLP,Support,DC-EXP,Nyle Distribution,-3915
202606,Budget,LLP,Support,REV-SUP,Castleton Retail,93825
202606,Budget,LLP,Support,DC-STAFF,Castleton Retail,-47476
202606,Budget,LLP,Support,DC-SUBS,Castleton Retail,-13731
202606,Budget,LLP,Support,DC-EXP,Castleton Retail,-3562
202606,Budget,LLP,Central,OH-ADMIN,,-260000
202606,Budget,MSL,Central,OH-ADMIN,,-156000
202606,Budget,PRJ,Central,OH-ADMIN,,-104000
202606,Budget,LLP,Central,OH-PREM,,-87500
202606,Budget,MSL,Central,OH-PREM,,-52500
202606,Budget,PRJ,Central,OH-PREM,,-35000
202606,Budget,LLP,Central,OH-TECH,,-75000
202606,Budget,MSL,Central,OH-TECH,,-45000
202606,Budget,PRJ,Central,OH-TECH,,-30000
202606,Budget,LLP,Central,OH-MKT,,-45000
202606,Budget,MSL,Central,OH-MKT,,-27000
202606,Budget,PRJ,Central,OH-MKT,,-18000
202606,Budget,LLP,Central,OH-PROF,,-22500
202606,Budget,MSL,Central,OH-PROF,,-13500
202606,Budget,PRJ,Central,OH-PROF,,-9000
202606,Budget,LLP,Central,OH-OTHER,,-50000
202606,Budget,MSL,Central,OH-OTHER,,-30000
202606,Budget,PRJ,Central,OH-OTHER,,-20000
202606,Actual,MSL,Managed Services,REV-MAN,Peverel Group,640000
202606,Actual,MSL,Managed Services,REV-MAN,Castleton Retail,520000
202606,Actual,MSL,Managed Services,REV-MAN,Trentham Group,300000
202606,Actual,MSL,Managed Services,REV-MAN,Nyle Distribution,180000
202606,Actual,MSL,Managed Services,REV-MAN,Ashfield Care,120000
202606,Actual,LLP,Advisory,REV-ADV,Oakline Foods,415000
202606,Actual,LLP,Central,OH-OTHER,,0.5743119486607611
202606,Actual,LLP,Central,OH-OTHER,,-0.27334425025619563
202606,Actual,LLP,Central,OH-OTHER,,0.012922294065356254
202606,Actual,LLP,Central,OH-OTHER,,-0.2512636029627174
